C:\Users\NoahR\OneDrive\Desktop\Jarvis\tools\dotnet\sdk\8.0.400\MSBuild.dll -nologo -consoleloggerparameters:Summary -distributedlogger:Microsoft.DotNet.Tools.MSBuild.MSBuildLogger,C:\Users\NoahR\OneDrive\Desktop\Jarvis\tools\dotnet\sdk\8.0.400\dotnet.dll*Microsoft.DotNet.Tools.MSBuild.MSBuildForwardingLogger,C:\Users\NoahR\OneDrive\Desktop\Jarvis\tools\dotnet\sdk\8.0.400\dotnet.dll -maxcpucount -property:Configuration=Debug -restore -verbosity:m -verbosity:diag Jarvis.sln
Build started 4/17/2026 9:01:44 PM.
Environment at start of build:
DOTNET_HOST_PATH = C:\Users\NoahR\OneDrive\Desktop\Jarvis\tools\dotnet\dotnet.exe
MSBuildExtensionsPath = C:\Users\NoahR\OneDrive\Desktop\Jarvis\tools\dotnet\sdk\8.0.400\
DOTNET_MULTILEVEL_LOOKUP = 0
DOTNET_CLI_TELEMETRY_SESSIONID = 53639a73-61c7-4639-ac08-c5ef9b1528ed
MSBuildLoadMicrosoftTargetsReadOnly = true
MSBUILDFAILONDRIVEENUMERATINGWILDCARD = 1
MSBUILDUSESERVER = 0
MSBuildSDKsPath = C:\Users\NoahR\OneDrive\Desktop\Jarvis\tools\dotnet\sdk\8.0.400\Sdks

21:01:44.274     0>Process = "C:\Users\NoahR\OneDrive\Desktop\Jarvis\tools\dotnet\dotnet.exe"
                   MSBuild executable path = "C:\Users\NoahR\OneDrive\Desktop\Jarvis\tools\dotnet\sdk\8.0.400\MSBuild.dll"
                   Command line arguments = "C:\Users\NoahR\OneDrive\Desktop\Jarvis\tools\dotnet\sdk\8.0.400\MSBuild.dll -maxcpucount -verbosity:m -nologo -restore -consoleloggerparameters:Summary -property:Configuration=Debug -verbosity:diag Jarvis.sln -distributedlogger:Microsoft.DotNet.Tools.MSBuild.MSBuildLogger,C:\Users\NoahR\OneDrive\Desktop\Jarvis\tools\dotnet\sdk\8.0.400\dotnet.dll*Microsoft.DotNet.Tools.MSBuild.MSBuildForwardingLogger,C:\Users\NoahR\OneDrive\Desktop\Jarvis\tools\dotnet\sdk\8.0.400\dotnet.dll"
                   Current directory = "C:\Users\NoahR\OneDrive\Desktop\Jarvis"
                   MSBuild version = "17.11.3+0c8610977"
                   Based on the Windows registry key LongPathsEnabled, the LongPaths feature is enabled.
                   Assembly loaded during Evaluation: Microsoft.NET.StringTools, Version=1.0.0.0, Culture=neutral, PublicKeyToken=b03f5f7f11d50a3a (location: C:\Users\NoahR\OneDrive\Desktop\Jarvis\tools\dotnet\sdk\8.0.400\Microsoft.NET.StringTools.dll, MVID: 34afc25a-bd2b-4096-909b-efbfc6d9c9d0, AssemblyLoadContext: Default)
                   Property 'MSBuildExtensionsPath' with value 'C:\Users\NoahR\OneDrive\Desktop\Jarvis\tools\dotnet\sdk\8.0.400\' expanded from the environment.
                   Assembly loaded during Evaluation: System.Threading.Tasks.Parallel, Version=8.0.0.0, Culture=neutral, PublicKeyToken=b03f5f7f11d50a3a (location: C:\Users\NoahR\OneDrive\Desktop\Jarvis\tools\dotnet\shared\Microsoft.NETCore.App\8.0.8\System.Threading.Tasks.Parallel.dll, MVID: aa48ebbb-b1e6-4e00-999c-c53e62ee7cba, AssemblyLoadContext: Default)
                   Assembly loaded during Evaluation: System.Security.Cryptography.Algorithms, Version=8.0.0.0, Culture=neutral, PublicKeyToken=b03f5f7f11d50a3a (location: C:\Users\NoahR\OneDrive\Desktop\Jarvis\tools\dotnet\shared\Microsoft.NETCore.App\8.0.8\System.Security.Cryptography.Algorithms.dll, MVID: 35d0165e-7fe5-45a3-86b4-80b049c138eb, AssemblyLoadContext: Default)
                   Assembly loaded during Evaluation: System.Security.Cryptography.Primitives, Version=8.0.0.0, Culture=neutral, PublicKeyToken=b03f5f7f11d50a3a (location: C:\Users\NoahR\OneDrive\Desktop\Jarvis\tools\dotnet\shared\Microsoft.NETCore.App\8.0.8\System.Security.Cryptography.Primitives.dll, MVID: 43a152f4-5707-4dbe-bc93-c5e5c9a019df, AssemblyLoadContext: Default)
                   Assembly loaded during Evaluation: System.IO.FileSystem, Version=8.0.0.0, Culture=neutral, PublicKeyToken=b03f5f7f11d50a3a (location: C:\Users\NoahR\OneDrive\Desktop\Jarvis\tools\dotnet\shared\Microsoft.NETCore.App\8.0.8\System.IO.FileSystem.dll, MVID: 11111b53-e329-477a-91db-f14fda493ded, AssemblyLoadContext: Default)
                   Assembly loaded during Evaluation: System.Security.Cryptography.X509Certificates, Version=8.0.0.0, Culture=neutral, PublicKeyToken=b03f5f7f11d50a3a (location: C:\Users\NoahR\OneDrive\Desktop\Jarvis\tools\dotnet\shared\Microsoft.NETCore.App\8.0.8\System.Security.Cryptography.X509Certificates.dll, MVID: 6f776a22-6695-4275-80ad-6135005da2c9, AssemblyLoadContext: Default)
                   Assembly loaded during Evaluation: NuGet.Packaging, Version=6.11.0.122, Culture=neutral, PublicKeyToken=31bf3856ad364e35 (location: C:\Users\NoahR\OneDrive\Desktop\Jarvis\tools\dotnet\sdk\8.0.400\NuGet.Packaging.dll, MVID: e836e49c-02f6-4a3e-a59d-f1ce821d2d90, AssemblyLoadContext: Default)
                   Property reassignment: $(_GenerateRestoreGraphProjectEntryInputProperties)="
                         ExcludeRestorePackageImports=true;
                         _RestoreSolutionFileUsed=true;
                         SolutionDir=C:\Users\NoahR\OneDrive\Desktop\Jarvis\;
                         SolutionName=Jarvis;
                         SolutionFileName=Jarvis.sln;
                         SolutionPath=C:\Users\NoahR\OneDrive\Desktop\Jarvis\Jarvis.sln;
                         SolutionExt=.sln;
                       " (previous value: "ExcludeRestorePackageImports=true") at C:\Users\NoahR\OneDrive\Desktop\Jarvis\tools\dotnet\sdk\8.0.400\NuGet.targets (101,5)
                   Overriding target "Restore" in project "C:\Users\NoahR\OneDrive\Desktop\Jarvis\Jarvis.sln.metaproj" with target "Restore" from project "C:\Users\NoahR\OneDrive\Desktop\Jarvis\tools\dotnet\sdk\8.0.400\NuGet.targets".
                   The target "Store" listed in a BeforeTargets attribute at "C:\Users\NoahR\OneDrive\Desktop\Jarvis\tools\dotnet\sdk\8.0.400\Current\SolutionFile\ImportAfter\Microsoft.NET.Sdk.Solution.targets (33,11)" does not exist in the project, and will be ignored.
                   The target "VSTest" listed in a BeforeTargets attribute at "C:\Users\NoahR\OneDrive\Desktop\Jarvis\tools\dotnet\sdk\8.0.400\Current\SolutionFile\ImportAfter\Microsoft.NET.Sdk.Solution.targets (33,11)" does not exist in the project, and will be ignored.
                   The target "_CheckForInvalidConfigurationAndPlatform" listed in a BeforeTargets attribute at "C:\Users\NoahR\OneDrive\Desktop\Jarvis\tools\dotnet\sdk\8.0.400\NuGet.targets (667,11)" does not exist in the project, and will be ignored.
21:01:44.387     0>Initial Properties:
                   _DirectorySolutionPropsBasePath = 
                   _DirectorySolutionPropsFile = Directory.Solution.props
                   _DirectorySolutionTargetsBasePath = 
                   _DirectorySolutionTargetsFile = Directory.Solution.targets
                   _GenerateRestoreGraphProjectEntryInputProperties = 
                         ExcludeRestorePackageImports=true;
                         _RestoreSolutionFileUsed=true;
                         SolutionDir=C:\Users\NoahR\OneDrive\Desktop\Jarvis\;
                         SolutionName=Jarvis;
                         SolutionFileName=Jarvis.sln;
                         SolutionPath=C:\Users\NoahR\OneDrive\Desktop\Jarvis\Jarvis.sln;
                         SolutionExt=.sln;
                       
                   _RestoreSolutionFileUsed = true
                   AspNetConfiguration = Debug
                   Configuration = Debug
                   CurrentSolutionConfigurationContents = <SolutionConfiguration>
                     <ProjectConfiguration Project="{66ABF665-9EB4-45B3-BA63-6E4BB26B35C7}" AbsolutePath="C:\Users\NoahR\OneDrive\Desktop\Jarvis\src\Jarvis.Core\Jarvis.Core.csproj" BuildProjectInSolution="True">Debug|AnyCPU</ProjectConfiguration>
                     <ProjectConfiguration Project="{D4B49CE1-3EF3-4F7C-ACE4-B4095CEDF721}" AbsolutePath="C:\Users\NoahR\OneDrive\Desktop\Jarvis\src\Jarvis.App\Jarvis.App.csproj" BuildProjectInSolution="True">Debug|AnyCPU</ProjectConfiguration>
                   </SolutionConfiguration>
                   DefaultImplicitPackages = Microsoft.NETCore.App;NETStandard.Library
                   DOTNET_CLI_TELEMETRY_SESSIONID = 53639a73-61c7-4639-ac08-c5ef9b1528ed
                   DOTNET_HOST_PATH = C:\Users\NoahR\OneDrive\Desktop\Jarvis\tools\dotnet\dotnet.exe
                   DOTNET_MULTILEVEL_LOOKUP = 0
                   DotnetCliToolTargetFramework = netcoreapp2.2
                   GetReferenceNearestTargetFrameworkTaskSupportsTargetPlatformParameter = true
                   HideWarningsAndErrors = false
                   IsRestoreTargetsFileLoaded = true
                   MicrosoftNETBuildTasksAssembly = C:\Users\NoahR\OneDrive\Desktop\Jarvis\tools\dotnet\sdk\8.0.400\Sdks\Microsoft.NET.Sdk\targets\..\tools\net8.0\Microsoft.NET.Build.Tasks.dll
                   MicrosoftNETBuildTasksDirectory = C:\Users\NoahR\OneDrive\Desktop\Jarvis\tools\dotnet\sdk\8.0.400\Sdks\Microsoft.NET.Sdk\targets\..\tools\net8.0\
                   MicrosoftNETBuildTasksDirectoryRoot = C:\Users\NoahR\OneDrive\Desktop\Jarvis\tools\dotnet\sdk\8.0.400\Sdks\Microsoft.NET.Sdk\targets\..\tools\
                   MicrosoftNETBuildTasksTFM = net8.0
                   MSBuildAllProjects = C:\Users\NoahR\OneDrive\Desktop\Jarvis\tools\dotnet\sdk\8.0.400\Current\SolutionFile\ImportAfter\Microsoft.NET.Sdk.Solution.targets
                   MSBuildAssemblyVersion = 17.0
                   MSBuildBinPath = C:\Users\NoahR\OneDrive\Desktop\Jarvis\tools\dotnet\sdk\8.0.400
                   MSBuildDisableFeaturesFromVersion = 999.999
                   MSBuildExtensionsPath = C:\Users\NoahR\OneDrive\Desktop\Jarvis\tools\dotnet\sdk\8.0.400\
                   MSBuildExtensionsPath32 = C:\Users\NoahR\OneDrive\Desktop\Jarvis\tools\dotnet\sdk\8.0.400
                   MSBuildExtensionsPath64 = C:\Users\NoahR\OneDrive\Desktop\Jarvis\tools\dotnet\sdk\8.0.400
                   MSBUILDFAILONDRIVEENUMERATINGWILDCARD = 1
                   MSBuildFileVersion = 17.11.3.35201
                   MSBuildIsRestoring = True
                   MSBuildLoadMicrosoftTargetsReadOnly = true
                   MSBuildNodeCount = 1
                   MSBuildProgramFiles32 = C:\Program Files (x86)
                   MSBuildProjectDefaultTargets = Build
                   MSBuildProjectDirectory = C:\Users\NoahR\OneDrive\Desktop\Jarvis
                   MSBuildProjectDirectoryNoRoot = Users\NoahR\OneDrive\Desktop\Jarvis
                   MSBuildProjectExtension = .metaproj
                   MSBuildProjectFile = Jarvis.sln.metaproj
                   MSBuildProjectFullPath = C:\Users\NoahR\OneDrive\Desktop\Jarvis\Jarvis.sln.metaproj
                   MSBuildProjectName = Jarvis.sln
                   MSBuildRestoreSessionId = 7da0b5e2-5104-46c9-9c2b-8c21faf1559e
                   MSBuildRuntimeType = Core
                   MSBuildSDKsPath = C:\Users\NoahR\OneDrive\Desktop\Jarvis\tools\dotnet\sdk\8.0.400\Sdks
                   MSBuildSemanticVersion = 17.11.3+0c8610977
                   MSBuildStartupDirectory = C:\Users\NoahR\OneDrive\Desktop\Jarvis
                   MSBuildToolsPath = C:\Users\NoahR\OneDrive\Desktop\Jarvis\tools\dotnet\sdk\8.0.400
                   MSBuildToolsVersion = Current
                   MSBuildUserExtensionsPath = C:\Users\NoahR\AppData\Local\Microsoft\MSBuild
                   MSBUILDUSESERVER = 0
                   MSBuildVersion = 17.11.3
                   NuGetAudit = true
                   NuGetAuditLevel = low
                   NuGetAuditMode = direct
                   NuGetInteractive = 
                   NuGetRestoreTargets = C:\Users\NoahR\OneDrive\Desktop\Jarvis\tools\dotnet\sdk\8.0.400\\NuGet.targets
                   PackageDownloadSupported = true
                   Platform = Any CPU
                   RestoreBuildInParallel = true
                   RestoreContinueOnError = WarnAndContinue
                   RestoreRecursive = true
                   RestoreTaskAssemblyFile = NuGet.Build.Tasks.dll
                   RestoreUseSkipNonexistentTargets = true
                   RoslynTargetsPath = C:\Users\NoahR\OneDrive\Desktop\Jarvis\tools\dotnet\sdk\8.0.400\Roslyn
                   SolutionDir = C:\Users\NoahR\OneDrive\Desktop\Jarvis\
                   SolutionExt = .sln
                   SolutionFileName = Jarvis.sln
                   SolutionName = Jarvis
                   SolutionPath = C:\Users\NoahR\OneDrive\Desktop\Jarvis\Jarvis.sln
                   TargetFrameworkVersion = v4.0
                   ValidateRuntimeIdentifierCompatibility = false
                   VisualStudioVersion = 17.0

21:01:44.387     0>Initial Items:
                   ProjectReference
                       C:\Users\NoahR\OneDrive\Desktop\Jarvis\src\Jarvis.App\Jarvis.App.csproj
                           AdditionalProperties = Configuration=Debug; Platform=AnyCPU
                           Platform = AnyCPU
                           Configuration = Debug
                           ToolsVersion = 
                           SkipNonexistentProjects = False
                       C:\Users\NoahR\OneDrive\Desktop\Jarvis\src\Jarvis.Core\Jarvis.Core.csproj
                           AdditionalProperties = Configuration=Debug; Platform=AnyCPU
                           Platform = AnyCPU
                           Configuration = Debug
                           ToolsVersion = 
                           SkipNonexistentProjects = False
                   SolutionConfiguration
                       Debug|Any CPU
                           Content = <SolutionConfiguration>
                     <ProjectConfiguration Project="{66ABF665-9EB4-45B3-BA63-6E4BB26B35C7}" AbsolutePath="C:\Users\NoahR\OneDrive\Desktop\Jarvis\src\Jarvis.Core\Jarvis.Core.csproj" BuildProjectInSolution="True">Debug|AnyCPU</ProjectConfiguration>
                     <ProjectConfiguration Project="{D4B49CE1-3EF3-4F7C-ACE4-B4095CEDF721}" AbsolutePath="C:\Users\NoahR\OneDrive\Desktop\Jarvis\src\Jarvis.App\Jarvis.App.csproj" BuildProjectInSolution="True">Debug|AnyCPU</ProjectConfiguration>
                   </SolutionConfiguration>
                           Platform = Any CPU
                           Configuration = Debug
                       Release|Any CPU
                           Content = <SolutionConfiguration>
                     <ProjectConfiguration Project="{66ABF665-9EB4-45B3-BA63-6E4BB26B35C7}" AbsolutePath="C:\Users\NoahR\OneDrive\Desktop\Jarvis\src\Jarvis.Core\Jarvis.Core.csproj" BuildProjectInSolution="True">Release|AnyCPU</ProjectConfiguration>
                     <ProjectConfiguration Project="{D4B49CE1-3EF3-4F7C-ACE4-B4095CEDF721}" AbsolutePath="C:\Users\NoahR\OneDrive\Desktop\Jarvis\src\Jarvis.App\Jarvis.App.csproj" BuildProjectInSolution="True">Release|AnyCPU</ProjectConfiguration>
                   </SolutionConfiguration>
                           Platform = Any CPU
                           Configuration = Release

21:01:44.402     1>Project "C:\Users\NoahR\OneDrive\Desktop\Jarvis\Jarvis.sln" on node 1 (Restore target(s)).
21:01:44.405     1>Target "ValidateSolutionConfiguration: (TargetId:2)" in file "C:\Users\NoahR\OneDrive\Desktop\Jarvis\Jarvis.sln.metaproj" from project "C:\Users\NoahR\OneDrive\Desktop\Jarvis\Jarvis.sln" (entry point):
21:01:44.406     1>Task "Error" skipped, due to false condition; (('$(CurrentSolutionConfigurationContents)' == '') and ('$(SkipInvalidConfigurations)' != 'true')) was evaluated as (('<SolutionConfiguration>
  <ProjectConfiguration Project="{66ABF665-9EB4-45B3-BA63-6E4BB26B35C7}" AbsolutePath="C:\Users\NoahR\OneDrive\Desktop\Jarvis\src\Jarvis.Core\Jarvis.Core.csproj" BuildProjectInSolution="True">Debug|AnyCPU</ProjectConfiguration>
  <ProjectConfiguration Project="{D4B49CE1-3EF3-4F7C-ACE4-B4095CEDF721}" AbsolutePath="C:\Users\NoahR\OneDrive\Desktop\Jarvis\src\Jarvis.App\Jarvis.App.csproj" BuildProjectInSolution="True">Debug|AnyCPU</ProjectConfiguration>
</SolutionConfiguration>' == '') and ('' != 'true')).
                   Task "Warning" skipped, due to false condition; (('$(CurrentSolutionConfigurationContents)' == '') and ('$(SkipInvalidConfigurations)' == 'true')) was evaluated as (('<SolutionConfiguration>
                     <ProjectConfiguration Project="{66ABF665-9EB4-45B3-BA63-6E4BB26B35C7}" AbsolutePath="C:\Users\NoahR\OneDrive\Desktop\Jarvis\src\Jarvis.Core\Jarvis.Core.csproj" BuildProjectInSolution="True">Debug|AnyCPU</ProjectConfiguration>
                     <ProjectConfiguration Project="{D4B49CE1-3EF3-4F7C-ACE4-B4095CEDF721}" AbsolutePath="C:\Users\NoahR\OneDrive\Desktop\Jarvis\src\Jarvis.App\Jarvis.App.csproj" BuildProjectInSolution="True">Debug|AnyCPU</ProjectConfiguration>
                   </SolutionConfiguration>' == '') and ('' == 'true')).
                   Using "Message" task from assembly "Microsoft.Build.Tasks.Core, Version=15.1.0.0, Culture=neutral, PublicKeyToken=b03f5f7f11d50a3a".
                   Task "Message" (TaskId:2)
                     Task Parameter:Text=Building solution configuration "Debug|Any CPU". (TaskId:2)
                     Building solution configuration "Debug|Any CPU". (TaskId:2)
                   Done executing task "Message". (TaskId:2)
21:01:44.418     1>Done building target "ValidateSolutionConfiguration" in project "Jarvis.sln".: (TargetId:2)
21:01:44.419     1>Target "ValidateToolsVersions: (TargetId:3)" in file "C:\Users\NoahR\OneDrive\Desktop\Jarvis\Jarvis.sln.metaproj" from project "C:\Users\NoahR\OneDrive\Desktop\Jarvis\Jarvis.sln" (entry point):
                   Task "Error" skipped, due to false condition; ('$(MSBuildToolsVersion)' == '2.0' and ('$(ProjectToolsVersion)' != '2.0' and '$(ProjectToolsVersion)' != '')) was evaluated as ('Current' == '2.0' and ('' != '2.0' and '' != '')).
21:01:44.419     1>Done building target "ValidateToolsVersions" in project "Jarvis.sln".: (TargetId:3)
21:01:44.419     1>Target "ValidateProjects: (TargetId:4)" in file "C:\Users\NoahR\OneDrive\Desktop\Jarvis\Jarvis.sln.metaproj" from project "C:\Users\NoahR\OneDrive\Desktop\Jarvis\Jarvis.sln" (entry point):
21:01:44.419     1>Done building target "ValidateProjects" in project "Jarvis.sln".: (TargetId:4)
21:01:44.419     1>Target "_LoadRestoreGraphEntryPoints: (TargetId:5)" in file "C:\Users\NoahR\OneDrive\Desktop\Jarvis\tools\dotnet\sdk\8.0.400\NuGet.targets" from project "C:\Users\NoahR\OneDrive\Desktop\Jarvis\Jarvis.sln" (target "_FilterRestoreGraphProjectInputItems" depends on it):
                   Assembly loaded during TaskRun: NuGet.Build.Tasks, Version=6.11.0.122, Culture=neutral, PublicKeyToken=31bf3856ad364e35 (location: C:\Users\NoahR\OneDrive\Desktop\Jarvis\tools\dotnet\sdk\8.0.400\NuGet.Build.Tasks.dll, MVID: 4d404562-f83a-4395-9811-c805633a12f0, AssemblyLoadContext: MSBuild plugin C:\Users\NoahR\OneDrive\Desktop\Jarvis\tools\dotnet\sdk\8.0.400\NuGet.Build.Tasks.dll)
                   Assembly loaded during TaskRun: NuGet.Common, Version=6.11.0.122, Culture=neutral, PublicKeyToken=31bf3856ad364e35 (location: C:\Users\NoahR\OneDrive\Desktop\Jarvis\tools\dotnet\sdk\8.0.400\NuGet.Common.dll, MVID: 697be56d-9006-4c0a-b9a6-da909188ab01, AssemblyLoadContext: MSBuild plugin C:\Users\NoahR\OneDrive\Desktop\Jarvis\tools\dotnet\sdk\8.0.400\NuGet.Build.Tasks.dll)
                   Assembly loaded during TaskRun: NuGet.Commands, Version=6.11.0.122, Culture=neutral, PublicKeyToken=31bf3856ad364e35 (location: C:\Users\NoahR\OneDrive\Desktop\Jarvis\tools\dotnet\sdk\8.0.400\NuGet.Commands.dll, MVID: bfe959a7-94a1-4221-b49d-10e582ed92eb, AssemblyLoadContext: MSBuild plugin C:\Users\NoahR\OneDrive\Desktop\Jarvis\tools\dotnet\sdk\8.0.400\NuGet.Build.Tasks.dll)
                   Assembly loaded during TaskRun: NuGet.ProjectModel, Version=6.11.0.122, Culture=neutral, PublicKeyToken=31bf3856ad364e35 (location: C:\Users\NoahR\OneDrive\Desktop\Jarvis\tools\dotnet\sdk\8.0.400\NuGet.ProjectModel.dll, MVID: 1cfdf709-3861-4966-acfd-bef9da616f95, AssemblyLoadContext: MSBuild plugin C:\Users\NoahR\OneDrive\Desktop\Jarvis\tools\dotnet\sdk\8.0.400\NuGet.Build.Tasks.dll)
                   Using "GetRestoreSolutionProjectsTask" task from assembly "C:\Users\NoahR\OneDrive\Desktop\Jarvis\tools\dotnet\sdk\8.0.400\NuGet.Build.Tasks.dll".
                   Task "GetRestoreSolutionProjectsTask" (TaskId:3)
                     Task Parameter:
                         ProjectReferences=
                             C:\Users\NoahR\OneDrive\Desktop\Jarvis\src\Jarvis.Core\Jarvis.Core.csproj
                                     AdditionalProperties=Configuration=Debug; Platform=AnyCPU
                                     Configuration=Debug
                                     Platform=AnyCPU
                                     SkipNonexistentProjects=False
                                     ToolsVersion=
                             C:\Users\NoahR\OneDrive\Desktop\Jarvis\src\Jarvis.App\Jarvis.App.csproj
                                     AdditionalProperties=Configuration=Debug; Platform=AnyCPU
                                     Configuration=Debug
                                     Platform=AnyCPU
                                     SkipNonexistentProjects=False
                                     ToolsVersion= (TaskId:3)
                     Task Parameter:SolutionFilePath=C:\Users\NoahR\OneDrive\Desktop\Jarvis\Jarvis.sln.metaproj (TaskId:3)
                     Output Item(s): 
                         RestoreGraphProjectInputItems=
                             C:\Users\NoahR\OneDrive\Desktop\Jarvis\src\Jarvis.Core\Jarvis.Core.csproj
                                     AdditionalProperties=Configuration=Debug; Platform=AnyCPU
                                     Configuration=Debug
                                     Platform=AnyCPU
                                     SkipNonexistentProjects=False
                                     ToolsVersion=
                             C:\Users\NoahR\OneDrive\Desktop\Jarvis\src\Jarvis.App\Jarvis.App.csproj
                                     AdditionalProperties=Configuration=Debug; Platform=AnyCPU
                                     Configuration=Debug
                                     Platform=AnyCPU
                                     SkipNonexistentProjects=False
                                     ToolsVersion= (TaskId:3)
                   Done executing task "GetRestoreSolutionProjectsTask". (TaskId:3)
21:01:44.432     1>Done building target "_LoadRestoreGraphEntryPoints" in project "Jarvis.sln".: (TargetId:5)
21:01:44.432     1>Target "_FilterRestoreGraphProjectInputItems: (TargetId:6)" in file "C:\Users\NoahR\OneDrive\Desktop\Jarvis\tools\dotnet\sdk\8.0.400\NuGet.targets" from project "C:\Users\NoahR\OneDrive\Desktop\Jarvis\Jarvis.sln" (target "_GenerateRestoreGraph" depends on it):
                   Set Property: RestoreProjectFilterMode=exclusionlist
                   Added Item(s): 
                       _FilteredRestoreGraphProjectInputItemsTmp=
                           C:\Users\NoahR\OneDrive\Desktop\Jarvis\src\Jarvis.Core\Jarvis.Core.csproj
                                   AdditionalProperties=Configuration=Debug; Platform=AnyCPU
                                   Configuration=Debug
                                   Platform=AnyCPU
                                   SkipNonexistentProjects=False
                                   ToolsVersion=
                           C:\Users\NoahR\OneDrive\Desktop\Jarvis\src\Jarvis.App\Jarvis.App.csproj
                                   AdditionalProperties=Configuration=Debug; Platform=AnyCPU
                                   Configuration=Debug
                                   Platform=AnyCPU
                                   SkipNonexistentProjects=False
                                   ToolsVersion=
                   Using "RemoveDuplicates" task from assembly "Microsoft.Build.Tasks.Core, Version=15.1.0.0, Culture=neutral, PublicKeyToken=b03f5f7f11d50a3a".
                   Task "RemoveDuplicates" (TaskId:4)
                     Task Parameter:
                         Inputs=
                             C:\Users\NoahR\OneDrive\Desktop\Jarvis\src\Jarvis.Core\Jarvis.Core.csproj
                                     AdditionalProperties=Configuration=Debug; Platform=AnyCPU
                                     Configuration=Debug
                                     Platform=AnyCPU
                                     SkipNonexistentProjects=False
                                     ToolsVersion=
                             C:\Users\NoahR\OneDrive\Desktop\Jarvis\src\Jarvis.App\Jarvis.App.csproj
                                     AdditionalProperties=Configuration=Debug; Platform=AnyCPU
                                     Configuration=Debug
                                     Platform=AnyCPU
                                     SkipNonexistentProjects=False
                                     ToolsVersion= (TaskId:4)
                     Output Item(s): 
                         FilteredRestoreGraphProjectInputItemsWithoutDuplicates=
                             C:\Users\NoahR\OneDrive\Desktop\Jarvis\src\Jarvis.Core\Jarvis.Core.csproj
                                     AdditionalProperties=Configuration=Debug; Platform=AnyCPU
                                     Configuration=Debug
                                     Platform=AnyCPU
                                     SkipNonexistentProjects=False
                                     ToolsVersion=
                             C:\Users\NoahR\OneDrive\Desktop\Jarvis\src\Jarvis.App\Jarvis.App.csproj
                                     AdditionalProperties=Configuration=Debug; Platform=AnyCPU
                                     Configuration=Debug
                                     Platform=AnyCPU
                                     SkipNonexistentProjects=False
                                     ToolsVersion= (TaskId:4)
                   Done executing task "RemoveDuplicates". (TaskId:4)
                   Using "MSBuild" task from assembly "Microsoft.Build.Tasks.Core, Version=15.1.0.0, Culture=neutral, PublicKeyToken=b03f5f7f11d50a3a".
                   Task "MSBuild" (TaskId:5)
                     Task Parameter:BuildInParallel=True (TaskId:5)
                     Task Parameter:
                         Properties=
                             ExcludeRestorePackageImports=true
                             _RestoreSolutionFileUsed=true
                             SolutionDir=C:\Users\NoahR\OneDrive\Desktop\Jarvis\
                             SolutionName=Jarvis
                             SolutionFileName=Jarvis.sln
                             SolutionPath=C:\Users\NoahR\OneDrive\Desktop\Jarvis\Jarvis.sln
                             SolutionExt=.sln (TaskId:5)
                     Task Parameter:SkipNonexistentTargets=True (TaskId:5)
                     Task Parameter:
                         Projects=
                             C:\Users\NoahR\OneDrive\Desktop\Jarvis\src\Jarvis.Core\Jarvis.Core.csproj
                                     AdditionalProperties=Configuration=Debug; Platform=AnyCPU
                                     Configuration=Debug
                                     Platform=AnyCPU
                                     SkipNonexistentProjects=False
                                     ToolsVersion=
                             C:\Users\NoahR\OneDrive\Desktop\Jarvis\src\Jarvis.App\Jarvis.App.csproj
                                     AdditionalProperties=Configuration=Debug; Platform=AnyCPU
                                     Configuration=Debug
                                     Platform=AnyCPU
                                     SkipNonexistentProjects=False
                                     ToolsVersion= (TaskId:5)
                     Task Parameter:Targets=_IsProjectRestoreSupported (TaskId:5)
                     Global Properties: (TaskId:5)
                       ExcludeRestorePackageImports=true (TaskId:5)
                       _RestoreSolutionFileUsed=true (TaskId:5)
                       SolutionDir=C:\Users\NoahR\OneDrive\Desktop\Jarvis\ (TaskId:5)
                       SolutionName=Jarvis (TaskId:5)
                       SolutionFileName=Jarvis.sln (TaskId:5)
                       SolutionPath=C:\Users\NoahR\OneDrive\Desktop\Jarvis\Jarvis.sln (TaskId:5)
                       SolutionExt=.sln (TaskId:5)
                     Additional Properties for project "C:\Users\NoahR\OneDrive\Desktop\Jarvis\src\Jarvis.Core\Jarvis.Core.csproj": (TaskId:5)
                       Configuration=Debug (TaskId:5)
                       Platform=AnyCPU (TaskId:5)
                     Additional Properties for project "C:\Users\NoahR\OneDrive\Desktop\Jarvis\src\Jarvis.App\Jarvis.App.csproj": (TaskId:5)
                       Configuration=Debug (TaskId:5)
                       Platform=AnyCPU (TaskId:5)
21:01:44.457     0>The SDK "Microsoft.NET.Sdk" was successfully resolved by the "DefaultSdkResolver" resolver to location "C:\Users\NoahR\OneDrive\Desktop\Jarvis\tools\dotnet\sdk\8.0.400\Sdks\Microsoft.NET.Sdk\Sdk" and version "".
                   Property 'MSBuildExtensionsPath' with value 'C:\Users\NoahR\OneDrive\Desktop\Jarvis\tools\dotnet\sdk\8.0.400\' expanded from the environment.
                   Property reassignment: $(MSBuildProjectExtensionsPath)="C:\Users\NoahR\OneDrive\Desktop\Jarvis\src\Jarvis.Core\obj\" (previous value: "obj\") at C:\Users\NoahR\OneDrive\Desktop\Jarvis\tools\dotnet\sdk\8.0.400\Current\Microsoft.Common.props (60,5)
                   Property 'MSBuildUserExtensionsPath' with value 'C:\Users\NoahR\AppData\Local\Microsoft\MSBuild' expanded from the environment.
                   The "Configuration" property is a global property, and cannot be modified.
                   The "Platform" property is a global property, and cannot be modified.
                   The "Configuration" property is a global property, and cannot be modified.
                   The "Platform" property is a global property, and cannot be modified.
                   Property reassignment: $(AssemblySearchPaths)="{CandidateAssemblyFiles};{HintPathFromItem}" (previous value: "{CandidateAssemblyFiles}") at C:\Users\NoahR\OneDrive\Desktop\Jarvis\tools\dotnet\sdk\8.0.400\Sdks\Microsoft.NET.Sdk\targets\Microsoft.NET.Sdk.props (91,5)
                   Property reassignment: $(AssemblySearchPaths)="{CandidateAssemblyFiles};{HintPathFromItem};{TargetFrameworkDirectory}" (previous value: "{CandidateAssemblyFiles};{HintPathFromItem}") at C:\Users\NoahR\OneDrive\Desktop\Jarvis\tools\dotnet\sdk\8.0.400\Sdks\Microsoft.NET.Sdk\targets\Microsoft.NET.Sdk.props (92,5)
                   Property reassignment: $(AssemblySearchPaths)="{CandidateAssemblyFiles};{HintPathFromItem};{TargetFrameworkDirectory};{RawFileName}" (previous value: "{CandidateAssemblyFiles};{HintPathFromItem};{TargetFrameworkDirectory}") at C:\Users\NoahR\OneDrive\Desktop\Jarvis\tools\dotnet\sdk\8.0.400\Sdks\Microsoft.NET.Sdk\targets\Microsoft.NET.Sdk.props (93,5)
                   The "DefaultSdkResolver" resolver attempted to resolve the SDK "Microsoft.NET.SDK.WorkloadAutoImportPropsLocator".
                   Warnings: null
                   Errors: MSB4276: The default SDK resolver failed to resolve SDK "Microsoft.NET.SDK.WorkloadAutoImportPropsLocator" because directory "C:\Users\NoahR\OneDrive\Desktop\Jarvis\tools\dotnet\sdk\8.0.400\Sdks\Microsoft.NET.SDK.WorkloadAutoImportPropsLocator\Sdk" did not exist.
                   Assembly loaded during Evaluation: Microsoft.Build.NuGetSdkResolver, Version=6.11.0.122, Culture=neutral, PublicKeyToken=31bf3856ad364e35 (location: C:\Users\NoahR\OneDrive\Desktop\Jarvis\tools\dotnet\sdk\8.0.400\Microsoft.Build.NuGetSdkResolver.dll, MVID: 3234ae34-0ce4-41ed-9206-09b860f960c5, AssemblyLoadContext: MSBuild plugin C:\Users\NoahR\OneDrive\Desktop\Jarvis\tools\dotnet\sdk\8.0.400\Microsoft.Build.NuGetSdkResolver.dll)
                   Assembly loaded during Evaluation: System.IO.Pipes, Version=8.0.0.0, Culture=neutral, PublicKeyToken=b03f5f7f11d50a3a (location: C:\Users\NoahR\OneDrive\Desktop\Jarvis\tools\dotnet\shared\Microsoft.NETCore.App\8.0.8\System.IO.Pipes.dll, MVID: 45a7c5fa-526f-4402-9ea7-748aec4e82fd, AssemblyLoadContext: Default)
                   Assembly loaded during Evaluation: Microsoft.NET.Sdk.WorkloadMSBuildSdkResolver, Version=8.0.400.0, Culture=neutral, PublicKeyToken=31bf3856ad364e35 (location: C:\Users\NoahR\OneDrive\Desktop\Jarvis\tools\dotnet\sdk\8.0.400\Microsoft.NET.Sdk.WorkloadMSBuildSdkResolver.dll, MVID: e70eadda-2737-4368-8dda-f59f071e9aaa, AssemblyLoadContext: MSBuild plugin C:\Users\NoahR\OneDrive\Desktop\Jarvis\tools\dotnet\sdk\8.0.400\Microsoft.NET.Sdk.WorkloadMSBuildSdkResolver.dll)
                   Assembly loaded during Evaluation: Microsoft.DotNet.Cli.Utils, Version=8.0.400.0, Culture=neutral, PublicKeyToken=adb9793829ddae60 (location: C:\Users\NoahR\OneDrive\Desktop\Jarvis\tools\dotnet\sdk\8.0.400\Microsoft.DotNet.Cli.Utils.dll, MVID: 3614b473-4753-4be7-bf58-06f7b715a9d3, AssemblyLoadContext: MSBuild plugin C:\Users\NoahR\OneDrive\Desktop\Jarvis\tools\dotnet\sdk\8.0.400\Microsoft.NET.Sdk.WorkloadMSBuildSdkResolver.dll)
                   Assembly loaded during Evaluation: Microsoft.NET.Sdk.WorkloadManifestReader, Version=8.0.400.0, Culture=neutral, PublicKeyToken=adb9793829ddae60 (location: C:\Users\NoahR\OneDrive\Desktop\Jarvis\tools\dotnet\sdk\8.0.400\Microsoft.NET.Sdk.WorkloadManifestReader.dll, MVID: c51be2ac-5d62-4f28-bde0-f1ce3cf35a6b, AssemblyLoadContext: MSBuild plugin C:\Users\NoahR\OneDrive\Desktop\Jarvis\tools\dotnet\sdk\8.0.400\Microsoft.NET.Sdk.WorkloadMSBuildSdkResolver.dll)
                   Assembly loaded during Evaluation: Microsoft.Deployment.DotNet.Releases, Version=2.0.0.0, Culture=neutral, PublicKeyToken=31bf3856ad364e35 (location: C:\Users\NoahR\OneDrive\Desktop\Jarvis\tools\dotnet\sdk\8.0.400\Microsoft.Deployment.DotNet.Releases.dll, MVID: eb340e0e-b895-41fa-8fc4-c04faee03b3b, AssemblyLoadContext: MSBuild plugin C:\Users\NoahR\OneDrive\Desktop\Jarvis\tools\dotnet\sdk\8.0.400\Microsoft.NET.Sdk.WorkloadMSBuildSdkResolver.dll)
                   The SDK "Microsoft.NET.SDK.WorkloadAutoImportPropsLocator" was successfully resolved by the "Microsoft.DotNet.MSBuildWorkloadSdkResolver" resolver to location "null" and version "null".
                   Property reassignment: $(TargetsForTfmSpecificContentInPackage)=";PackTool;_PackProjectToolValidation" (previous value: ";PackTool") at C:\Users\NoahR\OneDrive\Desktop\Jarvis\tools\dotnet\sdk\8.0.400\Sdks\Microsoft.NET.Sdk\targets\Microsoft.NET.PackProjectTool.props (15,5)
                   The "Configuration" property is a global property, and cannot be modified.
                   The "Platform" property is a global property, and cannot be modified.
                   Property reassignment: $(PublishProfileImported)="false" (previous value: "true") at C:\Users\NoahR\OneDrive\Desktop\Jarvis\tools\dotnet\sdk\8.0.400\Sdks\Microsoft.NET.Sdk\targets\Microsoft.NET.Sdk.ImportPublishProfile.targets (28,5)
                   Assembly loaded during Evaluation: NuGet.Frameworks, Version=6.11.0.122, Culture=neutral, PublicKeyToken=31bf3856ad364e35 (location: C:\Users\NoahR\OneDrive\Desktop\Jarvis\tools\dotnet\sdk\8.0.400\NuGet.Frameworks.dll, MVID: 80bb22ee-4830-4f2a-9342-0a8089fc1dfa, AssemblyLoadContext: Assembly.LoadFile(C:\Users\NoahR\OneDrive\Desktop\Jarvis\tools\dotnet\sdk\8.0.400\NuGet.Frameworks.dll))
                   Property reassignment: $(TargetPlatformVersion)="" (previous value: "0.0") at C:\Users\NoahR\OneDrive\Desktop\Jarvis\tools\dotnet\sdk\8.0.400\Sdks\Microsoft.NET.Sdk\targets\Microsoft.NET.TargetFrameworkInference.targets (69,5)
                   Property reassignment: $(DefaultItemExcludes)=";bin\Debug\/**;obj\Debug\/**" (previous value: ";bin\Debug\/**") at C:\Users\NoahR\OneDrive\Desktop\Jarvis\tools\dotnet\sdk\8.0.400\Sdks\Microsoft.NET.Sdk\targets\Microsoft.NET.DefaultOutputPaths.targets (122,5)
                   Property reassignment: $(OutputPath)="bin\Debug\net8.0\" (previous value: "bin\Debug\") at C:\Users\NoahR\OneDrive\Desktop\Jarvis\tools\dotnet\sdk\8.0.400\Sdks\Microsoft.NET.Sdk\targets\Microsoft.NET.DefaultOutputPaths.targets (137,5)
                   Property reassignment: $(IntermediateOutputPath)="obj\Debug\net8.0\" (previous value: "obj\Debug\") at C:\Users\NoahR\OneDrive\Desktop\Jarvis\tools\dotnet\sdk\8.0.400\Sdks\Microsoft.NET.Sdk\targets\Microsoft.NET.DefaultOutputPaths.targets (142,5)
                   The "DefaultSdkResolver" resolver attempted to resolve the SDK "Microsoft.NET.SDK.WorkloadManifestTargetsLocator".
                   Warnings: null
                   Errors: MSB4276: The default SDK resolver failed to resolve SDK "Microsoft.NET.SDK.WorkloadManifestTargetsLocator" because directory "C:\Users\NoahR\OneDrive\Desktop\Jarvis\tools\dotnet\sdk\8.0.400\Sdks\Microsoft.NET.SDK.WorkloadManifestTargetsLocator\Sdk" did not exist.
                   The SDK "Microsoft.NET.SDK.WorkloadManifestTargetsLocator" was successfully resolved by the "Microsoft.DotNet.MSBuildWorkloadSdkResolver" resolver to location "C:\Users\NoahR\OneDrive\Desktop\Jarvis\tools\dotnet\sdk-manifests\8.0.100\microsoft.net.sdk.android\34.0.43" and version "null".
                   Property reassignment: $(_FrameworkIdentifierForImplicitDefine)="NET" (previous value: "NETCOREAPP") at C:\Users\NoahR\OneDrive\Desktop\Jarvis\tools\dotnet\sdk\8.0.400\Sdks\Microsoft.NET.Sdk\targets\Microsoft.NET.Sdk.BeforeCommon.targets (187,5)
                   Property reassignment: $(_FrameworkVersionForImplicitDefine)="8_0" (previous value: "8.0") at C:\Users\NoahR\OneDrive\Desktop\Jarvis\tools\dotnet\sdk\8.0.400\Sdks\Microsoft.NET.Sdk\targets\Microsoft.NET.Sdk.BeforeCommon.targets (192,5)
                   Property reassignment: $(CommandLineArgsForDesignTimeEvaluation)="-langversion:12.0 -define:TRACE" (previous value: "-langversion:12.0") at C:\Users\NoahR\OneDrive\Desktop\Jarvis\tools\dotnet\sdk\8.0.400\Roslyn\Microsoft.CSharp.Core.targets (200,5)
                   The "Platform" property is a global property, and cannot be modified.
                   The "Configuration" property is a global property, and cannot be modified.
                   Property reassignment: $(_DebugSymbolsProduced)="true" (previous value: "false") at C:\Users\NoahR\OneDrive\Desktop\Jarvis\tools\dotnet\sdk\8.0.400\Microsoft.Common.CurrentVersion.targets (175,5)
                   Property reassignment: $(_DocumentationFileProduced)="false" (previous value: "true") at C:\Users\NoahR\OneDrive\Desktop\Jarvis\tools\dotnet\sdk\8.0.400\Microsoft.Common.CurrentVersion.targets (185,5)
                   The "SolutionName" property is a global property, and cannot be modified.
                   The "SolutionFileName" property is a global property, and cannot be modified.
                   The "SolutionPath" property is a global property, and cannot be modified.
                   The "SolutionDir" property is a global property, and cannot be modified.
                   The "SolutionExt" property is a global property, and cannot be modified.
                   Property reassignment: $(MSBuildCopyMarkerName)="Jarvis.C.3702E29A" (previous value: "Jarvis.Core.csproj") at C:\Users\NoahR\OneDrive\Desktop\Jarvis\tools\dotnet\sdk\8.0.400\Microsoft.Common.CurrentVersion.targets (392,5)
                   Property reassignment: $(MSBuildCopyMarkerName)="Jarvis.C.3702E29A.Up2Date" (previous value: "Jarvis.C.3702E29A") at C:\Users\NoahR\OneDrive\Desktop\Jarvis\tools\dotnet\sdk\8.0.400\Microsoft.Common.CurrentVersion.targets (393,5)
                   Property reassignment: $(ProcessorArchitecture)="msil" (previous value: "") at C:\Users\NoahR\OneDrive\Desktop\Jarvis\tools\dotnet\sdk\8.0.400\Microsoft.Common.CurrentVersion.targets (541,5)
                   Property reassignment: $(DelaySign)="" (previous value: "false") at C:\Users\NoahR\OneDrive\Desktop\Jarvis\tools\dotnet\sdk\8.0.400\Microsoft.Common.CurrentVersion.targets (580,5)
                   Property 'LOCALAPPDATA' with value 'C:\Users\NoahR\AppData\Local' expanded from the environment.
                   Property reassignment: $(_SGenGenerateSerializationAssembliesConfig)="Auto" (previous value: "") at C:\Users\NoahR\OneDrive\Desktop\Jarvis\tools\dotnet\sdk\8.0.400\Microsoft.Common.CurrentVersion.targets (3896,5)
                   Property reassignment: $(_SGenGenerateSerializationAssembliesConfig)="Off" (previous value: "Auto") at C:\Users\NoahR\OneDrive\Desktop\Jarvis\tools\dotnet\sdk\8.0.400\Microsoft.Common.CurrentVersion.targets (3897,5)
                   Property reassignment: $(_TargetsThatPrepareProjectReferences)="
                         AssignProjectConfiguration;
                         _SplitProjectReferencesByFileExistence
                       " (previous value: "_SplitProjectReferencesByFileExistence") at C:\Users\NoahR\OneDrive\Desktop\Jarvis\tools\dotnet\sdk\8.0.400\Microsoft.Common.CurrentVersion.targets (5099,5)
                   Property 'MSBuildExtensionsPath32' with value 'C:\Users\NoahR\OneDrive\Desktop\Jarvis\tools\dotnet\sdk\8.0.400' expanded from the environment.
                   The "_RestoreSolutionFileUsed" property is a global property, and cannot be modified.
                   Property reassignment: $(_GenerateRestoreGraphProjectEntryInputProperties)="
                         ExcludeRestorePackageImports=true;
                         _RestoreSolutionFileUsed=true;
                         SolutionDir=C:\Users\NoahR\OneDrive\Desktop\Jarvis\;
                         SolutionName=Jarvis;
                         SolutionFileName=Jarvis.sln;
                         SolutionPath=C:\Users\NoahR\OneDrive\Desktop\Jarvis\Jarvis.sln;
                         SolutionExt=.sln;
                       " (previous value: "ExcludeRestorePackageImports=true") at C:\Users\NoahR\OneDrive\Desktop\Jarvis\tools\dotnet\sdk\8.0.400\NuGet.targets (101,5)
                   Property reassignment: $(ProjectAssetsFile)="C:\Users\NoahR\OneDrive\Desktop\Jarvis\src\Jarvis.Core\obj\project.assets.json" (previous value: "C:\Users\NoahR\OneDrive\Desktop\Jarvis\src\Jarvis.Core\obj\/project.assets.json") at C:\Users\NoahR\OneDrive\Desktop\Jarvis\tools\dotnet\sdk\8.0.400\Sdks\Microsoft.NET.Sdk\targets\Microsoft.PackageDependencyResolution.targets (24,5)
                   Property reassignment: $(ProjectAssetsCacheFile)="C:\Users\NoahR\OneDrive\Desktop\Jarvis\src\Jarvis.Core\obj\Debug\net8.0\Jarvis.Core.assets.cache" (previous value: "obj\Debug\net8.0\Jarvis.Core.assets.cache") at C:\Users\NoahR\OneDrive\Desktop\Jarvis\tools\dotnet\sdk\8.0.400\Sdks\Microsoft.NET.Sdk\targets\Microsoft.PackageDependencyResolution.targets (29,5)
                   Property reassignment: $(ResolveAssemblyReferencesDependsOn)="
                         
                         ResolveProjectReferences;
                         FindInvalidProjectReferences;
                         GetFrameworkPaths;
                         GetReferenceAssemblyPaths;
                         PrepareForBuild;
                         ResolveSDKReferences;
                         ExpandSDKReferences;
                       ;
                         ResolvePackageDependenciesForBuild;
                         _HandlePackageFileConflicts;
                       " (previous value: "
                         ResolveProjectReferences;
                         FindInvalidProjectReferences;
                         GetFrameworkPaths;
                         GetReferenceAssemblyPaths;
                         PrepareForBuild;
                         ResolveSDKReferences;
                         ExpandSDKReferences;
                       ") at C:\Users\NoahR\OneDrive\Desktop\Jarvis\tools\dotnet\sdk\8.0.400\Sdks\Microsoft.NET.Sdk\targets\Microsoft.PackageDependencyResolution.targets (80,5)
                   Property reassignment: $(PrepareResourcesDependsOn)="
                         ResolvePackageDependenciesForBuild;
                         _HandlePackageFileConflicts;
                         
                         ;
                         PrepareResourceNames;
                         ResGen;
                         CompileLicxFiles
                       
                       " (previous value: "
                         ;
                         PrepareResourceNames;
                         ResGen;
                         CompileLicxFiles
                       ") at C:\Users\NoahR\OneDrive\Desktop\Jarvis\tools\dotnet\sdk\8.0.400\Sdks\Microsoft.NET.Sdk\targets\Microsoft.PackageDependencyResolution.targets (86,5)
                   Property reassignment: $(DefaultItemExcludes)=";bin\Debug\/**;obj\Debug\/**;bin\/**" (previous value: ";bin\Debug\/**;obj\Debug\/**") at C:\Users\NoahR\OneDrive\Desktop\Jarvis\tools\dotnet\sdk\8.0.400\Sdks\Microsoft.NET.Sdk\targets\Microsoft.NET.Sdk.DefaultItems.targets (27,5)
                   Property reassignment: $(DefaultItemExcludes)=";bin\Debug\/**;obj\Debug\/**;bin\/**;obj\/**" (previous value: ";bin\Debug\/**;obj\Debug\/**;bin\/**") at C:\Users\NoahR\OneDrive\Desktop\Jarvis\tools\dotnet\sdk\8.0.400\Sdks\Microsoft.NET.Sdk\targets\Microsoft.NET.Sdk.DefaultItems.targets (29,5)
                   Property reassignment: $(DefaultItemExcludes)=";bin\Debug\/**;obj\Debug\/**;bin\/**;obj\/**;**/*.user" (previous value: ";bin\Debug\/**;obj\Debug\/**;bin\/**;obj\/**") at C:\Users\NoahR\OneDrive\Desktop\Jarvis\tools\dotnet\sdk\8.0.400\Sdks\Microsoft.NET.Sdk\targets\Microsoft.NET.Sdk.DefaultItems.targets (32,5)
                   Property reassignment: $(DefaultItemExcludes)=";bin\Debug\/**;obj\Debug\/**;bin\/**;obj\/**;**/*.user;**/*.*proj" (previous value: ";bin\Debug\/**;obj\Debug\/**;bin\/**;obj\/**;**/*.user") at C:\Users\NoahR\OneDrive\Desktop\Jarvis\tools\dotnet\sdk\8.0.400\Sdks\Microsoft.NET.Sdk\targets\Microsoft.NET.Sdk.DefaultItems.targets (33,5)
                   Property reassignment: $(DefaultItemExcludes)=";bin\Debug\/**;obj\Debug\/**;bin\/**;obj\/**;**/*.user;**/*.*proj;**/*.sln" (previous value: ";bin\Debug\/**;obj\Debug\/**;bin\/**;obj\/**;**/*.user;**/*.*proj") at C:\Users\NoahR\OneDrive\Desktop\Jarvis\tools\dotnet\sdk\8.0.400\Sdks\Microsoft.NET.Sdk\targets\Microsoft.NET.Sdk.DefaultItems.targets (34,5)
                   Property reassignment: $(DefaultItemExcludes)=";bin\Debug\/**;obj\Debug\/**;bin\/**;obj\/**;**/*.user;**/*.*proj;**/*.sln;**/*.vssscc" (previous value: ";bin\Debug\/**;obj\Debug\/**;bin\/**;obj\/**;**/*.user;**/*.*proj;**/*.sln") at C:\Users\NoahR\OneDrive\Desktop\Jarvis\tools\dotnet\sdk\8.0.400\Sdks\Microsoft.NET.Sdk\targets\Microsoft.NET.Sdk.DefaultItems.targets (35,5)
                   Property reassignment: $(DefaultItemExcludes)=";bin\Debug\/**;obj\Debug\/**;bin\/**;obj\/**;**/*.user;**/*.*proj;**/*.sln;**/*.vssscc;**/.DS_Store" (previous value: ";bin\Debug\/**;obj\Debug\/**;bin\/**;obj\/**;**/*.user;**/*.*proj;**/*.sln;**/*.vssscc") at C:\Users\NoahR\OneDrive\Desktop\Jarvis\tools\dotnet\sdk\8.0.400\Sdks\Microsoft.NET.Sdk\targets\Microsoft.NET.Sdk.DefaultItems.targets (36,5)
                   Property reassignment: $(ResolveAssemblyReferencesDependsOn)="
                         
                         
                         ResolveProjectReferences;
                         FindInvalidProjectReferences;
                         GetFrameworkPaths;
                         GetReferenceAssemblyPaths;
                         PrepareForBuild;
                         ResolveSDKReferences;
                         ExpandSDKReferences;
                       ;
                         ResolvePackageDependenciesForBuild;
                         _HandlePackageFileConflicts;
                       ;
                         ResolveTargetingPackAssets;
                       " (previous value: "
                         
                         ResolveProjectReferences;
                         FindInvalidProjectReferences;
                         GetFrameworkPaths;
                         GetReferenceAssemblyPaths;
                         PrepareForBuild;
                         ResolveSDKReferences;
                         ExpandSDKReferences;
                       ;
                         ResolvePackageDependenciesForBuild;
                         _HandlePackageFileConflicts;
                       ") at C:\Users\NoahR\OneDrive\Desktop\Jarvis\tools\dotnet\sdk\8.0.400\Sdks\Microsoft.NET.Sdk\targets\Microsoft.NET.Sdk.FrameworkReferenceResolution.targets (14,5)
                   Property reassignment: $(_GenerateRuntimeConfigurationPropertyInputsCache)="C:\Users\NoahR\OneDrive\Desktop\Jarvis\src\Jarvis.Core\obj\Debug\net8.0\Jarvis.Core.genruntimeconfig.cache" (previous value: "obj\Debug\net8.0\Jarvis.Core.genruntimeconfig.cache") at C:\Users\NoahR\OneDrive\Desktop\Jarvis\tools\dotnet\sdk\8.0.400\Sdks\Microsoft.NET.Sdk\targets\Microsoft.NET.Sdk.targets (44,5)
                   Property reassignment: $(_GeneratePublishDependencyFilePropertyInputsCache)="C:\Users\NoahR\OneDrive\Desktop\Jarvis\src\Jarvis.Core\obj\Debug\net8.0\Jarvis.Core.genpublishdeps.cache" (previous value: "obj\Debug\net8.0\Jarvis.Core.genpublishdeps.cache") at C:\Users\NoahR\OneDrive\Desktop\Jarvis\tools\dotnet\sdk\8.0.400\Sdks\Microsoft.NET.Sdk\targets\Microsoft.NET.Sdk.targets (46,5)
                   Property reassignment: $(_GenerateSingleFileBundlePropertyInputsCache)="C:\Users\NoahR\OneDrive\Desktop\Jarvis\src\Jarvis.Core\obj\Debug\net8.0\Jarvis.Core.genbundle.cache" (previous value: "obj\Debug\net8.0\Jarvis.Core.genbundle.cache") at C:\Users\NoahR\OneDrive\Desktop\Jarvis\tools\dotnet\sdk\8.0.400\Sdks\Microsoft.NET.Sdk\targets\Microsoft.NET.Sdk.targets (48,5)
                   Property reassignment: $(GenerateRuntimeConfigDevFile)="false" (previous value: "true") at C:\Users\NoahR\OneDrive\Desktop\Jarvis\tools\dotnet\sdk\8.0.400\Sdks\Microsoft.NET.Sdk\targets\Microsoft.NET.Sdk.targets (81,5)
                   Property 'USERPROFILE' with value 'C:\Users\NoahR' expanded from the environment.
                   Property reassignment: $(_DefaultUserProfileRuntimeStorePath)="C:\Users\NoahR" (previous value: "") at C:\Users\NoahR\OneDrive\Desktop\Jarvis\tools\dotnet\sdk\8.0.400\Sdks\Microsoft.NET.Sdk\targets\Microsoft.NET.Sdk.targets (97,5)
                   Property reassignment: $(_DefaultUserProfileRuntimeStorePath)="C:\Users\NoahR\.dotnet\store" (previous value: "C:\Users\NoahR") at C:\Users\NoahR\OneDrive\Desktop\Jarvis\tools\dotnet\sdk\8.0.400\Sdks\Microsoft.NET.Sdk\targets\Microsoft.NET.Sdk.targets (98,5)
                   Property reassignment: $(AvailablePlatforms)="Any CPU,x86,x64,ARM32" (previous value: "Any CPU,x86,x64") at C:\Users\NoahR\OneDrive\Desktop\Jarvis\tools\dotnet\sdk\8.0.400\Sdks\Microsoft.NET.Sdk\targets\Microsoft.NET.Sdk.targets (136,5)
                   Property reassignment: $(AvailablePlatforms)="Any CPU,x86,x64,ARM32,ARM64" (previous value: "Any CPU,x86,x64,ARM32") at C:\Users\NoahR\OneDrive\Desktop\Jarvis\tools\dotnet\sdk\8.0.400\Sdks\Microsoft.NET.Sdk\targets\Microsoft.NET.Sdk.targets (140,5)
                   Property reassignment: $(CoreBuildDependsOn)="
                         _CheckForBuildWithNoBuild;
                         
                         BuildOnlySettings;
                         PrepareForBuild;
                         PreBuildEvent;
                         ResolveReferences;
                         PrepareResources;
                         ResolveKeySource;
                         Compile;
                         ExportWindowsMDFile;
                         UnmanagedUnregistration;
                         GenerateSerializationAssemblies;
                         CreateSatelliteAssemblies;
                         GenerateManifests;
                         GetTargetPath;
                         PrepareForRun;
                         UnmanagedRegistration;
                         IncrementalClean;
                         PostBuildEvent
                       ;
                         GenerateBuildDependencyFile;
                         GenerateBuildRuntimeConfigurationFiles
                       " (previous value: "
                         BuildOnlySettings;
                         PrepareForBuild;
                         PreBuildEvent;
                         ResolveReferences;
                         PrepareResources;
                         ResolveKeySource;
                         Compile;
                         ExportWindowsMDFile;
                         UnmanagedUnregistration;
                         GenerateSerializationAssemblies;
                         CreateSatelliteAssemblies;
                         GenerateManifests;
                         GetTargetPath;
                         PrepareForRun;
                         UnmanagedRegistration;
                         IncrementalClean;
                         PostBuildEvent
                       ") at C:\Users\NoahR\OneDrive\Desktop\Jarvis\tools\dotnet\sdk\8.0.400\Sdks\Microsoft.NET.Sdk\targets\Microsoft.NET.Sdk.targets (197,5)
                   Property reassignment: $(CoreCleanDependsOn)="
                         _SdkBeforeClean;
                         
                       " (previous value: "") at C:\Users\NoahR\OneDrive\Desktop\Jarvis\tools\dotnet\sdk\8.0.400\Sdks\Microsoft.NET.Sdk\targets\Microsoft.NET.Sdk.targets (206,5)
                   Property reassignment: $(RebuildDependsOn)="
                         _SdkBeforeRebuild;
                         
                         BeforeRebuild;
                         Clean;
                         Build;
                         AfterRebuild;
                       
                       " (previous value: "
                         BeforeRebuild;
                         Clean;
                         Build;
                         AfterRebuild;
                       ") at C:\Users\NoahR\OneDrive\Desktop\Jarvis\tools\dotnet\sdk\8.0.400\Sdks\Microsoft.NET.Sdk\targets\Microsoft.NET.Sdk.targets (213,5)
                   Property reassignment: $(CompileDependsOn)="
                         
                         ResolveReferences;
                         ResolveKeySource;
                         SetWin32ManifestProperties;
                         _SetPreferNativeArm64Win32ManifestProperties;
                         FindReferenceAssembliesForReferences;
                         _GenerateCompileInputs;
                         BeforeCompile;
                         _TimeStampBeforeCompile;
                         _GenerateCompileDependencyCache;
                         CoreCompile;
                         _TimeStampAfterCompile;
                         AfterCompile;
                       ;
                         _CreateAppHost;
                         _CreateComHost;
                         _GetIjwHostPaths;
                       " (previous value: "
                         ResolveReferences;
                         ResolveKeySource;
                         SetWin32ManifestProperties;
                         _SetPreferNativeArm64Win32ManifestProperties;
                         FindReferenceAssembliesForReferences;
                         _GenerateCompileInputs;
                         BeforeCompile;
                         _TimeStampBeforeCompile;
                         _GenerateCompileDependencyCache;
                         CoreCompile;
                         _TimeStampAfterCompile;
                         AfterCompile;
                       ") at C:\Users\NoahR\OneDrive\Desktop\Jarvis\tools\dotnet\sdk\8.0.400\Sdks\Microsoft.NET.Sdk\targets\Microsoft.NET.Sdk.targets (679,5)
                   Property reassignment: $(CreateSatelliteAssembliesDependsOn)="
                         
                         ;
                         _GenerateSatelliteAssemblyInputs;
                         ComputeIntermediateSatelliteAssemblies;
                         GenerateSatelliteAssemblies
                       ;
                         CoreGenerateSatelliteAssemblies
                       " (previous value: "
                         ;
                         _GenerateSatelliteAssemblyInputs;
                         ComputeIntermediateSatelliteAssemblies;
                         GenerateSatelliteAssemblies
                       ") at C:\Users\NoahR\OneDrive\Desktop\Jarvis\tools\dotnet\sdk\8.0.400\Sdks\Microsoft.NET.Sdk\targets\Microsoft.NET.Sdk.targets (1065,5)
                   Property reassignment: $(SourceLinkUrlInitializerTargets)=";_InitializeGitHubSourceLinkUrl;_InitializeGitLabSourceLinkUrl" (previous value: ";_InitializeGitHubSourceLinkUrl") at C:\Users\NoahR\OneDrive\Desktop\Jarvis\tools\dotnet\sdk\8.0.400\Sdks\Microsoft.SourceLink.GitLab\build\Microsoft.SourceLink.GitLab.targets (12,5)
                   Property reassignment: $(SourceControlManagerUrlTranslationTargets)=";TranslateGitHubUrlsInSourceControlInformation;TranslateGitLabUrlsInSourceControlInformation" (previous value: ";TranslateGitHubUrlsInSourceControlInformation") at C:\Users\NoahR\OneDrive\Desktop\Jarvis\tools\dotnet\sdk\8.0.400\Sdks\Microsoft.SourceLink.GitLab\build\Microsoft.SourceLink.GitLab.targets (13,5)
                   Property reassignment: $(SourceLinkUrlInitializerTargets)=";_InitializeGitHubSourceLinkUrl;_InitializeGitLabSourceLinkUrl;_InitializeAzureReposGitSourceLinkUrl" (previous value: ";_InitializeGitHubSourceLinkUrl;_InitializeGitLabSourceLinkUrl") at C:\Users\NoahR\OneDrive\Desktop\Jarvis\tools\dotnet\sdk\8.0.400\Sdks\Microsoft.SourceLink.AzureRepos.Git\build\Microsoft.SourceLink.AzureRepos.Git.targets (12,5)
                   Property reassignment: $(SourceControlManagerUrlTranslationTargets)=";TranslateGitHubUrlsInSourceControlInformation;TranslateGitLabUrlsInSourceControlInformation;TranslateAzureReposGitUrlsInSourceControlInformation" (previous value: ";TranslateGitHubUrlsInSourceControlInformation;TranslateGitLabUrlsInSourceControlInformation") at C:\Users\NoahR\OneDrive\Desktop\Jarvis\tools\dotnet\sdk\8.0.400\Sdks\Microsoft.SourceLink.AzureRepos.Git\build\Microsoft.SourceLink.AzureRepos.Git.targets (13,5)
                   Property reassignment: $(SourceLinkUrlInitializerTargets)=";_InitializeGitHubSourceLinkUrl;_InitializeGitLabSourceLinkUrl;_InitializeAzureReposGitSourceLinkUrl;_InitializeBitbucketGitSourceLinkUrl" (previous value: ";_InitializeGitHubSourceLinkUrl;_InitializeGitLabSourceLinkUrl;_InitializeAzureReposGitSourceLinkUrl") at C:\Users\NoahR\OneDrive\Desktop\Jarvis\tools\dotnet\sdk\8.0.400\Sdks\Microsoft.SourceLink.Bitbucket.Git\build\Microsoft.SourceLink.Bitbucket.Git.targets (12,5)
                   Property reassignment: $(SourceControlManagerUrlTranslationTargets)=";TranslateGitHubUrlsInSourceControlInformation;TranslateGitLabUrlsInSourceControlInformation;TranslateAzureReposGitUrlsInSourceControlInformation;TranslateBitbucketGitUrlsInSourceControlInformation" (previous value: ";TranslateGitHubUrlsInSourceControlInformation;TranslateGitLabUrlsInSourceControlInformation;TranslateAzureReposGitUrlsInSourceControlInformation") at C:\Users\NoahR\OneDrive\Desktop\Jarvis\tools\dotnet\sdk\8.0.400\Sdks\Microsoft.SourceLink.Bitbucket.Git\build\Microsoft.SourceLink.Bitbucket.Git.targets (13,5)
                   Property reassignment: $(DesignerRuntimeImplementationProjectOutputGroupDependsOn)="
                         
                         ;
                         
                         ;
                         BuildOnlySettings;
                         PrepareForBuild;
                         AssignTargetPaths;
                         ResolveReferences
                       
                       ;
                         _GenerateDesignerDepsFile;
                         _GenerateDesignerRuntimeConfigFile;
                         GetCopyToOutputDirectoryItems;
                         _GatherDesignerShadowCopyFiles;
                       " (previous value: "
                         ;
                         
                         ;
                         BuildOnlySettings;
                         PrepareForBuild;
                         AssignTargetPaths;
                         ResolveReferences
                       
                       ") at C:\Users\NoahR\OneDrive\Desktop\Jarvis\tools\dotnet\sdk\8.0.400\Sdks\Microsoft.NET.Sdk\targets\Microsoft.NET.DesignerSupport.targets (21,5)
                   Property reassignment: $(_GenerateToolsSettingsFileCacheFile)="C:\Users\NoahR\OneDrive\Desktop\Jarvis\src\Jarvis.Core\obj\Debug\net8.0\Jarvis.Core.toolssettingsinput.cache" (previous value: "obj\Debug\net8.0\Jarvis.Core.toolssettingsinput.cache") at C:\Users\NoahR\OneDrive\Desktop\Jarvis\tools\dotnet\sdk\8.0.400\Sdks\Microsoft.NET.Sdk\targets\Microsoft.NET.PackTool.targets (68,5)
                   Property reassignment: $(_ShimInputCacheFile)="C:\Users\NoahR\OneDrive\Desktop\Jarvis\src\Jarvis.Core\obj\Debug\net8.0\Jarvis.Core.shiminput.cache" (previous value: "obj\Debug\net8.0\Jarvis.Core.shiminput.cache") at C:\Users\NoahR\OneDrive\Desktop\Jarvis\tools\dotnet\sdk\8.0.400\Sdks\Microsoft.NET.Sdk\targets\Microsoft.NET.PackTool.targets (137,5)
                   Property reassignment: $(_ShimCreatedSentinelFile)="C:\Users\NoahR\OneDrive\Desktop\Jarvis\src\Jarvis.Core\obj\Debug\net8.0\Jarvis.Core.shimcreated.sentinel" (previous value: "obj\Debug\net8.0\Jarvis.Core.shimcreated.sentinel") at C:\Users\NoahR\OneDrive\Desktop\Jarvis\tools\dotnet\sdk\8.0.400\Sdks\Microsoft.NET.Sdk\targets\Microsoft.NET.PackTool.targets (139,5)
                   Property reassignment: $(DefineConstants)="TRACE;DEBUG" (previous value: "TRACE") at C:\Users\NoahR\OneDrive\Desktop\Jarvis\tools\dotnet\sdk\8.0.400\Sdks\Microsoft.NET.Sdk\targets\Microsoft.NET.Sdk.CSharp.targets (31,5)
                   Property reassignment: $(DefineConstants)="TRACE;DEBUG;NET;NET8_0;NETCOREAPP" (previous value: "TRACE;DEBUG") at C:\Users\NoahR\OneDrive\Desktop\Jarvis\tools\dotnet\sdk\8.0.400\Sdks\Microsoft.NET.Sdk\targets\Microsoft.NET.Sdk.CSharp.targets (34,5)
                   Property reassignment: $(WarningsAsErrors)=";NU1605;SYSLIB0011" (previous value: ";NU1605") at C:\Users\NoahR\OneDrive\Desktop\Jarvis\tools\dotnet\sdk\8.0.400\Sdks\Microsoft.NET.Sdk\targets\Microsoft.NET.Sdk.CSharp.targets (48,5)
                   Property reassignment: $(PackageDescription)="Package Description" (previous value: "") at C:\Users\NoahR\OneDrive\Desktop\Jarvis\tools\dotnet\sdk\8.0.400\Sdks\NuGet.Build.Tasks.Pack\build\NuGet.Build.Tasks.Pack.targets (34,5)
                   Property reassignment: $(GenerateNuspecDependsOn)="Build;_LoadPackInputItems; _GetTargetFrameworksOutput; _WalkEachTargetPerFramework; _GetPackageFiles; " (previous value: "_LoadPackInputItems; _GetTargetFrameworksOutput; _WalkEachTargetPerFramework; _GetPackageFiles; ") at C:\Users\NoahR\OneDrive\Desktop\Jarvis\tools\dotnet\sdk\8.0.400\Sdks\NuGet.Build.Tasks.Pack\build\NuGet.Build.Tasks.Pack.targets (59,5)
                   Property reassignment: $(_IsSDKContainerAllowedVersion)="true" (previous value: "false") at C:\Users\NoahR\OneDrive\Desktop\Jarvis\tools\dotnet\sdk\8.0.400\Containers\build\Microsoft.NET.Build.Containers.targets (5,5)
                   Property reassignment: $(_ContainerIsTargetingNet8TFM)="true" (previous value: "false") at C:\Users\NoahR\OneDrive\Desktop\Jarvis\tools\dotnet\sdk\8.0.400\Containers\build\Microsoft.NET.Build.Containers.targets (15,5)
                   Overriding target "ResolveFrameworkReferences" in project "C:\Users\NoahR\OneDrive\Desktop\Jarvis\tools\dotnet\sdk\8.0.400\Microsoft.Common.CurrentVersion.targets" with target "ResolveFrameworkReferences" from project "C:\Users\NoahR\OneDrive\Desktop\Jarvis\tools\dotnet\sdk\8.0.400\Sdks\Microsoft.NET.Sdk\targets\Microsoft.NET.Sdk.FrameworkReferenceResolution.targets".
                   Overriding target "Run" in project "C:\Users\NoahR\OneDrive\Desktop\Jarvis\tools\dotnet\sdk\8.0.400\Microsoft.Common.CurrentVersion.targets" with target "Run" from project "C:\Users\NoahR\OneDrive\Desktop\Jarvis\tools\dotnet\sdk\8.0.400\Sdks\Microsoft.NET.Sdk\targets\Microsoft.NET.Sdk.targets".
                   Overriding target "GenerateSupportedTargetFrameworkAlias" in project "C:\Users\NoahR\OneDrive\Desktop\Jarvis\tools\dotnet\sdk\8.0.400\Microsoft.Common.CurrentVersion.targets" with target "GenerateSupportedTargetFrameworkAlias" from project "C:\Users\NoahR\OneDrive\Desktop\Jarvis\tools\dotnet\sdk\8.0.400\Sdks\Microsoft.NET.Sdk\targets\Microsoft.NET.Sdk.targets".
                   Overriding target "GetReferenceAssemblyPaths" in project "C:\Users\NoahR\OneDrive\Desktop\Jarvis\tools\dotnet\sdk\8.0.400\Microsoft.Common.CurrentVersion.targets" with target "GetReferenceAssemblyPaths" from project "C:\Users\NoahR\OneDrive\Desktop\Jarvis\tools\dotnet\sdk\8.0.400\Sdks\Microsoft.NET.Sdk\targets\Microsoft.NET.DisableStandardFrameworkResolution.targets".
                   Overriding target "GetFrameworkPaths" in project "C:\Users\NoahR\OneDrive\Desktop\Jarvis\tools\dotnet\sdk\8.0.400\Microsoft.Common.CurrentVersion.targets" with target "GetFrameworkPaths" from project "C:\Users\NoahR\OneDrive\Desktop\Jarvis\tools\dotnet\sdk\8.0.400\Sdks\Microsoft.NET.Sdk\targets\Microsoft.NET.DisableStandardFrameworkResolution.targets".
                   Overriding target "DesignerRuntimeImplementationProjectOutputGroup" in project "C:\Users\NoahR\OneDrive\Desktop\Jarvis\tools\dotnet\sdk\8.0.400\Microsoft.Common.CurrentVersion.targets" with target "DesignerRuntimeImplementationProjectOutputGroup" from project "C:\Users\NoahR\OneDrive\Desktop\Jarvis\tools\dotnet\sdk\8.0.400\Sdks\Microsoft.NET.Sdk\targets\Microsoft.NET.DesignerSupport.targets".
                   Overriding target "Publish" in project "C:\Users\NoahR\OneDrive\Desktop\Jarvis\tools\dotnet\sdk\8.0.400\Microsoft.Common.CurrentVersion.targets" with target "Publish" from project "C:\Users\NoahR\OneDrive\Desktop\Jarvis\tools\dotnet\sdk\8.0.400\Sdks\Microsoft.NET.Sdk\targets\Microsoft.NET.Publish.targets".
                   Overriding target "ResolveReadyToRunCompilers" in project "C:\Users\NoahR\OneDrive\Desktop\Jarvis\tools\dotnet\sdk\8.0.400\Sdks\Microsoft.NET.Sdk\targets\Microsoft.NET.CrossGen.targets" with target "ResolveReadyToRunCompilers" from project "C:\Users\NoahR\OneDrive\Desktop\Jarvis\tools\dotnet\sdk\8.0.400\Sdks\Microsoft.NET.Sdk\targets\Microsoft.NET.Publish.targets".
                   Overriding target "GetCopyToPublishDirectoryItems" in project "C:\Users\NoahR\OneDrive\Desktop\Jarvis\tools\dotnet\sdk\8.0.400\Microsoft.Common.CurrentVersion.targets" with target "GetCopyToPublishDirectoryItems" from project "C:\Users\NoahR\OneDrive\Desktop\Jarvis\tools\dotnet\sdk\8.0.400\Sdks\Microsoft.NET.Sdk\targets\Microsoft.NET.Publish.targets".
21:01:44.708     0>Initial Properties:
                   __DisableWorkloadResolverSentinelPath = C:\Users\NoahR\OneDrive\Desktop\Jarvis\tools\dotnet\sdk\8.0.400\DisableWorkloadResolver.sentinel
                   __WindowsAppSdkDefaultImageIncludes = **/*.png;**/*.bmp;**/*.jpg;**/*.dds;**/*.tif;**/*.tga;**/*.gif
                   _AfterSdkPublishDependsOn = Publish
                   _BeforePublishNoBuildTargets = 
                         BuildOnlySettings;
                         _PreventProjectReferencesFromBuilding;
                         ResolveReferences;
                         PrepareResourceNames;
                         ComputeIntermediateSatelliteAssemblies;
                         ComputeEmbeddedApphostPaths;
                       
                   _BinaryFormatterObsoleteAsError = true
                   _ContainerIsSelfContained = false
                   _ContainerIsTargetingNet8TFM = true
                   _ContainersTargetsDir = C:\Users\NoahR\OneDrive\Desktop\Jarvis\tools\dotnet\sdk\8.0.400\Sdks\Microsoft.NET.Sdk\Sdk\..\..\..\Containers\build\
                   _CorePublishTargets = 
                         PrepareForPublish;
                         ComputeAndCopyFilesToPublishDirectory;
                         ;
                         PublishItemsOutputGroup;
                       
                   _DebugSymbolsProduced = true
                   _DefaultArtifactsPathPropsImported = true
                   _DefaultUserProfileRuntimeStorePath = C:\Users\NoahR\.dotnet\store
                   _DeploymentApplicationManifestIdentity = Native.Jarvis.Core
                   _DeploymentBuiltUpdateInterval = 0
                   _DeploymentBuiltUpdateIntervalUnits = Days
                   _DeploymentDeployManifestIdentity = Jarvis.Core.application
                   _DeploymentFileMappingExtension = 
                   _DeploymentLauncherBased = true
                   _DeploymentTargetApplicationManifestFileName = Native.Jarvis.Core.manifest
                   _DeploymentUrl = 
                   _DesignerDepsFileName = Jarvis.Core.designer.deps.json
                   _DesignerDepsFilePath = obj\Debug\net8.0\Jarvis.Core.designer.deps.json
                   _DesignerRuntimeConfigFileName = Jarvis.Core.designer.runtimeconfig.json
                   _DesignerRuntimeConfigFilePath = obj\Debug\net8.0\Jarvis.Core.designer.runtimeconfig.json
                   _DirectoryBuildPropsBasePath = C:\Users\NoahR\OneDrive\Desktop\Jarvis
                   _DirectoryBuildPropsFile = Directory.Build.props
                   _DirectoryBuildTargetsBasePath = 
                   _DirectoryBuildTargetsFile = Directory.Build.targets
                   _DirectoryPackagesPropsBasePath = 
                   _DirectoryPackagesPropsFile = Directory.Packages.props
                   _DocumentationFileProduced = false
                   _DotNetAppHostExecutableName = apphost
                   _DotNetAppHostExecutableNameWithoutExtension = apphost
                   _DotNetComHostLibraryName = comhost
                   _DotNetComHostLibraryNameWithoutExtension = comhost
                   _DotNetHostExecutableName = dotnet
                   _DotNetHostFxrLibraryName = libhostfxr.so
                   _DotNetHostPolicyLibraryName = libhostpolicy.so
                   _DotNetIjwHostLibraryName = Ijwhost
                   _DotNetIjwHostLibraryNameWithoutExtension = Ijwhost
                   _DotNetSingleFileHostExecutableNameWithoutExtension = singlefilehost
                   _EnableDefaultWindowsPlatform = false
                   _FrameworkIdentifierForImplicitDefine = NET
                   _FrameworkVersionForImplicitDefine = 8_0
                   _GenerateBindingRedirectsIntermediateAppConfig = obj\Debug\net8.0\Jarvis.Core.dll.config
                   _GeneratePublishDependencyFilePropertyInputsCache = C:\Users\NoahR\OneDrive\Desktop\Jarvis\src\Jarvis.Core\obj\Debug\net8.0\Jarvis.Core.genpublishdeps.cache
                   _GenerateRestoreGraphProjectEntryInputProperties = 
                         ExcludeRestorePackageImports=true;
                         _RestoreSolutionFileUsed=true;
                         SolutionDir=C:\Users\NoahR\OneDrive\Desktop\Jarvis\;
                         SolutionName=Jarvis;
                         SolutionFileName=Jarvis.sln;
                         SolutionPath=C:\Users\NoahR\OneDrive\Desktop\Jarvis\Jarvis.sln;
                         SolutionExt=.sln;
                       
                   _GenerateRuntimeConfigurationPropertyInputsCache = C:\Users\NoahR\OneDrive\Desktop\Jarvis\src\Jarvis.Core\obj\Debug\net8.0\Jarvis.Core.genruntimeconfig.cache
                   _GenerateSingleFileBundlePropertyInputsCache = C:\Users\NoahR\OneDrive\Desktop\Jarvis\src\Jarvis.Core\obj\Debug\net8.0\Jarvis.Core.genbundle.cache
                   _GenerateSourceLinkFileBeforeTargets = CoreCompile
                   _GenerateSourceLinkFileDependsOnTargets = 
                   _GenerateSupportedRuntimeIntermediateAppConfig = obj\Debug\net8.0\Jarvis.Core.dll.withSupportedRuntime.config
                   _GenerateToolsSettingsFileCacheFile = C:\Users\NoahR\OneDrive\Desktop\Jarvis\src\Jarvis.Core\obj\Debug\net8.0\Jarvis.Core.toolssettingsinput.cache
                   _GetChildProjectCopyToOutputDirectoryItems = true
                   _GetChildProjectCopyToPublishDirectoryItems = true
                   _InitialBaseIntermediateOutputPath = obj\
                   _IsNETCoreOrNETStandard = true
                   _IsSDKContainerAllowedVersion = true
                   _LatestAnalysisLevel = 8.0
                   _MaxSupportedLangVersion = 12.0
                   _MicrosoftSourceLinkCommonAssemblyFile = C:\Users\NoahR\OneDrive\Desktop\Jarvis\tools\dotnet\sdk\8.0.400\Sdks\Microsoft.SourceLink.Common\build\..\tools\core\Microsoft.SourceLink.Common.dll
                   _MinimumNonEolSupportedNetCoreTargetFramework = net6.0
                   _NativeLibraryExtension = .so
                   _NativeLibraryPrefix = lib
                   _NETAnalyzersSDKAssemblyVersion = 8.0.0
                   _NETCoreSdkIsPreview = false
                   _NetFrameworkHostedCompilersVersion = 4.11.0-3.24365.8
                   _NoneAnalysisLevel = 4.0
                   _NugetFallbackFolder = C:\Users\NoahR\OneDrive\Desktop\Jarvis\tools\dotnet\sdk\8.0.400\Sdks\Microsoft.NET.Sdk\targets\..\..\..\..\NuGetFallbackFolder
                   _NugetTargetMonikerAndRID = .NETCoreApp,Version=v8.0
                   _OriginalConfiguration = Debug
                   _OriginalPlatform = AnyCPU
                   _PackToolPublishDependency = _PublishBuildAlternative
                   _PlatformWithoutConfigurationInference = AnyCPU
                   _PreviewAnalysisLevel = 9.0
                   _ProjectDefaultTargets = Build
                   _PublishNoBuildAlternativeDependsOn = 
                         BuildOnlySettings;
                         _PreventProjectReferencesFromBuilding;
                         ResolveReferences;
                         PrepareResourceNames;
                         ComputeIntermediateSatelliteAssemblies;
                         ComputeEmbeddedApphostPaths;
                       ;
                         PrepareForPublish;
                         ComputeAndCopyFilesToPublishDirectory;
                         ;
                         PublishItemsOutputGroup;
                       
                   _PublishProfileDesignerFolder = Properties
                   _PublishProfileRootFolder = C:\Users\NoahR\OneDrive\Desktop\Jarvis\src\Jarvis.Core\Properties\PublishProfiles\
                   _RecursiveTargetForContentCopying = GetCopyToOutputDirectoryItems
                   _ResolveReferenceDependencies = false
                   _RestoreSolutionFileUsed = true
                   _RuntimePackInWorkloadVersion6 = 6.0.33
                   _RuntimePackInWorkloadVersion7 = 7.0.20
                   _RuntimePackInWorkloadVersionCurrent = 8.0.8
                   _SGenDllCreated = false
                   _SGenDllName = Jarvis.Core.XmlSerializers.dll
                   _SGenGenerateSerializationAssembliesConfig = Off
                   _ShimCreatedSentinelFile = C:\Users\NoahR\OneDrive\Desktop\Jarvis\src\Jarvis.Core\obj\Debug\net8.0\Jarvis.Core.shimcreated.sentinel
                   _ShimInputCacheFile = C:\Users\NoahR\OneDrive\Desktop\Jarvis\src\Jarvis.Core\obj\Debug\net8.0\Jarvis.Core.shiminput.cache
                   _SourceLinkAzureReposGitAssemblyFile = C:\Users\NoahR\OneDrive\Desktop\Jarvis\tools\dotnet\sdk\8.0.400\Sdks\Microsoft.SourceLink.AzureRepos.Git\build\..\tools\core\Microsoft.SourceLink.AzureRepos.Git.dll
                   _SourceLinkBitbucketAssemblyFile = C:\Users\NoahR\OneDrive\Desktop\Jarvis\tools\dotnet\sdk\8.0.400\Sdks\Microsoft.SourceLink.Bitbucket.Git\build\..\tools\core\Microsoft.SourceLink.Bitbucket.Git.dll
                   _SourceLinkGitHubAssemblyFile = C:\Users\NoahR\OneDrive\Desktop\Jarvis\tools\dotnet\sdk\8.0.400\Sdks\Microsoft.SourceLink.GitHub\build\..\tools\core\Microsoft.SourceLink.GitHub.dll
                   _SourceLinkGitLabAssemblyFile = C:\Users\NoahR\OneDrive\Desktop\Jarvis\tools\dotnet\sdk\8.0.400\Sdks\Microsoft.SourceLink.GitLab\build\..\tools\core\Microsoft.SourceLink.GitLab.dll
                   _SourceLinkPropsImported = true
                   _SourceLinkSdkSubDir = build
                   _SupportedArchitectures = amd64 arm64
                   _SupportedPlatformList = @(SupportedPlatform, ',')
                   _TargetFrameworkDirectories = 
                   _TargetFrameworkVersionValue = 0.0
                   _TargetFrameworkVersionWithoutV = 8.0
                   _TargetLatestRuntimePatchIsDefault = true
                   _TargetsThatPrepareProjectReferences = 
                         AssignProjectConfiguration;
                         _SplitProjectReferencesByFileExistence
                       
                   _ToolsSettingsFilePath = obj\DotnetToolSettings.xml
                   _UseAttributeForTargetFrameworkInfoPropertyNames = true
                   _UsingDefaultForHasRuntimeOutput = true
                   _UsingDefaultPlatformTarget = true
                   _WindowsDesktopSdkTargetFrameworkVersionFloor = 3.0
                   _WorkloadLibraryPacksFolder = C:\Users\NoahR\OneDrive\Desktop\Jarvis\tools\dotnet\library-packs
                   AddAdditionalExplicitAssemblyReferences = false
                   AllowedOutputExtensionsInPackageBuildOutputFolder = .dll; .exe; .winmd; .json; .pri; .xml ;
                   AllowedOutputExtensionsInSymbolsPackageBuildOutputFolder = .pdb; .mdb; .dll; .exe; .winmd; .json; .pri; .xml ;; 
                   AllowedReferenceAssemblyFileExtensions = 
                         .winmd;
                         .dll;
                         .exe
                       
                   AllowedReferenceRelatedFileExtensions = 
                         .pdb;
                         .xml;
                         .pri;
                         .dll.config;
                         .exe.config
                       
                   AllowUnsafeBlocks = false
                   AlwaysIncludeCoreFrameworkInRuntimeConfig = true
                   AlwaysUseNumericalSuffixInItemNames = true
                   AnalysisLevel = latest
                   ApiCompatValidatePackageSemaphoreFile = obj\Debug\net8.0\Microsoft.NET.ApiCompat.ValidatePackage.semaphore
                   AppDesignerFolder = Properties
                   AppendPlatformToOutputPath = false
                   AppendRuntimeIdentifierToOutputPath = true
                   AppendTargetFrameworkToOutputPath = true
                   AssemblyFoldersConfigFile = C:\Users\NoahR\OneDrive\Desktop\Jarvis\tools\dotnet\sdk\8.0.400\AssemblyFolders.config
                   AssemblyFoldersSuffix = AssemblyFoldersEx
                   AssemblyName = Jarvis.Core
                   AssemblySearchPaths = {CandidateAssemblyFiles};{HintPathFromItem};{TargetFrameworkDirectory};{RawFileName}
                   AssemblyTitle = Jarvis.Core
                   AssetTargetFallback = ;net461;net462;net47;net471;net472;net48;net481
                   AssignTargetPathsDependsOn = 
                   Authors = Jarvis.Core
                   AutomaticallyUseReferenceAssemblyPackages = true
                   AutoUnifyAssemblyReferences = true
                   AvailablePlatforms = Any CPU,x86,x64,ARM32,ARM64
                   BackwardsCompatFrameworkDefine = NETCOREAPP
                   BaseIntermediateOutputPath = obj\
                   BaseOutputPath = bin\
                   BaseOutputPathWasSpecified = true
                   BuildCompileAction = Build
                   BuildDependsOn = 
                         BeforeBuild;
                         CoreBuild;
                         AfterBuild
                       
                   BuildGenerateSourcesAction = Build
                   BuildingProject = false
                   BuildInParallel = true
                   BuildLinkAction = Build
                   BuildOutputTargetFolder = lib
                   BuildProjectReferences = true
                   BuiltProjectOutputGroupDependenciesDependsOn = 
                         ;
                         
                         ;
                         BuildOnlySettings;
                         PrepareForBuild;
                         AssignTargetPaths;
                         ResolveReferences
                       
                       
                   BuiltProjectOutputGroupDependsOn = PrepareForBuild
                   BundledNETCoreAppPackageVersion = 8.0.8
                   BundledNETCoreAppTargetFrameworkVersion = 8.0
                   BundledNETCorePlatformsPackageVersion = 8.0.8-servicing.24366.12
                   BundledNETStandardPackageVersion = 2.1.0
                   BundledNETStandardTargetFrameworkVersion = 2.1
                   BundledRuntimeIdentifierGraphFile = C:\Users\NoahR\OneDrive\Desktop\Jarvis\tools\dotnet\sdk\8.0.400\RuntimeIdentifierGraph.json
                   CheckEolWorkloads = true
                   CheckForOverflowUnderflow = false
                   CleanDependsOn = 
                         BeforeClean;
                         UnmanagedUnregistration;
                         CoreClean;
                         CleanReferencedProjects;
                         CleanPublishFolder;
                         AfterClean
                       
                   CleanFile = Jarvis.Core.csproj.FileListAbsolute.txt
                   ClickOncePublishDir = bin\Debug\net8.0\publish\
                   CodeAnalysisRuleIds = CA1000;CA1001;CA1002;CA1003;CA1005;CA1008;CA1010;CA1012;CA1014;CA1016;CA1017;CA1018;CA1019;CA1021;CA1024;CA1027;CA1028;CA1030;CA1031;CA1032;CA1033;CA1034;CA1036;CA1040;CA1041;CA1043;CA1044;CA1045;CA1046;CA1047;CA1050;CA1051;CA1052;CA1054;CA1055;CA1056;CA1058;CA1060;CA1061;CA1062;CA1063;CA1064;CA1065;CA1066;CA1067;CA1068;CA1069;CA1070;CA1200;CA1303;CA1304;CA1305;CA1307;CA1308;CA1309;CA1310;CA1311;CA1401;CA1416;CA1417;CA1418;CA1419;CA1420;CA1421;CA1422;CA1501;CA1502;CA1505;CA1506;CA1507;CA1508;CA1509;CA1510;CA1511;CA1512;CA1513;CA1700;CA1707;CA1708;CA1710;CA1711;CA1712;CA1713;CA1715;CA1716;CA1720;CA1721;CA1724;CA1725;CA1727;CA1802;CA1805;CA1806;CA1810;CA1812;CA1813;CA1814;CA1815;CA1816;CA1819;CA1820;CA1821;CA1822;CA1823;CA1824;CA1825;CA1826;CA1827;CA1828;CA1829;CA1830;CA1831;CA1832;CA1833;CA1834;CA1835;CA1836;CA1837;CA1838;CA1839;CA1840;CA1841;CA1842;CA1843;CA1844;CA1845;CA1846;CA1847;CA1848;CA1849;CA1850;CA1851;CA1852;CA1853;CA1854;CA1855;CA1856;CA1857;CA1858;CA1859;CA1860;CA1861;CA1862;CA1863;CA1864;CA1865;CA1866;CA1867;CA1868;CA1869;CA1870;CA2000;CA2002;CA2007;CA2008;CA2009;CA2011;CA2012;CA2013;CA2014;CA2015;CA2016;CA2017;CA2018;CA2019;CA2020;CA2021;CA2100;CA2101;CA2119;CA2153;CA2200;CA2201;CA2207;CA2208;CA2211;CA2213;CA2214;CA2215;CA2216;CA2217;CA2218;CA2219;CA2224;CA2225;CA2226;CA2227;CA2231;CA2234;CA2235;CA2237;CA2241;CA2242;CA2243;CA2244;CA2245;CA2246;CA2247;CA2248;CA2249;CA2250;CA2251;CA2252;CA2253;CA2254;CA2255;CA2256;CA2257;CA2258;CA2259;CA2260;CA2261;CA2300;CA2301;CA2302;CA2305;CA2310;CA2311;CA2312;CA2315;CA2321;CA2322;CA2326;CA2327;CA2328;CA2329;CA2330;CA2350;CA2351;CA2352;CA2353;CA2354;CA2355;CA2356;CA2361;CA2362;CA3001;CA3002;CA3003;CA3004;CA3005;CA3006;CA3007;CA3008;CA3009;CA3010;CA3011;CA3012;CA3061;CA3075;CA3076;CA3077;CA3147;CA5350;CA5351;CA5358;CA5359;CA5360;CA5361;CA5362;CA5363;CA5364;CA5365;CA5366;CA5367;CA5368;CA5369;CA5370;CA5371;CA5372;CA5373;CA5374;CA5375;CA5376;CA5377;CA5378;CA5379;CA5380;CA5381;CA5382;CA5383;CA5384;CA5385;CA5386;CA5387;CA5388;CA5389;CA5390;CA5391;CA5392;CA5393;CA5394;CA5395;CA5396;CA5397;CA5398;CA5399;CA5400;CA5401;CA5402;CA5403;CA5404;CA5405
                   CodeAnalysisTargets = C:\Users\NoahR\OneDrive\Desktop\Jarvis\tools\dotnet\sdk\8.0.400\Microsoft\VisualStudio\v17.0\CodeAnalysis\Microsoft.CodeAnalysis.targets
                   CommandLineArgsForDesignTimeEvaluation = -langversion:12.0 -define:TRACE
                   CommonOutputGroupsDependsOn = 
                         ;
                         BuildOnlySettings;
                         PrepareForBuild;
                         AssignTargetPaths;
                         ResolveReferences
                       
                   CommonTargetsPath = C:\Users\NoahR\OneDrive\Desktop\Jarvis\tools\dotnet\sdk\8.0.400\Microsoft.Common.CurrentVersion.targets
                   CommonXamlResourcesDirectory = C:\Users\NoahR\OneDrive\Desktop\Jarvis\tools\dotnet\sdk\8.0.400\\
                   Company = Jarvis.Core
                   CompileDependsOn = 
                         
                         ResolveReferences;
                         ResolveKeySource;
                         SetWin32ManifestProperties;
                         _SetPreferNativeArm64Win32ManifestProperties;
                         FindReferenceAssembliesForReferences;
                         _GenerateCompileInputs;
                         BeforeCompile;
                         _TimeStampBeforeCompile;
                         _GenerateCompileDependencyCache;
                         CoreCompile;
                         _TimeStampAfterCompile;
                         AfterCompile;
                       ;
                         _CreateAppHost;
                         _CreateComHost;
                         _GetIjwHostPaths;
                       
                   CompileLicxFilesDependsOn = 
                   CompilerApiVersion = roslyn4.11
                   CompilerGeneratedFilesOutputPath = 
                   ComputeIntermediateSatelliteAssembliesDependsOn = 
                         CreateManifestResourceNames
                       
                   ComputeNETCoreBuildOutputFiles = true
                   ComReferenceExecuteAsTool = false
                   ComReferenceNoClassMembers = false
                   Configuration = Debug
                   ConfigurationName = Debug
                   Configurations = Debug;Release
                   ConsiderPlatformAsProcessorArchitecture = true
                   ContainerCustomTasksAssembly = C:\Users\NoahR\OneDrive\Desktop\Jarvis\tools\dotnet\sdk\8.0.400\Containers\build\..\tasks\net8.0\Microsoft.NET.Build.Containers.dll
                   ContainerCustomTasksFolder = C:\Users\NoahR\OneDrive\Desktop\Jarvis\tools\dotnet\sdk\8.0.400\Containers\build\..\tasks\net8.0\
                   ContainerizeFolder = C:\Users\NoahR\OneDrive\Desktop\Jarvis\tools\dotnet\sdk\8.0.400\Containers\build\..\containerize\
                   ContainerizeFolderName = containerize
                   ContainerTaskFolderName = tasks
                   ContainerTaskFramework = net8.0
                   ContentFilesProjectOutputGroupDependsOn = PrepareForBuild;AssignTargetPaths
                   ContentPreprocessorOutputDirectory = obj\Debug\net8.0\NuGet\
                   ContentTargetFolders = content;contentFiles
                   ContinueOnError = false
                   CopyBuildOutputToPublishDirectory = true
                   CopyConflictingTransitiveContent = false
                   CopyLocalLockFileAssemblies = false
                   CopyOutputSymbolsToPublishDirectory = true
                   CoreBuildDependsOn = 
                         _CheckForBuildWithNoBuild;
                         
                         BuildOnlySettings;
                         PrepareForBuild;
                         PreBuildEvent;
                         ResolveReferences;
                         PrepareResources;
                         ResolveKeySource;
                         Compile;
                         ExportWindowsMDFile;
                         UnmanagedUnregistration;
                         GenerateSerializationAssemblies;
                         CreateSatelliteAssemblies;
                         GenerateManifests;
                         GetTargetPath;
                         PrepareForRun;
                         UnmanagedRegistration;
                         IncrementalClean;
                         PostBuildEvent
                       ;
                         GenerateBuildDependencyFile;
                         GenerateBuildRuntimeConfigurationFiles
                       
                   CoreCleanDependsOn = 
                         _SdkBeforeClean;
                         
                       
                   CoreCompileDependsOn = ;_ComputeNonExistentFileProperty;ResolveCodeAnalysisRuleSet
                   CoreResGenDependsOn = FindReferenceAssembliesForReferences
                   CreateCustomManifestResourceNamesDependsOn = 
                   CreateHardLinksForCopyAdditionalFilesIfPossible = false
                   CreateManifestResourceNamesDependsOn = 
                   CreateSatelliteAssembliesDependsOn = 
                         
                         ;
                         _GenerateSatelliteAssemblyInputs;
                         ComputeIntermediateSatelliteAssemblies;
                         GenerateSatelliteAssemblies
                       ;
                         CoreGenerateSatelliteAssemblies
                       
                   CreateSymbolicLinksForCopyAdditionalFilesIfPossible = false
                   CSharpCoreTargetsPath = C:\Users\NoahR\OneDrive\Desktop\Jarvis\tools\dotnet\sdk\8.0.400\Roslyn\Microsoft.CSharp.Core.targets
                   CSharpDesignTimeTargetsPath = C:\Users\NoahR\OneDrive\Desktop\Jarvis\tools\dotnet\sdk\8.0.400\\Microsoft\VisualStudio\Managed\Microsoft.CSharp.DesignTime.targets
                   CSharpTargetsPath = C:\Users\NoahR\OneDrive\Desktop\Jarvis\tools\dotnet\sdk\8.0.400\Microsoft.CSharp.CurrentVersion.targets
                   CustomAfterDirectoryBuildProps = ;C:\Users\NoahR\OneDrive\Desktop\Jarvis\tools\dotnet\sdk\8.0.400\Sdks\Microsoft.NET.Sdk\Sdk\UseArtifactsOutputPath.props
                   CustomAfterMicrosoftCommonProps = C:\Users\NoahR\OneDrive\Desktop\Jarvis\tools\dotnet\sdk\8.0.400\\vCurrent\Custom.After.Microsoft.Common.props
                   CustomAfterMicrosoftCommonTargets = C:\Users\NoahR\OneDrive\Desktop\Jarvis\tools\dotnet\sdk\8.0.400\\vCurrent\Custom.After.Microsoft.Common.targets
                   CustomAfterMicrosoftCSharpTargets = C:\Users\NoahR\OneDrive\Desktop\Jarvis\tools\dotnet\sdk\8.0.400\\vCurrent\Custom.After.Microsoft.CSharp.targets
                   CustomBeforeMicrosoftCommonProps = C:\Users\NoahR\OneDrive\Desktop\Jarvis\tools\dotnet\sdk\8.0.400\\vCurrent\Custom.Before.Microsoft.Common.props
                   CustomBeforeMicrosoftCommonTargets = C:\Users\NoahR\OneDrive\Desktop\Jarvis\tools\dotnet\sdk\8.0.400\\vCurrent\Custom.Before.Microsoft.Common.targets
                   CustomBeforeMicrosoftCSharpTargets = C:\Users\NoahR\OneDrive\Desktop\Jarvis\tools\dotnet\sdk\8.0.400\\vCurrent\Custom.Before.Microsoft.CSharp.targets
                   DebugSymbols = true
                   DebugSymbolsProjectOutputGroupDependenciesDependsOn = 
                         ;
                         
                         ;
                         BuildOnlySettings;
                         PrepareForBuild;
                         AssignTargetPaths;
                         ResolveReferences
                       
                       
                   DebugSymbolsProjectOutputGroupDependsOn = 
                   DebugType = portable
                   DefaultAllowedOutputExtensionsInPackageBuildOutputFolder = .dll; .exe; .winmd; .json; .pri; .xml
                   DefaultCopyToPublishDirectoryMetadata = true
                   DefaultExcludesInProjectFolder = ;;**/.*/**
                   DefaultImplicitPackages = Microsoft.NETCore.App;NETStandard.Library
                   DefaultItemExcludes = ;bin\Debug\/**;obj\Debug\/**;bin\/**;obj\/**;**/*.user;**/*.*proj;**/*.sln;**/*.vssscc;**/.DS_Store
                   DefaultLanguageSourceExtension = .cs
                   DefaultProjectTypeGuid = {FAE04EC0-301F-11D3-BF4B-00C04F79EFBC}
                   DefineCommonCapabilities = true
                   DefineCommonItemSchemas = true
                   DefineCommonReferenceSchemas = true
                   DefineConstants = TRACE;DEBUG;NET;NET8_0;NETCOREAPP
                   DelaySign = 
                   DeploymentComputeClickOnceManifestInfoDependsOn = 
                         CleanPublishFolder;
                         GetCopyToOutputDirectoryItems;
                         _DeploymentGenerateTrustInfo
                         
                       
                   DesignerRuntimeImplementationProjectOutputGroupDependsOn = 
                         
                         ;
                         
                         ;
                         BuildOnlySettings;
                         PrepareForBuild;
                         AssignTargetPaths;
                         ResolveReferences
                       
                       ;
                         _GenerateDesignerDepsFile;
                         _GenerateDesignerRuntimeConfigFile;
                         GetCopyToOutputDirectoryItems;
                         _GatherDesignerShadowCopyFiles;
                       
                   DesignTimeAssemblySearchPaths = {CandidateAssemblyFiles};{HintPathFromItem};{TargetFrameworkDirectory};{RawFileName}
                   DesignTimeAutoUnify = true
                   DesignTimeResolveAssemblyReferencesDependsOn = 
                         GetFrameworkPaths;
                         GetReferenceAssemblyPaths;
                         ResolveReferences
                       
                   Deterministic = true
                   DevEnvDir = *Undefined*
                   DirectoryBuildPropsPath = C:\Users\NoahR\OneDrive\Desktop\Jarvis\Directory.Build.props
                   DisableHandlePackageFileConflicts = true
                   DisableImplicitNuGetFallbackFolder = true
                   DisableLogTaskParameter_ConvertToAbsolutePath_Path = true
                   DisableLogTaskParameter_FindUnderPath_OutOfPath = true
                   DisableLogTaskParameter_RemoveDuplicates_Inputs = true
                   DisableLogTaskParameterItemMetadata_ConvertToAbsolutePath_AbsolutePaths = true
                   DisableLogTaskParameterItemMetadata_Copy_CopiedFiles = true
                   DisableLogTaskParameterItemMetadata_Copy_DestinationFiles = true
                   DisableLogTaskParameterItemMetadata_Copy_SourceFiles = true
                   DisableLogTaskParameterItemMetadata_FindUnderPath_Files = true
                   DisableLogTaskParameterItemMetadata_FindUnderPath_InPath = true
                   DisableLogTaskParameterItemMetadata_GenerateResource_FilesWritten = true
                   DisableLogTaskParameterItemMetadata_Hash_ItemsToHash = true
                   DisableLogTaskParameterItemMetadata_RemoveDuplicates_Filtered = true
                   DisableLogTaskParameterItemMetadata_WriteLinesToFile_Lines = true
                   DisableStandardFrameworkResolution = true
                   DocumentationFile = 
                   DocumentationProjectOutputGroupDependenciesDependsOn = 
                         ;
                         
                         ;
                         BuildOnlySettings;
                         PrepareForBuild;
                         AssignTargetPaths;
                         ResolveReferences
                       
                       
                   DocumentationProjectOutputGroupDependsOn = 
                   DOTNET_CLI_TELEMETRY_SESSIONID = 53639a73-61c7-4639-ac08-c5ef9b1528ed
                   DOTNET_HOST_PATH = C:\Users\NoahR\OneDrive\Desktop\Jarvis\tools\dotnet\dotnet.exe
                   DOTNET_MULTILEVEL_LOOKUP = 0
                   DotNetApiCompatTaskAssembly = C:\Users\NoahR\OneDrive\Desktop\Jarvis\tools\dotnet\sdk\8.0.400\Sdks\Microsoft.NET.Sdk\targets\..\tools\net8.0\Microsoft.DotNet.ApiCompat.Task.dll
                   DotnetCliToolTargetFramework = netcoreapp2.2
                   EffectiveAnalysisLevel = 8.0
                   EffectiveCodeAnalysisTreatWarningsAsErrors = 
                   EmbeddedResourceUseDependentUponConvention = true
                   EmbeddedWin32Manifest = 
                   EmbedUntrackedSources = true
                   EmitAssetsLogMessages = true
                   EmitCompilerGeneratedFiles = false
                   EmitLegacyAssetsFileItems = false
                   EnableDefaultCompileItems = true
                   EnableDefaultEmbeddedResourceItems = true
                   EnableDefaultItems = true
                   EnableDefaultNoneItems = true
                   EnableFrameworkPathOverride = false
                   EnableNETAnalyzers = true
                   EnableSourceControlManagerQueries = true
                   EnableSourceLink = true
                   EnableUnsafeBinaryFormatterSerialization = false
                   EnableWebSdkImplicitPackageVersions = false
                   EnforceCodeStyleInBuild = false
                   ErrorReport = prompt
                   ExcludeRestorePackageImports = true
                   ExpandSDKAllowedReferenceExtensions = 
                         .winmd;
                         .dll
                       
                   ExpandSDKReferencesDependsOn = 
                         ResolveSDKReferences
                       
                   FileAlignment = 512
                   FindInvalidProjectReferencesDependsOn = 
                         GetReferenceTargetPlatformMonikers
                       
                   Framework20Dir = @(_TargetFramework20DirectoryItem)
                   Framework30Dir = @(_TargetFramework30DirectoryItem)
                   Framework35Dir = @(_TargetFramework35DirectoryItem)
                   Framework40Dir = @(_TargetFramework40DirectoryItem)
                   FrameworkDir = @(_TargetFramework40DirectoryItem)
                   FrameworkPathOverride = 
                   FrameworkRegistryBase = Software\Microsoft\.NETCoreApp
                   FrameworkSDKDir = @(_TargetFrameworkSDKDirectoryItem)
                   FullReferenceAssemblyNames = Full
                   GenerateAssemblyCompanyAttribute = true
                   GenerateAssemblyConfigurationAttribute = true
                   GenerateAssemblyCopyrightAttribute = true
                   GenerateAssemblyDescriptionAttribute = true
                   GenerateAssemblyFileVersionAttribute = true
                   GenerateAssemblyInfo = true
                   GenerateAssemblyInformationalVersionAttribute = true
                   GenerateAssemblyMetadataAttributes = true
                   GenerateAssemblyProductAttribute = true
                   GenerateAssemblyTitleAttribute = true
                   GenerateAssemblyTrademarkAttribute = true
                   GenerateAssemblyVersionAttribute = true
                   GeneratedAssemblyInfoFile = obj\Debug\net8.0\Jarvis.Core.AssemblyInfo.cs
                   GenerateDependencyFile = true
                   GeneratedGlobalUsingsFile = obj\Debug\net8.0\Jarvis.Core.GlobalUsings.g.cs
                   GenerateDisableRuntimeMarshallingAttribute = true
                   GenerateDocumentationFile = false
                   GenerateFullPaths = true
                   GenerateInternalsVisibleToAttributes = true
                   GenerateManifestsDependsOn = 
                         SetWin32ManifestProperties;
                         GenerateApplicationManifest;
                         GenerateDeploymentManifest
                       
                   GenerateNeutralResourcesLanguageAttribute = true
                   GenerateNuspecDependsOn = Build;_LoadPackInputItems; _GetTargetFrameworksOutput; _WalkEachTargetPerFramework; _GetPackageFiles; 
                   GeneratePackageOnBuild = false
                   GenerateRepositoryUrlAttribute = true
                   GenerateRequiresPreviewFeaturesAttribute = true
                   GenerateResourceMSBuildArchitecture = CurrentArchitecture
                   GenerateResourceMSBuildRuntime = CurrentRuntime
                   GenerateResourceUsePreserializedResources = true
                   GenerateResourceWarnOnBinaryFormatterUse = true
                   GenerateRuntimeConfigDevFile = false
                   GenerateSatelliteAssembliesForCore = true
                   GenerateSupportedOSPlatformAttribute = true
                   GenerateTargetFrameworkAttribute = true
                   GenerateTargetPlatformAttribute = true
                   GetCopyToOutputDirectoryItemsDependsOn = 
                         AssignTargetPaths;
                         
                         AssignProjectConfiguration;
                         _SplitProjectReferencesByFileExistence
                       ;
                         _GetProjectReferenceTargetFrameworkProperties;
                         _PopulateCommonStateForGetCopyToOutputDirectoryItems
                       
                   GetFrameworkPathsDependsOn = 
                   GetReferenceNearestTargetFrameworkTaskSupportsTargetPlatformParameter = true
                   GetTargetPathDependsOn = 
                   GetTargetPathWithTargetPlatformMonikerDependsOn = 
                   HasRuntimeOutput = 
                   HideWarningsAndErrors = false
                   HighEntropyVA = true
                   ImplicitConfigurationDefine = DEBUG
                   ImplicitFrameworkDefine = NET8_0
                   ImplicitUsings = enable
                   ImportByWildcardAfterMicrosoftCommonProps = true
                   ImportByWildcardAfterMicrosoftCommonTargets = true
                   ImportByWildcardAfterMicrosoftCSharpTargets = true
                   ImportByWildcardBeforeMicrosoftCommonProps = true
                   ImportByWildcardBeforeMicrosoftCommonTargets = true
                   ImportByWildcardBeforeMicrosoftCSharpTargets = true
                   ImportDirectoryBuildProps = true
                   ImportDirectoryBuildTargets = true
                   ImportDirectoryPackagesProps = true
                   ImportFrameworkWinFXTargets = false
                   ImportNuGetBuildTasksPackTargetsFromSdk = true
                   ImportProjectExtensionProps = false
                   ImportProjectExtensionTargets = false
                   ImportUserLocationsByWildcardAfterMicrosoftCommonProps = true
                   ImportUserLocationsByWildcardAfterMicrosoftCommonTargets = true
                   ImportUserLocationsByWildcardAfterMicrosoftCSharpTargets = true
                   ImportUserLocationsByWildcardBeforeMicrosoftCommonProps = true
                   ImportUserLocationsByWildcardBeforeMicrosoftCommonTargets = true
                   ImportUserLocationsByWildcardBeforeMicrosoftCSharpTargets = true
                   IncludeBuildOutput = true
                   IncludeContentInPack = true
                   IncludeFileVersionsInDependencyFile = true
                   IncludeMainProjectInDepsFile = true
                   IncludeProjectsNotInAssetsFileInDepsFile = true
                   IncludeSourceRevisionInInformationalVersion = true
                   IncludeSymbolsInSingleFile = false
                   InnerBuildProperty = TargetFramework
                   InnerBuildPropertyValues = TargetFrameworks
                   IntermediateOutputPath = obj\Debug\net8.0\
                   IsNetCoreAppTargetingLatestTFM = true
                   IsPackable = true
                   IsPublishable = true
                   IsRestoreTargetsFileLoaded = true
                   IsRidAgnostic = true
                   Language = C#
                   LanguageTargets = C:\Users\NoahR\OneDrive\Desktop\Jarvis\tools\dotnet\sdk\8.0.400\Microsoft.CSharp.targets
                   LangVersion = 12.0
                   MarkPackageReferencesAsExternallyResolved = true
                   MaxSupportedLangVersion = 12.0
                   MaxTargetPath = 100
                   MicrosoftBuildTasksGitAssemblyFile = C:\Users\NoahR\OneDrive\Desktop\Jarvis\tools\dotnet\sdk\8.0.400\Sdks\Microsoft.Build.Tasks.Git\build\..\tools\core\Microsoft.Build.Tasks.Git.dll
                   MicrosoftCommonPropsHasBeenImported = true
                   MicrosoftNETBuildExtensionsTargets = C:\Users\NoahR\OneDrive\Desktop\Jarvis\tools\dotnet\sdk\8.0.400\\Microsoft\Microsoft.NET.Build.Extensions\Microsoft.NET.Build.Extensions.targets
                   MicrosoftNETBuildExtensionsTasksAssembly = C:\Users\NoahR\OneDrive\Desktop\Jarvis\tools\dotnet\sdk\8.0.400\Microsoft\Microsoft.NET.Build.Extensions\\tools\net8.0\Microsoft.NET.Build.Extensions.Tasks.dll
                   MicrosoftNETBuildTasksAssembly = C:\Users\NoahR\OneDrive\Desktop\Jarvis\tools\dotnet\sdk\8.0.400\Sdks\Microsoft.NET.Sdk\targets\..\tools\net8.0\Microsoft.NET.Build.Tasks.dll
                   MicrosoftNETBuildTasksDirectory = C:\Users\NoahR\OneDrive\Desktop\Jarvis\tools\dotnet\sdk\8.0.400\Sdks\Microsoft.NET.Sdk\targets\..\tools\net8.0\
                   MicrosoftNETBuildTasksDirectoryRoot = C:\Users\NoahR\OneDrive\Desktop\Jarvis\tools\dotnet\sdk\8.0.400\Sdks\Microsoft.NET.Sdk\targets\..\tools\
                   MicrosoftNETBuildTasksTFM = net8.0
                   MicrosoftNETCrossgenBuildTasksAssembly = C:\Users\NoahR\OneDrive\Desktop\Jarvis\tools\dotnet\sdk\8.0.400\Sdks\Microsoft.NET.Sdk\targets\..\tasks\net7.0\Microsoft.NET.Sdk.Crossgen.dll
                   MicrosoftNETFrameworkReferenceAssembliesLatestPackageVersion = 1.0.3
                   MicrosoftNETWindowsWorkloadInstalled = true
                   MinimumVisualStudioVersionForUnsupportedTargetFrameworkVersion = 17.8
                   MsAppxPackageTargets = C:\Users\NoahR\OneDrive\Desktop\Jarvis\tools\dotnet\sdk\8.0.400\Microsoft\VisualStudio\v17.0\AppxPackage\Microsoft.AppXPackage.Targets
                   MSBuildAllProjects = C:\Users\NoahR\OneDrive\Desktop\Jarvis\Directory.Build.props;;C:\Users\NoahR\OneDrive\Desktop\Jarvis\tools\dotnet\sdk\8.0.400\Current\Microsoft.Common.targets\ImportAfter\Microsoft.TestPlatform.ImportAfter.targets
                   MSBuildAssemblyVersion = 17.0
                   MSBuildBinPath = C:\Users\NoahR\OneDrive\Desktop\Jarvis\tools\dotnet\sdk\8.0.400
                   MSBuildCopyContentTransitively = true
                   MSBuildCopyMarkerName = Jarvis.C.3702E29A.Up2Date
                   MSBuildDisableFeaturesFromVersion = 999.999
                   MSBuildEnableWorkloadResolver = true
                   MSBuildExtensionsPath = C:\Users\NoahR\OneDrive\Desktop\Jarvis\tools\dotnet\sdk\8.0.400\
                   MSBuildExtensionsPath32 = C:\Users\NoahR\OneDrive\Desktop\Jarvis\tools\dotnet\sdk\8.0.400
                   MSBuildExtensionsPath64 = C:\Users\NoahR\OneDrive\Desktop\Jarvis\tools\dotnet\sdk\8.0.400
                   MSBUILDFAILONDRIVEENUMERATINGWILDCARD = 1
                   MSBuildFileVersion = 17.11.3.35201
                   MSBuildIsRestoring = True
                   MSBuildLoadMicrosoftTargetsReadOnly = true
                   MSBuildNodeCount = 16
                   MSBuildProgramFiles32 = C:\Program Files (x86)
                   MSBuildProjectDefaultTargets = Build
                   MSBuildProjectDirectory = C:\Users\NoahR\OneDrive\Desktop\Jarvis\src\Jarvis.Core
                   MSBuildProjectDirectoryNoRoot = Users\NoahR\OneDrive\Desktop\Jarvis\src\Jarvis.Core
                   MSBuildProjectExtension = .csproj
                   MSBuildProjectExtensionsPath = C:\Users\NoahR\OneDrive\Desktop\Jarvis\src\Jarvis.Core\obj\
                   MSBuildProjectFile = Jarvis.Core.csproj
                   MSBuildProjectFullPath = C:\Users\NoahR\OneDrive\Desktop\Jarvis\src\Jarvis.Core\Jarvis.Core.csproj
                   MSBuildProjectName = Jarvis.Core
                   MSBuildRestoreSessionId = 7da0b5e2-5104-46c9-9c2b-8c21faf1559e
                   MSBuildRuntimeType = Core
                   MSBuildSDKsPath = C:\Users\NoahR\OneDrive\Desktop\Jarvis\tools\dotnet\sdk\8.0.400\Sdks
                   MSBuildSemanticVersion = 17.11.3+0c8610977
                   MSBuildStartupDirectory = C:\Users\NoahR\OneDrive\Desktop\Jarvis
                   MSBuildToolsPath = C:\Users\NoahR\OneDrive\Desktop\Jarvis\tools\dotnet\sdk\8.0.400
                   MSBuildToolsVersion = Current
                   MSBuildUserExtensionsPath = C:\Users\NoahR\AppData\Local\Microsoft\MSBuild
                   MSBUILDUSESERVER = 0
                   MSBuildUseVisualStudioDirectoryLayout = False
                   MSBuildVersion = 17.11.3
                   MSBuildWarningsAsErrors = ;NU1605
                   MSBuildWarningsAsMessages = 1701;1702
                   MSBuildWarningsNotAsErrors = 
                   MsTestToolsTargets = C:\Users\NoahR\OneDrive\Desktop\Jarvis\tools\dotnet\sdk\8.0.400\Microsoft\VisualStudio\v17.0\TeamTest\Microsoft.TeamTest.targets
                   NETCoreAppMaximumVersion = 8.0
                   NetCoreRoot = C:\Users\NoahR\OneDrive\Desktop\Jarvis\tools\dotnet\
                   NETCoreSdkBundledCliToolsProps = C:\Users\NoahR\OneDrive\Desktop\Jarvis\tools\dotnet\sdk\8.0.400\Sdks\Microsoft.NET.Sdk\targets\..\..\..\Microsoft.NETCoreSdk.BundledCliTools.props
                   NETCoreSdkBundledVersionsProps = C:\Users\NoahR\OneDrive\Desktop\Jarvis\tools\dotnet\sdk\8.0.400\Sdks\Microsoft.NET.Sdk\targets\..\..\..\Microsoft.NETCoreSdk.BundledVersions.props
                   NETCoreSdkPortableRuntimeIdentifier = win-x64
                   NETCoreSdkRuntimeIdentifier = win-x64
                   NETCoreSdkVersion = 8.0.400
                   NetCoreTargetingPackRoot = C:\Users\NoahR\OneDrive\Desktop\Jarvis\tools\dotnet\packs
                   NoCompilerStandardLib = true
                   NoStdLib = true
                   NoWarn = 1701;1702
                   NuGetAudit = true
                   NuGetAuditLevel = low
                   NuGetAuditMode = direct
                   NuGetBuildTasksPackTargets = C:\Users\NoahR\OneDrive\Desktop\Jarvis\tools\dotnet\sdk\8.0.400\Sdks\Microsoft.NET.Sdk\Sdk\..\..\NuGet.Build.Tasks.Pack\build\NuGet.Build.Tasks.Pack.targets
                   NuGetInteractive = 
                   NuGetPackTaskAssemblyFile = ..\CoreCLR\NuGet.Build.Tasks.Pack.dll
                   NuGetPropsFile = C:\Users\NoahR\OneDrive\Desktop\Jarvis\tools\dotnet\sdk\8.0.400\NuGet.props
                   NuGetRestoreTargets = C:\Users\NoahR\OneDrive\Desktop\Jarvis\tools\dotnet\sdk\8.0.400\NuGet.targets
                   NuGetTargetMoniker = .NETCoreApp,Version=v8.0
                   Nullable = enable
                   NuspecOutputPath = obj\Debug\
                   Optimize = false
                   OutDir = bin\Debug\net8.0\
                   OutputPath = bin\Debug\net8.0\
                   OutputType = Library
                   OverwriteReadOnlyFiles = false
                   PackageDescription = Package Description
                   PackageDownloadSupported = true
                   PackagedShimOutputRootDirectory = bin\Debug\net8.0\
                   PackageId = Jarvis.Core
                   PackageOutputPath = bin\Debug\
                   PackageRequireLicenseAcceptance = false
                   PackageVersion = 1.0.0
                   PackDependsOn = ; _IntermediatePack; GenerateNuspec; 
                   PackRelease = true
                   Platform = AnyCPU
                   PlatformName = AnyCPU
                   Platforms = AnyCPU
                   PostBuildEventDependsOn = 
                   PreBuildEventDependsOn = 
                   Prefer32Bit = false
                   PrepareForBuildDependsOn = ;GetFrameworkPaths;GetReferenceAssemblyPaths;AssignLinkMetadata
                   PrepareForRunDependsOn = 
                         CopyFilesToOutputDirectory
                       
                   PrepareProjectReferencesDependsOn = 
                         AssignProjectConfiguration;
                         _SplitProjectReferencesByFileExistence;
                         _GetProjectReferenceTargetFrameworkProperties;
                         _GetProjectReferencePlatformProperties
                       
                   PrepareResourceNamesDependsOn = 
                         AssignTargetPaths;
                         SplitResourcesByCulture;
                         CreateManifestResourceNames;
                         CreateCustomManifestResourceNames
                       
                   PrepareResourcesDependsOn = 
                         ResolvePackageDependenciesForBuild;
                         _HandlePackageFileConflicts;
                         
                         ;
                         PrepareResourceNames;
                         ResGen;
                         CompileLicxFiles
                       
                       
                   PreserveCompilationReferences = 
                   ProcessorArchitecture = msil
                   ProcessorArchitectureAsPlatform = AnyCPU
                   ProduceReferenceAssembly = true
                   Product = Jarvis.Core
                   ProjectAssetsCacheFile = C:\Users\NoahR\OneDrive\Desktop\Jarvis\src\Jarvis.Core\obj\Debug\net8.0\Jarvis.Core.assets.cache
                   ProjectAssetsFile = C:\Users\NoahR\OneDrive\Desktop\Jarvis\src\Jarvis.Core\obj\project.assets.json
                   ProjectDepsFileName = Jarvis.Core.deps.json
                   ProjectDepsFilePath = C:\Users\NoahR\OneDrive\Desktop\Jarvis\src\Jarvis.Core\bin\Debug\net8.0\Jarvis.Core.deps.json
                   ProjectDesignTimeAssemblyResolutionSearchPaths = 
                         {CandidateAssemblyFiles};
                         ;
                         {HintPathFromItem};
                         {TargetFrameworkDirectory};
                         {Registry:Software\Microsoft\.NETCoreApp,v8.0,AssemblyFoldersEx};
                         {RawFileName};
                         C:\Users\NoahR\OneDrive\Desktop\Jarvis\src\Jarvis.Core\bin\Debug\net8.0\
                       
                   ProjectDir = C:\Users\NoahR\OneDrive\Desktop\Jarvis\src\Jarvis.Core\
                   ProjectExt = .csproj
                   ProjectFileName = Jarvis.Core.csproj
                   ProjectFlavor = Client
                   ProjectName = Jarvis.Core
                   ProjectPath = C:\Users\NoahR\OneDrive\Desktop\Jarvis\src\Jarvis.Core\Jarvis.Core.csproj
                   ProjectRuntimeConfigFileName = Jarvis.Core.runtimeconfig.json
                   ProjectRuntimeConfigFilePath = C:\Users\NoahR\OneDrive\Desktop\Jarvis\src\Jarvis.Core\bin\Debug\net8.0\Jarvis.Core.runtimeconfig.json
                   PublishableProject = 
                   PublishBuildDependsOn = 
                         BuildOnlySettings;
                         PrepareForBuild;
                         ResolveReferences;
                         PrepareResources;
                         ResolveKeySource;
                         GenerateSerializationAssemblies;
                         CreateSatelliteAssemblies;
                       
                   PublishContainerDependsOn = 
                         _ContainerVerifySDKVersion;
                         ComputeContainerConfig;
                         _CheckContainersPackage
                       
                   PublishDependsOn = 
                         _DeploymentUnpublishable
                       
                   PublishDir = bin\Debug\net8.0\publish\
                   PublishDirName = publish
                   PublishDocumentationFile = true
                   PublishDocumentationFiles = true
                   PublishItemsOutputGroupDependsOn = 
                         ;
                         ResolveReferences;
                         ComputeResolvedFilesToPublishList;
                         _ComputeFilesToBundle;
                       
                   PublishOnlyDependsOn = 
                         SetGenerateManifests;
                         PublishBuild;
                         BeforePublish;
                         GenerateManifests;
                         CopyFilesToOutputDirectory;
                         _CopyFilesToPublishFolder;
                         _DeploymentGenerateBootstrapper;
                         ResolveKeySource;
                         _DeploymentSignClickOnceDeployment;
                         AfterPublish
                       
                   PublishProfileImported = false
                   PublishReadyToRunComposite = false
                   PublishReadyToRunPerfmapFormatVersion = 1
                   PublishReadyToRunUseCrossgen2 = true
                   PublishReadyToRunUseRuntimePackOptimizationData = true
                   PublishReferencesDocumentationFiles = true
                   PublishRelease = true
                   RebuildDependsOn = 
                         _SdkBeforeRebuild;
                         
                         BeforeRebuild;
                         Clean;
                         Build;
                         AfterRebuild;
                       
                       
                   RefAssembliesFolderName = refs
                   ReferenceCopyLocalPathsOutputGroupDependsOn = 
                         ;
                         
                         ;
                         BuildOnlySettings;
                         PrepareForBuild;
                         AssignTargetPaths;
                         ResolveReferences
                       
                       
                   ReportingServicesTargets = C:\Users\NoahR\OneDrive\Desktop\Jarvis\tools\dotnet\sdk\8.0.400\\Microsoft\VisualStudio\v17.0\ReportingServices\Microsoft.ReportingServices.targets
                   ResGenDependsOn = ResolveAssemblyReferences;SplitResourcesByCulture;BeforeResGen;CoreResGen;AfterResGen
                   ResGenExecuteAsTool = false
                   ResolveAssemblyReferenceOutputUnresolvedAssemblyConflicts = true
                   ResolveAssemblyReferencesDependsOn = 
                         
                         
                         ResolveProjectReferences;
                         FindInvalidProjectReferences;
                         GetFrameworkPaths;
                         GetReferenceAssemblyPaths;
                         PrepareForBuild;
                         ResolveSDKReferences;
                         ExpandSDKReferences;
                       ;
                         ResolvePackageDependenciesForBuild;
                         _HandlePackageFileConflicts;
                       ;
                         ResolveTargetingPackAssets;
                       
                   ResolveNuGetPackages = false
                   ResolvePackageDependenciesForBuildDependsOn = 
                         ResolveLockFileReferences;
                         ResolveLockFileAnalyzers;
                         ResolveLockFileCopyLocalFiles;
                         ResolveRuntimePackAssets;
                         RunProduceContentAssets;
                         IncludeTransitiveProjectReferences
                       
                   ResolveReferencesDependsOn = 
                         BeforeResolveReferences;
                         AssignProjectConfiguration;
                         ResolveProjectReferences;
                         FindInvalidProjectReferences;
                         ResolveNativeReferences;
                         ResolveAssemblyReferences;
                         GenerateBindingRedirects;
                         GenerateBindingRedirectsUpdateAppConfig;
                         ResolveComReferences;
                         AfterResolveReferences
                       
                   ResolveSDKReferencesDependsOn = 
                         GetInstalledSDKLocations
                       
                   RestoreBuildInParallel = true
                   RestoreContinueOnError = WarnAndContinue
                   RestoreFallbackFolders = 
                   RestoreOutputPath = C:\Users\NoahR\OneDrive\Desktop\Jarvis\src\Jarvis.Core\obj\
                   RestoreProjectStyle = PackageReference
                   RestoreRecursive = true
                   RestoreTaskAssemblyFile = NuGet.Build.Tasks.dll
                   RestoreUseSkipNonexistentTargets = true
                   RootNamespace = Jarvis.Core
                   RoslynTargetsPath = C:\Users\NoahR\OneDrive\Desktop\Jarvis\tools\dotnet\sdk\8.0.400\Roslyn
                   RunDependsOn = 
                   RunPackageValidationDependsOn = CollectApiCompatInputs;_GetReferencePathFromInnerProjects;
                   RuntimeIdentifierGraphPath = C:\Users\NoahR\OneDrive\Desktop\Jarvis\tools\dotnet\sdk\8.0.400/PortableRuntimeIdentifierGraph.json
                   RunWorkingDirectory = 
                   SatelliteDllsProjectOutputGroupDependenciesDependsOn = 
                         ;
                         
                         ;
                         BuildOnlySettings;
                         PrepareForBuild;
                         AssignTargetPaths;
                         ResolveReferences
                       
                       
                   SatelliteDllsProjectOutputGroupDependsOn = ;PrepareForBuild;PrepareResourceNames
                   SDKContainerSupportEnabled = true
                   SDKRedistOutputGroupDependsOn = ResolveSDKReferences;ExpandSDKReferences
                   SDKReferenceDirectoryRoot = C:\Users\NoahR\AppData\Local\Microsoft SDKs;C:\Program Files (x86)\Microsoft SDKs
                   SDKReferenceRegistryRoot = Software\Microsoft\Microsoft SDKs
                   SGenFilesOutputGroupDependenciesDependsOn = 
                         ;
                         
                         ;
                         BuildOnlySettings;
                         PrepareForBuild;
                         AssignTargetPaths;
                         ResolveReferences
                       
                       
                   SGenFilesOutputGroupDependsOn = 
                   SGenShouldGenerateSerializer = true
                   SGenUseKeep = false
                   SGenUseProxyTypes = true
                   ShouldMarkCertainSDKReferencesAsRuntimeOnly = true
                   SignAssembly = false
                   SkipCopyUnchangedFiles = true
                   SkipImportNuGetBuildTargets = true
                   SkipImportNuGetProps = true
                   SolutionDir = C:\Users\NoahR\OneDrive\Desktop\Jarvis\
                   SolutionExt = .sln
                   SolutionFileName = Jarvis.sln
                   SolutionName = Jarvis
                   SolutionPath = C:\Users\NoahR\OneDrive\Desktop\Jarvis\Jarvis.sln
                   SourceControlInformationFeatureSupported = true
                   SourceControlManagerUrlTranslationTargets = ;TranslateGitHubUrlsInSourceControlInformation;TranslateGitLabUrlsInSourceControlInformation;TranslateAzureReposGitUrlsInSourceControlInformation;TranslateBitbucketGitUrlsInSourceControlInformation
                   SourceFilesProjectOutputGroupDependsOn = PrepareForBuild;AssignTargetPaths
                   SourceLinkUrlInitializerTargets = ;_InitializeGitHubSourceLinkUrl;_InitializeGitLabSourceLinkUrl;_InitializeAzureReposGitSourceLinkUrl;_InitializeBitbucketGitSourceLinkUrl
                   SourceRootMappedPathsFeatureSupported = true
                   SupportedOSPlatformVersion = 
                   SupportsRoslynComponentVersioning = true
                   SuppressDependenciesWhenPacking = false
                   SymbolPackageFormat = symbols.nupkg
                   TargetCulture = *
                   TargetDeployManifestFileName = Jarvis.Core.application
                   TargetDir = C:\Users\NoahR\OneDrive\Desktop\Jarvis\src\Jarvis.Core\bin\Debug\net8.0\
                   TargetedFrameworkDir = @(_TargetedFrameworkDirectoryItem)
                   TargetedSDKArchitecture = msil
                   TargetedSDKConfiguration = Debug
                   TargetExt = .dll
                   TargetFileName = Jarvis.Core.dll
                   TargetFramework = net8.0
                   TargetFrameworkDirectory = 
                   TargetFrameworkIdentifier = .NETCoreApp
                   TargetFrameworkMoniker = .NETCoreApp,Version=v8.0
                   TargetFrameworkMonikerAssemblyAttributesPath = obj\Debug\net8.0\.NETCoreApp,Version=v8.0.AssemblyAttributes.cs
                   TargetFrameworkMonikerDisplayName = .NET 8.0
                   TargetFrameworkSDKToolsDirectory = 
                   TargetFrameworkVersion = v8.0
                   TargetLatestRuntimePatch = false
                   TargetName = Jarvis.Core
                   TargetPath = C:\Users\NoahR\OneDrive\Desktop\Jarvis\src\Jarvis.Core\bin\Debug\net8.0\Jarvis.Core.dll
                   TargetPlatformDisplayName =  
                   TargetPlatformIdentifier = 
                   TargetPlatformRegistryBase = Software\Microsoft\Microsoft SDKs\
                   TargetPlatformSdkPath = 
                   TargetPlatformVersion = 
                   TargetRefPath = C:\Users\NoahR\OneDrive\Desktop\Jarvis\src\Jarvis.Core\obj\Debug\net8.0\ref\Jarvis.Core.dll
                   TargetRuntime = Managed
                   TargetsCurrent = true
                   TargetsForTfmSpecificContentInPackage = ;PackTool;_PackProjectToolValidation
                   TargetsNet8 = true
                   ToolCommandName = Jarvis.Core
                   ToolDepsJsonGeneratorProject = C:\Users\NoahR\OneDrive\Desktop\Jarvis\tools\dotnet\sdk\8.0.400\Sdks\Microsoft.NET.Sdk\targets\GenerateDeps\GenerateDeps.proj
                   ToolEntryPoint = Jarvis.Core.dll
                   TreatWarningsAsErrors = false
                   UnmanagedRegistrationDependsOn = 
                   UnmanagedUnregistrationDependsOn = 
                   UnsupportedTargetFrameworkVersion = 9.0
                   UseCommonOutputDirectory = false
                   UseDefaultPlatformLookupTables = true
                   UseHostCompilerIfAvailable = true
                   UseMSBuildTestInfrastructure = false
                   UseOSWinMdReferences = false
                   UseRidGraph = false
                   UserProfileRuntimeStorePath = C:\Users\NoahR\.dotnet\store
                   UserRuntimeConfig = C:\Users\NoahR\OneDrive\Desktop\Jarvis\src\Jarvis.Core/runtimeconfig.template.json
                   UseSourcePath = true
                   UsingMicrosoftNETSdk = true
                   UsingNETSdkDefaults = true
                   Utf8Output = true
                   ValidateRuntimeIdentifierCompatibility = false
                   VerifyMatchingImplicitPackageVersion = true
                   Version = 1.0.0
                   VersionlessImplicitFrameworkDefine = NET
                   VersionPrefix = 1.0.0
                   VisualStudioVersion = 17.0
                   VSTestConsolePath = C:\Users\NoahR\OneDrive\Desktop\Jarvis\tools\dotnet\sdk\8.0.400\vstest.console.dll
                   VSTestNoBuild = False
                   VSTestTargets = C:\Users\NoahR\OneDrive\Desktop\Jarvis\tools\dotnet\sdk\8.0.400\\Microsoft.TestPlatform.targets
                   VSTestTaskAssemblyFile = Microsoft.TestPlatform.Build.dll
                   VsTestUseMSBuildOutput = False
                   WarningLevel = 8
                   WarningsAsErrors = ;NU1605;SYSLIB0011
                   WarnOnPackingNonPackableProject = false
                   WebReference_EnableLegacyEventingModel = false
                   WebReference_EnableProperties = true
                   WebReference_EnableSQLTypes = true
                   WMSJSProject = WJProject
                   WMSJSProjectDirectory = JavaScript
                   YieldDuringToolExecution = true

21:01:44.708     0>Initial Items:
                   _AllDirectoriesAbove
                       C:\
                       C:\Users
                       C:\Users\NoahR
                       C:\Users\NoahR\OneDrive
                       C:\Users\NoahR\OneDrive\Desktop
                       C:\Users\NoahR\OneDrive\Desktop\Jarvis
                       C:\Users\NoahR\OneDrive\Desktop\Jarvis\src
                       C:\Users\NoahR\OneDrive\Desktop\Jarvis\src\Jarvis.Core
                   _ApplicationManifestFinal
                       bin\Debug\net8.0\Native.Jarvis.Core.manifest
                           TargetPath = Native.Jarvis.Core.manifest
                   _DebugSymbolsIntermediatePath
                       obj\Debug\net8.0\Jarvis.Core.pdb
                   _DebugSymbolsOutputPath
                       bin\Debug\net8.0\Jarvis.Core.pdb
                   _DeploymentManifestEntryPoint
                       obj\Debug\net8.0\Jarvis.Core.dll
                           TargetPath = Jarvis.Core.dll
                   _EolNetCoreTargetFrameworkVersions
                       1.0
                       1.1
                       2.0
                       2.1
                       2.2
                       3.0
                       3.1
                       5.0
                   _ExcludedKnownRuntimeIdentiferPlatforms
                       rhel.6
                       rhel.6
                       rhel.6
                       rhel.6
                       rhel.6
                       rhel.6
                       tizen.4.0.0
                       tizen.4.0.0
                       tizen.4.0.0
                       tizen.4.0.0
                       tizen.4.0.0
                       tizen.4.0.0
                       tizen.5.0.0
                       tizen.5.0.0
                       tizen.5.0.0
                       tizen.5.0.0
                       tizen.5.0.0
                       tizen.5.0.0
                   _KnownRuntimeIdentiferPlatforms
                       any
                       any
                       any
                       any
                       any
                       any
                       aot
                       aot
                       aot
                       aot
                       aot
                       aot
                       freebsd
                       freebsd
                       freebsd
                       freebsd
                       freebsd
                       freebsd
                       illumos
                       illumos
                       illumos
                       illumos
                       illumos
                       illumos
                       solaris
                       solaris
                       solaris
                       solaris
                       solaris
                       solaris
                       unix
                       unix
                       unix
                       unix
                       unix
                       unix
                   _OutputPathItem
                       bin\Debug\net8.0\
                   _ResolveComReferenceCache
                       obj\Debug\net8.0\Jarvis.Core.csproj.ResolveComReference.cache
                   _UnmanagedRegistrationCache
                       obj\Jarvis.Core.csproj.UnmanagedRegistration.cache
                   _ValidProjectsForRestore
                       C:\Users\NoahR\OneDrive\Desktop\Jarvis\src\Jarvis.Core\Jarvis.Core.csproj
                   AdditionalTargetFrameworkInfoProperty
                       _IsExecutable
                       _SelfContainedWasSpecified
                       IsRidAgnostic
                       SelfContained
                       ShouldBeValidatedAsExecutableReference
                   Analyzer
                       C:\Users\NoahR\OneDrive\Desktop\Jarvis\tools\dotnet\sdk\8.0.400\Sdks\Microsoft.NET.Sdk\targets\..\analyzers\Microsoft.CodeAnalysis.CSharp.NetAnalyzers.dll
                           IsImplicitlyDefined = true
                       C:\Users\NoahR\OneDrive\Desktop\Jarvis\tools\dotnet\sdk\8.0.400\Sdks\Microsoft.NET.Sdk\targets\..\analyzers\Microsoft.CodeAnalysis.NetAnalyzers.dll
                           IsImplicitlyDefined = true
                   AppConfigFileDestination
                       bin\Debug\net8.0\Jarvis.Core.dll.config
                   ApplicationManifest
                       obj\Debug\net8.0\Native.Jarvis.Core.manifest
                           TargetPath = Native.Jarvis.Core.manifest
                   BuiltProjectOutputGroupKeyOutput
                       C:\Users\NoahR\OneDrive\Desktop\Jarvis\src\Jarvis.Core\obj\Debug\net8.0\Jarvis.Core.dll
                           IsKeyOutput = true
                           FinalOutputPath = C:\Users\NoahR\OneDrive\Desktop\Jarvis\src\Jarvis.Core\bin\Debug\net8.0\Jarvis.Core.dll
                           TargetPath = Jarvis.Core.dll
                   ClsidMap
                       obj\Debug\net8.0\Jarvis.Core.clsidmap
                   Compile
                       ActionSafety.cs
                       AgentContracts.cs
                       AgentStateStore.cs
                       ApiKeyResolution.cs
                       AppIntegrationTools.cs
                       AssistantPersonaConfiguration.cs
                       AssistantPlanner.cs
                       AssistantPlanner.Formatting.cs
                       AssistantPlanner.Intents.cs
                       AssistantPlanner.ModelCalls.cs
                       AssistantPlanner.ToolCalling.cs
                       AssistantPresenceStyle.cs
                       AssistantTurn.cs
                       ConversationState.cs
                       DesktopAutomation.cs
                       DesktopAutomationAdvancedTools.cs
                       JarvisAssistant.cs
                       JarvisCommandCatalog.cs
                       JarvisOptions.cs
                       JsonLineTranscriptStore.cs
                       JsonMemoryStore.cs
                       LocalNetworkMonitoring.cs
                       MemoryAutomation.cs
                       MemoryModels.cs
                       MemoryPolicies.cs
                       MemorySemanticSearch.cs
                       ModelGateway.cs
                       Tools.cs
                       UiControlTools.cs
                       UiSafetyExtensions.cs
                       UserStateProvider.cs
                       VisualContext.cs
                       WeatherService.cs
                       WebResearchService.cs
                       Win32UiAutomation.Advanced.cs
                       Win32UiAutomation.cs
                       Win32UiAutomation.Text.cs
                   CompilerVisibleProperty
                       _SupportedPlatformList
                       EnableComHosting
                       EnableGeneratedComInterfaceComImportInterop
                       EnforceExtendedAnalyzerRules
                       InvariantGlobalization
                       PlatformNeutralAssembly
                       ProjectDir
                       ProjectTypeGuids
                       RootNamespace
                       TargetFramework
                       TargetPlatformMinVersion
                       UsingMicrosoftNETSdkWeb
                   CopyUpToDateMarker
                       C:\Users\NoahR\OneDrive\Desktop\Jarvis\src\Jarvis.Core\obj\Debug\net8.0\Jarvis.C.3702E29A.Up2Date
                   CreateDirectory
                       C:\Users\NoahR\OneDrive\Desktop\Jarvis\src\Jarvis.Core\obj\Debug\net8.0\refint\
                       obj\Debug\net8.0\ref
                   DebugSymbolsProjectOutputGroupOutput
                       C:\Users\NoahR\OneDrive\Desktop\Jarvis\src\Jarvis.Core\obj\Debug\net8.0\Jarvis.Core.pdb
                           FinalOutputPath = C:\Users\NoahR\OneDrive\Desktop\Jarvis\src\Jarvis.Core\bin\Debug\net8.0\Jarvis.Core.pdb
                           TargetPath = Jarvis.Core.pdb
                   DeployManifest
                       obj\Debug\net8.0\Jarvis.Core.application
                           TargetPath = Jarvis.Core.application
                   EmbedInBinlog
                       C:\Users\NoahR\OneDrive\Desktop\Jarvis\src\Jarvis.Core\obj\project.assets.json
                   FrameworkReference
                       Microsoft.NETCore.App
                           IsImplicitlyDefined = true
                           PrivateAssets = All
                           Pack = false
                   GenerateRuntimeConfigurationFilesInputs
                       C:\Users\NoahR\OneDrive\Desktop\Jarvis\src\Jarvis.Core\obj\Debug\net8.0\Jarvis.Core.assets.cache
                       C:\Users\NoahR\OneDrive\Desktop\Jarvis\src\Jarvis.Core\obj\project.assets.json
                   GlobalAnalyzerConfigFiles
                       C:\.globalconfig
                       C:\Users\.globalconfig
                       C:\Users\NoahR\.globalconfig
                       C:\Users\NoahR\OneDrive\.globalconfig
                       C:\Users\NoahR\OneDrive\Desktop\.globalconfig
                       C:\Users\NoahR\OneDrive\Desktop\Jarvis\.globalconfig
                       C:\Users\NoahR\OneDrive\Desktop\Jarvis\src\.globalconfig
                       C:\Users\NoahR\OneDrive\Desktop\Jarvis\src\Jarvis.Core\.globalconfig
                   ImplicitPackageReferenceVersion
                       Microsoft.AspNetCore.All
                           LatestVersion = 2.1.30
                           DefaultVersion = 2.1.1
                           TargetFrameworkVersion = 2.1
                       Microsoft.AspNetCore.All
                           LatestVersion = 2.2.8
                           DefaultVersion = 2.2.0
                           TargetFrameworkVersion = 2.2
                       Microsoft.AspNetCore.App
                           LatestVersion = 2.1.30
                           DefaultVersion = 2.1.1
                           TargetFrameworkVersion = 2.1
                       Microsoft.AspNetCore.App
                           LatestVersion = 2.2.8
                           DefaultVersion = 2.2.0
                           TargetFrameworkVersion = 2.2
                       Microsoft.NETCore.App
                           LatestVersion = 1.0.16
                           DefaultVersion = 1.0.5
                           TargetFrameworkVersion = 1.0
                       Microsoft.NETCore.App
                           LatestVersion = 1.1.13
                           DefaultVersion = 1.1.2
                           TargetFrameworkVersion = 1.1
                       Microsoft.NETCore.App
                           LatestVersion = 2.0.9
                           DefaultVersion = 2.0.0
                           TargetFrameworkVersion = 2.0
                       Microsoft.NETCore.App
                           LatestVersion = 2.1.30
                           DefaultVersion = 2.1.0
                           TargetFrameworkVersion = 2.1
                       Microsoft.NETCore.App
                           LatestVersion = 2.2.8
                           DefaultVersion = 2.2.0
                           TargetFrameworkVersion = 2.2
                   IntermediateAssembly
                       obj\Debug\net8.0\Jarvis.Core.dll
                   IntermediateRefAssembly
                       obj\Debug\net8.0\refint\Jarvis.Core.dll
                   KnownAppHostPack
                       Microsoft.NETCore.App
                           ExcludedRuntimeIdentifiers = android
                           AppHostRuntimeIdentifiers = linux-arm;linux-arm64;linux-musl-arm64;linux-musl-x64;linux-x64;osx-x64;rhel.6-x64;tizen.4.0.0-armel;tizen.5.0.0-armel;win-arm64;win-x64;win-x86;linux-musl-arm;osx-arm64;linux-s390x;linux-bionic-arm;linux-bionic-arm64;linux-bionic-x64;linux-bionic-x86;linux-ppc64le
                           TargetFramework = net8.0
                           AppHostPackNamePattern = Microsoft.NETCore.App.Host.**RID**
                           AppHostPackVersion = 8.0.8
                       Microsoft.NETCore.App
                           ExcludedRuntimeIdentifiers = android
                           AppHostRuntimeIdentifiers = linux-arm;linux-arm64;linux-musl-arm64;linux-musl-x64;linux-x64;osx-x64;rhel.6-x64;tizen.4.0.0-armel;tizen.5.0.0-armel;win-arm;win-arm64;win-x64;win-x86;linux-musl-arm;osx-arm64;linux-s390x;linux-bionic-arm;linux-bionic-arm64;linux-bionic-x64;linux-bionic-x86;linux-ppc64le
                           TargetFramework = net7.0
                           AppHostPackNamePattern = Microsoft.NETCore.App.Host.**RID**
                           AppHostPackVersion = 7.0.20
                       Microsoft.NETCore.App
                           ExcludedRuntimeIdentifiers = android
                           AppHostRuntimeIdentifiers = linux-arm;linux-arm64;linux-musl-arm64;linux-musl-x64;linux-x64;osx-x64;rhel.6-x64;tizen.4.0.0-armel;tizen.5.0.0-armel;win-arm;win-arm64;win-x64;win-x86;linux-musl-arm;osx-arm64;linux-s390x
                           TargetFramework = net6.0
                           AppHostPackNamePattern = Microsoft.NETCore.App.Host.**RID**
                           AppHostPackVersion = 6.0.33
                       Microsoft.NETCore.App
                           AppHostRuntimeIdentifiers = linux-arm;linux-arm64;linux-musl-arm64;linux-musl-x64;linux-x64;osx-x64;rhel.6-x64;tizen.4.0.0-armel;tizen.5.0.0-armel;win-arm;win-arm64;win-x64;win-x86;linux-musl-arm
                           TargetFramework = net5.0
                           AppHostPackNamePattern = Microsoft.NETCore.App.Host.**RID**
                           AppHostPackVersion = 5.0.17
                       Microsoft.NETCore.App
                           AppHostRuntimeIdentifiers = linux-arm;linux-arm64;linux-musl-arm64;linux-musl-x64;linux-x64;osx-x64;rhel.6-x64;tizen.4.0.0-armel;tizen.5.0.0-armel;win-arm;win-arm64;win-x64;win-x86
                           TargetFramework = netcoreapp3.1
                           AppHostPackNamePattern = Microsoft.NETCore.App.Host.**RID**
                           AppHostPackVersion = 3.1.32
                       Microsoft.NETCore.App
                           AppHostRuntimeIdentifiers = linux-arm;linux-arm64;linux-musl-arm64;linux-musl-x64;linux-x64;osx-x64;rhel.6-x64;tizen.4.0.0-armel;tizen.5.0.0-armel;win-arm;win-arm64;win-x64;win-x86
                           TargetFramework = netcoreapp3.0
                           AppHostPackNamePattern = Microsoft.NETCore.App.Host.**RID**
                           AppHostPackVersion = 3.0.3
                   KnownCrossgen2Pack
                       Microsoft.NETCore.App.Crossgen2
                           Crossgen2RuntimeIdentifiers = linux-musl-x64;linux-x64;win-x64;linux-arm;linux-arm64;linux-musl-arm;linux-musl-arm64;osx-arm64;osx-x64;win-arm64;win-x86
                           TargetFramework = net8.0
                           Crossgen2PackNamePattern = Microsoft.NETCore.App.Crossgen2.**RID**
                           Crossgen2PackVersion = 8.0.8
                       Microsoft.NETCore.App.Crossgen2
                           Crossgen2RuntimeIdentifiers = linux-musl-x64;linux-x64;win-x64;linux-arm;linux-arm64;linux-musl-arm;linux-musl-arm64;osx-arm64;osx-x64;win-arm;win-arm64;win-x86
                           TargetFramework = net7.0
                           Crossgen2PackNamePattern = Microsoft.NETCore.App.Crossgen2.**RID**
                           Crossgen2PackVersion = 7.0.20
                       Microsoft.NETCore.App.Crossgen2
                           Crossgen2RuntimeIdentifiers = linux-musl-x64;linux-x64;win-x64;linux-arm;linux-arm64;linux-musl-arm;linux-musl-arm64;osx-arm64;osx-x64;win-arm;win-arm64;win-x86
                           TargetFramework = net6.0
                           Crossgen2PackNamePattern = Microsoft.NETCore.App.Crossgen2.**RID**
                           Crossgen2PackVersion = 6.0.33
                       Microsoft.NETCore.App.Crossgen2
                           Crossgen2RuntimeIdentifiers = linux-musl-x64;linux-x64;win-x64
                           TargetFramework = net5.0
                           Crossgen2PackNamePattern = Microsoft.NETCore.App.Crossgen2.**RID**
                           Crossgen2PackVersion = 5.0.17
                   KnownFrameworkReference
                       Microsoft.AspNetCore.App
                           TargetFramework = netcoreapp3.0
                           DefaultRuntimeFrameworkVersion = 3.0.0
                           TargetingPackName = Microsoft.AspNetCore.App.Ref
                           LatestRuntimeFrameworkVersion = 3.0.3
                           RuntimePackRuntimeIdentifiers = win-x64;win-x86;win-arm;osx-x64;linux-musl-x64;linux-musl-arm64;linux-x64;linux-arm;linux-arm64
                           RuntimePackNamePatterns = Microsoft.AspNetCore.App.Runtime.**RID**
                           TargetingPackVersion = 3.0.1
                           RuntimeFrameworkName = Microsoft.AspNetCore.App
                       Microsoft.AspNetCore.App
                           TargetFramework = netcoreapp3.1
                           DefaultRuntimeFrameworkVersion = 3.1.0
                           TargetingPackName = Microsoft.AspNetCore.App.Ref
                           LatestRuntimeFrameworkVersion = 3.1.32
                           RuntimePackRuntimeIdentifiers = win-x64;win-x86;win-arm;osx-x64;linux-musl-x64;linux-musl-arm64;linux-x64;linux-arm;linux-arm64
                           RuntimePackNamePatterns = Microsoft.AspNetCore.App.Runtime.**RID**
                           TargetingPackVersion = 3.1.10
                           RuntimeFrameworkName = Microsoft.AspNetCore.App
                       Microsoft.AspNetCore.App
                           TargetFramework = net7.0
                           DefaultRuntimeFrameworkVersion = 7.0.0
                           TargetingPackName = Microsoft.AspNetCore.App.Ref
                           LatestRuntimeFrameworkVersion = 7.0.20
                           RuntimePackExcludedRuntimeIdentifiers = android
                           RuntimePackRuntimeIdentifiers = win-x64;win-x86;win-arm;osx-x64;linux-musl-x64;linux-musl-arm64;linux-x64;linux-arm;linux-arm64;linux-musl-arm;win-arm64;osx-arm64;linux-s390x;linux-ppc64le
                           RuntimePackNamePatterns = Microsoft.AspNetCore.App.Runtime.**RID**
                           TargetingPackVersion = 7.0.20
                           RuntimeFrameworkName = Microsoft.AspNetCore.App
                       Microsoft.AspNetCore.App
                           TargetFramework = net8.0
                           DefaultRuntimeFrameworkVersion = 8.0.0
                           TargetingPackName = Microsoft.AspNetCore.App.Ref
                           LatestRuntimeFrameworkVersion = 8.0.8
                           RuntimePackExcludedRuntimeIdentifiers = android;linux-bionic
                           RuntimePackRuntimeIdentifiers = win-x64;win-x86;win-arm;osx-x64;linux-musl-x64;linux-musl-arm64;linux-x64;linux-arm;linux-arm64;linux-musl-arm;win-arm64;osx-arm64;linux-s390x;linux-ppc64le
                           RuntimePackNamePatterns = Microsoft.AspNetCore.App.Runtime.**RID**
                           TargetingPackVersion = 8.0.8
                           RuntimeFrameworkName = Microsoft.AspNetCore.App
                       Microsoft.AspNetCore.App
                           TargetFramework = net5.0
                           DefaultRuntimeFrameworkVersion = 5.0.0
                           TargetingPackName = Microsoft.AspNetCore.App.Ref
                           LatestRuntimeFrameworkVersion = 5.0.17
                           RuntimePackRuntimeIdentifiers = win-x64;win-x86;win-arm;osx-x64;linux-musl-x64;linux-musl-arm64;linux-x64;linux-arm;linux-arm64;linux-musl-arm;win-arm64
                           RuntimePackNamePatterns = Microsoft.AspNetCore.App.Runtime.**RID**
                           TargetingPackVersion = 5.0.0
                           RuntimeFrameworkName = Microsoft.AspNetCore.App
                       Microsoft.AspNetCore.App
                           TargetFramework = net6.0
                           DefaultRuntimeFrameworkVersion = 6.0.0
                           TargetingPackName = Microsoft.AspNetCore.App.Ref
                           LatestRuntimeFrameworkVersion = 6.0.33
                           RuntimePackRuntimeIdentifiers = win-x64;win-x86;win-arm;osx-x64;linux-musl-x64;linux-musl-arm64;linux-x64;linux-arm;linux-arm64;linux-musl-arm;win-arm64;osx-arm64;linux-s390x
                           RuntimePackNamePatterns = Microsoft.AspNetCore.App.Runtime.**RID**
                           TargetingPackVersion = 6.0.33
                           RuntimeFrameworkName = Microsoft.AspNetCore.App
                       Microsoft.NETCore.App
                           TargetFramework = net8.0
                           DefaultRuntimeFrameworkVersion = 8.0.0
                           TargetingPackName = Microsoft.NETCore.App.Ref
                           LatestRuntimeFrameworkVersion = 8.0.8
                           RuntimePackRuntimeIdentifiers = linux-arm;linux-arm64;linux-musl-arm64;linux-musl-x64;linux-x64;osx-x64;rhel.6-x64;tizen.4.0.0-armel;tizen.5.0.0-armel;win-arm64;win-x64;win-x86;linux-musl-arm;osx-arm64;linux-s390x;linux-bionic-arm;linux-bionic-arm64;linux-bionic-x64;linux-bionic-x86;linux-ppc64le
                           RuntimePackNamePatterns = Microsoft.NETCore.App.Runtime.**RID**
                           TargetingPackVersion = 8.0.8
                           RuntimeFrameworkName = Microsoft.NETCore.App
                       Microsoft.NETCore.App
                           TargetFramework = net5.0
                           DefaultRuntimeFrameworkVersion = 5.0.0
                           TargetingPackName = Microsoft.NETCore.App.Ref
                           LatestRuntimeFrameworkVersion = 5.0.17
                           RuntimePackRuntimeIdentifiers = linux-arm;linux-arm64;linux-musl-arm64;linux-musl-x64;linux-x64;osx-x64;rhel.6-x64;tizen.4.0.0-armel;tizen.5.0.0-armel;win-arm;win-arm64;win-x64;win-x86;linux-musl-arm;browser-wasm
                           RuntimePackNamePatterns = Microsoft.NETCore.App.Runtime.**RID**
                           TargetingPackVersion = 5.0.0
                           IsTrimmable = true
                           RuntimeFrameworkName = Microsoft.NETCore.App
                       Microsoft.NETCore.App
                           TargetFramework = net7.0
                           DefaultRuntimeFrameworkVersion = 7.0.0
                           TargetingPackName = Microsoft.NETCore.App.Ref
                           LatestRuntimeFrameworkVersion = 7.0.20
                           RuntimePackRuntimeIdentifiers = linux-arm;linux-arm64;linux-musl-arm64;linux-musl-x64;linux-x64;osx-x64;rhel.6-x64;tizen.4.0.0-armel;tizen.5.0.0-armel;win-arm;win-arm64;win-x64;win-x86;linux-musl-arm;osx-arm64;linux-s390x;linux-bionic-arm;linux-bionic-arm64;linux-bionic-x64;linux-bionic-x86;linux-ppc64le
                           RuntimePackNamePatterns = Microsoft.NETCore.App.Runtime.**RID**
                           TargetingPackVersion = 7.0.20
                           RuntimeFrameworkName = Microsoft.NETCore.App
                       Microsoft.NETCore.App
                           TargetFramework = netcoreapp3.1
                           DefaultRuntimeFrameworkVersion = 3.1.0
                           TargetingPackName = Microsoft.NETCore.App.Ref
                           LatestRuntimeFrameworkVersion = 3.1.32
                           RuntimePackRuntimeIdentifiers = linux-arm;linux-arm64;linux-musl-arm64;linux-musl-x64;linux-x64;osx-x64;rhel.6-x64;tizen.4.0.0-armel;tizen.5.0.0-armel;win-arm;win-arm64;win-x64;win-x86
                           RuntimePackNamePatterns = Microsoft.NETCore.App.Runtime.**RID**
                           TargetingPackVersion = 3.1.0
                           IsTrimmable = true
                           RuntimeFrameworkName = Microsoft.NETCore.App
                       Microsoft.NETCore.App
                           TargetFramework = netcoreapp3.0
                           DefaultRuntimeFrameworkVersion = 3.0.0
                           TargetingPackName = Microsoft.NETCore.App.Ref
                           LatestRuntimeFrameworkVersion = 3.0.3
                           RuntimePackRuntimeIdentifiers = linux-arm;linux-arm64;linux-musl-arm64;linux-musl-x64;linux-x64;osx-x64;rhel.6-x64;tizen.4.0.0-armel;tizen.5.0.0-armel;win-arm;win-arm64;win-x64;win-x86
                           RuntimePackNamePatterns = Microsoft.NETCore.App.Runtime.**RID**
                           TargetingPackVersion = 3.0.0
                           IsTrimmable = true
                           RuntimeFrameworkName = Microsoft.NETCore.App
                       Microsoft.NETCore.App
                           TargetFramework = net6.0
                           DefaultRuntimeFrameworkVersion = 6.0.0
                           TargetingPackName = Microsoft.NETCore.App.Ref
                           LatestRuntimeFrameworkVersion = 6.0.33
                           RuntimePackRuntimeIdentifiers = linux-arm;linux-arm64;linux-musl-arm64;linux-musl-x64;linux-x64;osx-x64;rhel.6-x64;tizen.4.0.0-armel;tizen.5.0.0-armel;win-arm;win-arm64;win-x64;win-x86;linux-musl-arm;osx-arm64;linux-s390x
                           RuntimePackNamePatterns = Microsoft.NETCore.App.Runtime.**RID**
                           TargetingPackVersion = 6.0.33
                           RuntimeFrameworkName = Microsoft.NETCore.App
                       Microsoft.Windows.SDK.NET.Ref
                           RuntimePackAlwaysCopyLocal = true
                           TargetFramework = net5.0-windows10.0.18362.0
                           DefaultRuntimeFrameworkVersion = 10.0.18362.34
                           TargetingPackName = Microsoft.Windows.SDK.NET.Ref
                           IsWindowsOnly = true
                           LatestRuntimeFrameworkVersion = 10.0.18362.34
                           RuntimePackRuntimeIdentifiers = any
                           RuntimePackNamePatterns = Microsoft.Windows.SDK.NET.Ref
                           TargetingPackVersion = 10.0.18362.34
                           RuntimeFrameworkName = Microsoft.Windows.SDK.NET.Ref
                       Microsoft.Windows.SDK.NET.Ref
                           RuntimePackAlwaysCopyLocal = true
                           TargetFramework = net5.0-windows10.0.19041.0
                           DefaultRuntimeFrameworkVersion = 10.0.19041.34
                           TargetingPackName = Microsoft.Windows.SDK.NET.Ref
                           IsWindowsOnly = true
                           LatestRuntimeFrameworkVersion = 10.0.19041.34
                           RuntimePackRuntimeIdentifiers = any
                           RuntimePackNamePatterns = Microsoft.Windows.SDK.NET.Ref
                           TargetingPackVersion = 10.0.19041.34
                           RuntimeFrameworkName = Microsoft.Windows.SDK.NET.Ref
                       Microsoft.Windows.SDK.NET.Ref
                           RuntimePackAlwaysCopyLocal = true
                           TargetFramework = net6.0-windows10.0.19041.0
                           DefaultRuntimeFrameworkVersion = 10.0.19041.34
                           TargetingPackName = Microsoft.Windows.SDK.NET.Ref
                           IsWindowsOnly = true
                           LatestRuntimeFrameworkVersion = 10.0.19041.34
                           RuntimePackRuntimeIdentifiers = any
                           RuntimePackNamePatterns = Microsoft.Windows.SDK.NET.Ref
                           TargetingPackVersion = 10.0.19041.34
                           RuntimeFrameworkName = Microsoft.Windows.SDK.NET.Ref
                       Microsoft.Windows.SDK.NET.Ref
                           RuntimePackAlwaysCopyLocal = true
                           TargetFramework = net6.0-windows10.0.18362.0
                           DefaultRuntimeFrameworkVersion = 10.0.18362.34
                           TargetingPackName = Microsoft.Windows.SDK.NET.Ref
                           IsWindowsOnly = true
                           LatestRuntimeFrameworkVersion = 10.0.18362.34
                           RuntimePackRuntimeIdentifiers = any
                           RuntimePackNamePatterns = Microsoft.Windows.SDK.NET.Ref
                           TargetingPackVersion = 10.0.18362.34
                           RuntimeFrameworkName = Microsoft.Windows.SDK.NET.Ref
                       Microsoft.Windows.SDK.NET.Ref
                           RuntimePackAlwaysCopyLocal = true
                           TargetFramework = net5.0-windows10.0.17763.0
                           DefaultRuntimeFrameworkVersion = 10.0.17763.34
                           TargetingPackName = Microsoft.Windows.SDK.NET.Ref
                           IsWindowsOnly = true
                           LatestRuntimeFrameworkVersion = 10.0.17763.34
                           RuntimePackRuntimeIdentifiers = any
                           RuntimePackNamePatterns = Microsoft.Windows.SDK.NET.Ref
                           TargetingPackVersion = 10.0.17763.34
                           RuntimeFrameworkName = Microsoft.Windows.SDK.NET.Ref
                       Microsoft.Windows.SDK.NET.Ref
                           RuntimePackAlwaysCopyLocal = true
                           TargetFramework = net6.0-windows10.0.17763.0
                           DefaultRuntimeFrameworkVersion = 10.0.17763.34
                           TargetingPackName = Microsoft.Windows.SDK.NET.Ref
                           IsWindowsOnly = true
                           LatestRuntimeFrameworkVersion = 10.0.17763.34
                           RuntimePackRuntimeIdentifiers = any
                           RuntimePackNamePatterns = Microsoft.Windows.SDK.NET.Ref
                           TargetingPackVersion = 10.0.17763.34
                           RuntimeFrameworkName = Microsoft.Windows.SDK.NET.Ref
                       Microsoft.Windows.SDK.NET.Ref
                           RuntimePackAlwaysCopyLocal = true
                           TargetFramework = net8.0-windows10.0.18362.0
                           DefaultRuntimeFrameworkVersion = 10.0.18362.34
                           TargetingPackName = Microsoft.Windows.SDK.NET.Ref
                           IsWindowsOnly = true
                           LatestRuntimeFrameworkVersion = 10.0.18362.34
                           RuntimePackRuntimeIdentifiers = any
                           RuntimePackNamePatterns = Microsoft.Windows.SDK.NET.Ref
                           TargetingPackVersion = 10.0.18362.34
                           RuntimeFrameworkName = Microsoft.Windows.SDK.NET.Ref
                       Microsoft.Windows.SDK.NET.Ref
                           RuntimePackAlwaysCopyLocal = true
                           TargetFramework = net7.0-windows10.0.19041.0
                           DefaultRuntimeFrameworkVersion = 10.0.19041.34
                           TargetingPackName = Microsoft.Windows.SDK.NET.Ref
                           IsWindowsOnly = true
                           LatestRuntimeFrameworkVersion = 10.0.19041.34
                           RuntimePackRuntimeIdentifiers = any
                           RuntimePackNamePatterns = Microsoft.Windows.SDK.NET.Ref
                           TargetingPackVersion = 10.0.19041.34
                           RuntimeFrameworkName = Microsoft.Windows.SDK.NET.Ref
                       Microsoft.Windows.SDK.NET.Ref
                           RuntimePackAlwaysCopyLocal = true
                           TargetFramework = net7.0-windows10.0.18362.0
                           DefaultRuntimeFrameworkVersion = 10.0.18362.34
                           TargetingPackName = Microsoft.Windows.SDK.NET.Ref
                           IsWindowsOnly = true
                           LatestRuntimeFrameworkVersion = 10.0.18362.34
                           RuntimePackRuntimeIdentifiers = any
                           RuntimePackNamePatterns = Microsoft.Windows.SDK.NET.Ref
                           TargetingPackVersion = 10.0.18362.34
                           RuntimeFrameworkName = Microsoft.Windows.SDK.NET.Ref
                       Microsoft.Windows.SDK.NET.Ref
                           RuntimePackAlwaysCopyLocal = true
                           TargetFramework = net7.0-windows10.0.17763.0
                           DefaultRuntimeFrameworkVersion = 10.0.17763.34
                           TargetingPackName = Microsoft.Windows.SDK.NET.Ref
                           IsWindowsOnly = true
                           LatestRuntimeFrameworkVersion = 10.0.17763.34
                           RuntimePackRuntimeIdentifiers = any
                           RuntimePackNamePatterns = Microsoft.Windows.SDK.NET.Ref
                           TargetingPackVersion = 10.0.17763.34
                           RuntimeFrameworkName = Microsoft.Windows.SDK.NET.Ref
                       Microsoft.Windows.SDK.NET.Ref
                           RuntimePackAlwaysCopyLocal = true
                           TargetFramework = net8.0-windows10.0.17763.0
                           DefaultRuntimeFrameworkVersion = 10.0.17763.34
                           TargetingPackName = Microsoft.Windows.SDK.NET.Ref
                           IsWindowsOnly = true
                           LatestRuntimeFrameworkVersion = 10.0.17763.34
                           RuntimePackRuntimeIdentifiers = any
                           RuntimePackNamePatterns = Microsoft.Windows.SDK.NET.Ref
                           TargetingPackVersion = 10.0.17763.34
                           RuntimeFrameworkName = Microsoft.Windows.SDK.NET.Ref
                       Microsoft.Windows.SDK.NET.Ref
                           RuntimePackAlwaysCopyLocal = true
                           TargetFramework = net8.0-windows10.0.19041.0
                           DefaultRuntimeFrameworkVersion = 10.0.19041.34
                           TargetingPackName = Microsoft.Windows.SDK.NET.Ref
                           IsWindowsOnly = true
                           LatestRuntimeFrameworkVersion = 10.0.19041.34
                           RuntimePackRuntimeIdentifiers = any
                           RuntimePackNamePatterns = Microsoft.Windows.SDK.NET.Ref
                           TargetingPackVersion = 10.0.19041.34
                           RuntimeFrameworkName = Microsoft.Windows.SDK.NET.Ref
                       Microsoft.WindowsDesktop.App
                           TargetFramework = netcoreapp3.0
                           DefaultRuntimeFrameworkVersion = 3.0.0
                           TargetingPackName = Microsoft.WindowsDesktop.App.Ref
                           IsWindowsOnly = true
                           LatestRuntimeFrameworkVersion = 3.0.3
                           RuntimePackRuntimeIdentifiers = win-x64;win-x86
                           RuntimePackNamePatterns = Microsoft.WindowsDesktop.App.Runtime.**RID**
                           TargetingPackVersion = 3.0.0
                           RuntimeFrameworkName = Microsoft.WindowsDesktop.App
                       Microsoft.WindowsDesktop.App
                           TargetFramework = netcoreapp3.1
                           DefaultRuntimeFrameworkVersion = 3.1.0
                           TargetingPackName = Microsoft.WindowsDesktop.App.Ref
                           IsWindowsOnly = true
                           LatestRuntimeFrameworkVersion = 3.1.32
                           RuntimePackRuntimeIdentifiers = win-x64;win-x86
                           RuntimePackNamePatterns = Microsoft.WindowsDesktop.App.Runtime.**RID**
                           TargetingPackVersion = 3.1.0
                           RuntimeFrameworkName = Microsoft.WindowsDesktop.App
                       Microsoft.WindowsDesktop.App
                           TargetFramework = net6.0
                           DefaultRuntimeFrameworkVersion = 6.0.0
                           TargetingPackName = Microsoft.WindowsDesktop.App.Ref
                           IsWindowsOnly = true
                           LatestRuntimeFrameworkVersion = 6.0.33
                           RuntimePackRuntimeIdentifiers = win-x64;win-x86;win-arm64
                           RuntimePackNamePatterns = Microsoft.WindowsDesktop.App.Runtime.**RID**
                           TargetingPackVersion = 6.0.33
                           RuntimeFrameworkName = Microsoft.WindowsDesktop.App
                       Microsoft.WindowsDesktop.App
                           TargetFramework = net7.0
                           DefaultRuntimeFrameworkVersion = 7.0.0
                           TargetingPackName = Microsoft.WindowsDesktop.App.Ref
                           IsWindowsOnly = true
                           LatestRuntimeFrameworkVersion = 7.0.20
                           RuntimePackRuntimeIdentifiers = win-x64;win-x86;win-arm64
                           RuntimePackNamePatterns = Microsoft.WindowsDesktop.App.Runtime.**RID**
                           TargetingPackVersion = 7.0.20
                           RuntimeFrameworkName = Microsoft.WindowsDesktop.App
                       Microsoft.WindowsDesktop.App
                           TargetFramework = net8.0
                           DefaultRuntimeFrameworkVersion = 8.0.0
                           TargetingPackName = Microsoft.WindowsDesktop.App.Ref
                           IsWindowsOnly = true
                           LatestRuntimeFrameworkVersion = 8.0.8
                           RuntimePackRuntimeIdentifiers = win-x64;win-x86;win-arm64
                           RuntimePackNamePatterns = Microsoft.WindowsDesktop.App.Runtime.**RID**
                           TargetingPackVersion = 8.0.8
                           RuntimeFrameworkName = Microsoft.WindowsDesktop.App
                       Microsoft.WindowsDesktop.App
                           TargetFramework = net5.0
                           DefaultRuntimeFrameworkVersion = 5.0.0
                           TargetingPackName = Microsoft.WindowsDesktop.App.Ref
                           IsWindowsOnly = true
                           LatestRuntimeFrameworkVersion = 5.0.17
                           RuntimePackRuntimeIdentifiers = win-x64;win-x86;win-arm64
                           RuntimePackNamePatterns = Microsoft.WindowsDesktop.App.Runtime.**RID**
                           TargetingPackVersion = 5.0.0
                           RuntimeFrameworkName = Microsoft.WindowsDesktop.App
                       Microsoft.WindowsDesktop.App.WindowsForms
                           TargetFramework = netcoreapp3.0
                           DefaultRuntimeFrameworkVersion = 3.0.0
                           TargetingPackName = Microsoft.WindowsDesktop.App.Ref
                           IsWindowsOnly = true
                           LatestRuntimeFrameworkVersion = 3.0.3
                           RuntimePackRuntimeIdentifiers = win-x64;win-x86
                           RuntimePackNamePatterns = Microsoft.WindowsDesktop.App.Runtime.**RID**
                           TargetingPackVersion = 3.0.0
                           Profile = WindowsForms
                           RuntimeFrameworkName = Microsoft.WindowsDesktop.App
                       Microsoft.WindowsDesktop.App.WindowsForms
                           TargetFramework = net8.0
                           DefaultRuntimeFrameworkVersion = 8.0.0
                           TargetingPackName = Microsoft.WindowsDesktop.App.Ref
                           IsWindowsOnly = true
                           LatestRuntimeFrameworkVersion = 8.0.8
                           RuntimePackRuntimeIdentifiers = win-x64;win-x86;win-arm64
                           RuntimePackNamePatterns = Microsoft.WindowsDesktop.App.Runtime.**RID**
                           TargetingPackVersion = 8.0.8
                           Profile = WindowsForms
                           RuntimeFrameworkName = Microsoft.WindowsDesktop.App
                       Microsoft.WindowsDesktop.App.WindowsForms
                           TargetFramework = net7.0
                           DefaultRuntimeFrameworkVersion = 7.0.0
                           TargetingPackName = Microsoft.WindowsDesktop.App.Ref
                           IsWindowsOnly = true
                           LatestRuntimeFrameworkVersion = 7.0.20
                           RuntimePackRuntimeIdentifiers = win-x64;win-x86;win-arm64
                           RuntimePackNamePatterns = Microsoft.WindowsDesktop.App.Runtime.**RID**
                           TargetingPackVersion = 7.0.20
                           Profile = WindowsForms
                           RuntimeFrameworkName = Microsoft.WindowsDesktop.App
                       Microsoft.WindowsDesktop.App.WindowsForms
                           TargetFramework = net6.0
                           DefaultRuntimeFrameworkVersion = 6.0.0
                           TargetingPackName = Microsoft.WindowsDesktop.App.Ref
                           IsWindowsOnly = true
                           LatestRuntimeFrameworkVersion = 6.0.33
                           RuntimePackRuntimeIdentifiers = win-x64;win-x86;win-arm64
                           RuntimePackNamePatterns = Microsoft.WindowsDesktop.App.Runtime.**RID**
                           TargetingPackVersion = 6.0.33
                           Profile = WindowsForms
                           RuntimeFrameworkName = Microsoft.WindowsDesktop.App
                       Microsoft.WindowsDesktop.App.WindowsForms
                           TargetFramework = netcoreapp3.1
                           DefaultRuntimeFrameworkVersion = 3.1.0
                           TargetingPackName = Microsoft.WindowsDesktop.App.Ref
                           IsWindowsOnly = true
                           LatestRuntimeFrameworkVersion = 3.1.32
                           RuntimePackRuntimeIdentifiers = win-x64;win-x86
                           RuntimePackNamePatterns = Microsoft.WindowsDesktop.App.Runtime.**RID**
                           TargetingPackVersion = 3.1.0
                           Profile = WindowsForms
                           RuntimeFrameworkName = Microsoft.WindowsDesktop.App
                       Microsoft.WindowsDesktop.App.WindowsForms
                           TargetFramework = net5.0
                           DefaultRuntimeFrameworkVersion = 5.0.0
                           TargetingPackName = Microsoft.WindowsDesktop.App.Ref
                           IsWindowsOnly = true
                           LatestRuntimeFrameworkVersion = 5.0.17
                           RuntimePackRuntimeIdentifiers = win-x64;win-x86;win-arm64
                           RuntimePackNamePatterns = Microsoft.WindowsDesktop.App.Runtime.**RID**
                           TargetingPackVersion = 5.0.0
                           Profile = WindowsForms
                           RuntimeFrameworkName = Microsoft.WindowsDesktop.App
                       Microsoft.WindowsDesktop.App.WPF
                           TargetFramework = netcoreapp3.0
                           DefaultRuntimeFrameworkVersion = 3.0.0
                           TargetingPackName = Microsoft.WindowsDesktop.App.Ref
                           IsWindowsOnly = true
                           LatestRuntimeFrameworkVersion = 3.0.3
                           RuntimePackRuntimeIdentifiers = win-x64;win-x86
                           RuntimePackNamePatterns = Microsoft.WindowsDesktop.App.Runtime.**RID**
                           TargetingPackVersion = 3.0.0
                           Profile = WPF
                           RuntimeFrameworkName = Microsoft.WindowsDesktop.App
                       Microsoft.WindowsDesktop.App.WPF
                           TargetFramework = net6.0
                           DefaultRuntimeFrameworkVersion = 6.0.0
                           TargetingPackName = Microsoft.WindowsDesktop.App.Ref
                           IsWindowsOnly = true
                           LatestRuntimeFrameworkVersion = 6.0.33
                           RuntimePackRuntimeIdentifiers = win-x64;win-x86;win-arm64
                           RuntimePackNamePatterns = Microsoft.WindowsDesktop.App.Runtime.**RID**
                           TargetingPackVersion = 6.0.33
                           Profile = WPF
                           RuntimeFrameworkName = Microsoft.WindowsDesktop.App
                       Microsoft.WindowsDesktop.App.WPF
                           TargetFramework = netcoreapp3.1
                           DefaultRuntimeFrameworkVersion = 3.1.0
                           TargetingPackName = Microsoft.WindowsDesktop.App.Ref
                           IsWindowsOnly = true
                           LatestRuntimeFrameworkVersion = 3.1.32
                           RuntimePackRuntimeIdentifiers = win-x64;win-x86
                           RuntimePackNamePatterns = Microsoft.WindowsDesktop.App.Runtime.**RID**
                           TargetingPackVersion = 3.1.0
                           Profile = WPF
                           RuntimeFrameworkName = Microsoft.WindowsDesktop.App
                       Microsoft.WindowsDesktop.App.WPF
                           TargetFramework = net5.0
                           DefaultRuntimeFrameworkVersion = 5.0.0
                           TargetingPackName = Microsoft.WindowsDesktop.App.Ref
                           IsWindowsOnly = true
                           LatestRuntimeFrameworkVersion = 5.0.17
                           RuntimePackRuntimeIdentifiers = win-x64;win-x86;win-arm64
                           RuntimePackNamePatterns = Microsoft.WindowsDesktop.App.Runtime.**RID**
                           TargetingPackVersion = 5.0.0
                           Profile = WPF
                           RuntimeFrameworkName = Microsoft.WindowsDesktop.App
                       Microsoft.WindowsDesktop.App.WPF
                           TargetFramework = net7.0
                           DefaultRuntimeFrameworkVersion = 7.0.0
                           TargetingPackName = Microsoft.WindowsDesktop.App.Ref
                           IsWindowsOnly = true
                           LatestRuntimeFrameworkVersion = 7.0.20
                           RuntimePackRuntimeIdentifiers = win-x64;win-x86;win-arm64
                           RuntimePackNamePatterns = Microsoft.WindowsDesktop.App.Runtime.**RID**
                           TargetingPackVersion = 7.0.20
                           Profile = WPF
                           RuntimeFrameworkName = Microsoft.WindowsDesktop.App
                       Microsoft.WindowsDesktop.App.WPF
                           TargetFramework = net8.0
                           DefaultRuntimeFrameworkVersion = 8.0.0
                           TargetingPackName = Microsoft.WindowsDesktop.App.Ref
                           IsWindowsOnly = true
                           LatestRuntimeFrameworkVersion = 8.0.8
                           RuntimePackRuntimeIdentifiers = win-x64;win-x86;win-arm64
                           RuntimePackNamePatterns = Microsoft.WindowsDesktop.App.Runtime.**RID**
                           TargetingPackVersion = 8.0.8
                           Profile = WPF
                           RuntimeFrameworkName = Microsoft.WindowsDesktop.App
                       NETStandard.Library
                           TargetFramework = netstandard2.1
                           TargetingPackName = NETStandard.Library.Ref
                           TargetingPackVersion = 2.1.0
                   KnownILCompilerPack
                       Microsoft.DotNet.ILCompiler
                           ILCompilerPackNamePattern = runtime.**RID**.Microsoft.DotNet.ILCompiler
                           TargetFramework = net8.0
                           ILCompilerPackVersion = 8.0.8
                           ILCompilerRuntimeIdentifiers = linux-arm64;linux-musl-arm64;linux-musl-x64;linux-x64;win-arm64;win-x64;osx-x64;osx-arm64
                       Microsoft.DotNet.ILCompiler
                           ILCompilerPackNamePattern = runtime.**RID**.Microsoft.DotNet.ILCompiler
                           TargetFramework = net7.0
                           ILCompilerPackVersion = 7.0.20
                           ILCompilerRuntimeIdentifiers = linux-arm64;linux-musl-arm64;linux-musl-x64;linux-x64;win-arm64;win-x64
                   KnownILLinkPack
                       Microsoft.NET.ILLink.Tasks
                           TargetFramework = net8.0
                           ILLinkPackVersion = 8.0.8
                       Microsoft.NET.ILLink.Tasks
                           TargetFramework = net7.0
                           ILLinkPackVersion = 7.0.100-1.23401.1
                       Microsoft.NET.ILLink.Tasks
                           TargetFramework = net6.0
                           ILLinkPackVersion = 7.0.100-1.23401.1
                       Microsoft.NET.ILLink.Tasks
                           TargetFramework = net5.0
                           ILLinkPackVersion = 7.0.100-1.23401.1
                       Microsoft.NET.ILLink.Tasks
                           TargetFramework = netcoreapp3.1
                           ILLinkPackVersion = 7.0.100-1.23401.1
                       Microsoft.NET.ILLink.Tasks
                           TargetFramework = netcoreapp3.0
                           ILLinkPackVersion = 7.0.100-1.23401.1
                   KnownRuntimePack
                       Microsoft.NETCore.App
                           TargetFramework = net8.0
                           LatestRuntimeFrameworkVersion = 8.0.8
                           RuntimePackRuntimeIdentifiers = ios-arm64;iossimulator-arm64;iossimulator-x64;tvos-arm64;tvossimulator-arm64;tvossimulator-x64;maccatalyst-arm64;maccatalyst-x64;linux-bionic-arm64;linux-bionic-x64;osx-arm64;osx-x64
                           RuntimePackNamePatterns = Microsoft.NETCore.App.Runtime.NativeAOT.**RID**
                           RuntimePackLabels = NativeAOT
                           RuntimeFrameworkName = Microsoft.NETCore.App
                       Microsoft.NETCore.App
                           TargetFramework = net8.0
                           LatestRuntimeFrameworkVersion = 8.0.8
                           RuntimePackRuntimeIdentifiers = linux-arm;linux-arm64;linux-musl-arm64;linux-musl-x64;linux-x64;osx-x64;rhel.6-x64;win-arm64;win-x64;win-x86;linux-musl-arm;osx-arm64;linux-s390x;browser-wasm;ios-arm64;ios-arm;iossimulator-arm64;iossimulator-x64;iossimulator-x86;tvos-arm64;tvossimulator-arm64;tvossimulator-x64;maccatalyst-x64;maccatalyst-arm64;android-arm64;android-arm;android-x64;android-x86
                           RuntimePackNamePatterns = Microsoft.NETCore.App.Runtime.Mono.**RID**
                           RuntimePackLabels = Mono
                           RuntimeFrameworkName = Microsoft.NETCore.App
                       Microsoft.NETCore.App
                           TargetFramework = net7.0
                           LatestRuntimeFrameworkVersion = 7.0.20
                           RuntimePackRuntimeIdentifiers = linux-arm;linux-arm64;linux-musl-arm64;linux-musl-x64;linux-x64;osx-x64;rhel.6-x64;win-arm;win-arm64;win-x64;win-x86;linux-musl-arm;osx-arm64;linux-s390x;browser-wasm;ios-arm64;ios-arm;iossimulator-arm64;iossimulator-x64;iossimulator-x86;tvos-arm64;tvossimulator-arm64;tvossimulator-x64;maccatalyst-x64;maccatalyst-arm64;android-arm64;android-arm;android-x64;android-x86
                           RuntimePackNamePatterns = Microsoft.NETCore.App.Runtime.Mono.**RID**
                           RuntimePackLabels = Mono
                           RuntimeFrameworkName = Microsoft.NETCore.App
                       Microsoft.NETCore.App
                           TargetFramework = net6.0
                           LatestRuntimeFrameworkVersion = 6.0.33
                           RuntimePackRuntimeIdentifiers = linux-arm;linux-arm64;linux-musl-arm64;linux-musl-x64;linux-x64;osx-x64;rhel.6-x64;win-arm;win-arm64;win-x64;win-x86;linux-musl-arm;osx-arm64;linux-s390x;browser-wasm;ios-arm64;ios-arm;iossimulator-arm64;iossimulator-x64;iossimulator-x86;tvos-arm64;tvossimulator-arm64;tvossimulator-x64;maccatalyst-x64;maccatalyst-arm64;android-arm64;android-arm;android-x64;android-x86
                           RuntimePackNamePatterns = Microsoft.NETCore.App.Runtime.Mono.**RID**
                           RuntimePackLabels = Mono
                           RuntimeFrameworkName = Microsoft.NETCore.App
                   KnownWebAssemblySdkPack
                       Microsoft.NET.Sdk.WebAssembly.Pack
                           TargetFramework = net8.0
                           WebAssemblySdkPackVersion = 8.0.8
                       Microsoft.NET.Sdk.WebAssembly.Pack
                           TargetFramework = net7.0
                           WebAssemblySdkPackVersion = 8.0.8
                       Microsoft.NET.Sdk.WebAssembly.Pack
                           TargetFramework = net6.0
                           WebAssemblySdkPackVersion = 8.0.8
                   PackageConflictOverrides
                       NETStandard.Library
                           OverriddenPackages = 
                           Microsoft.Win32.Primitives|4.3.0;
                           System.AppContext|4.3.0;
                           System.Collections|4.3.0;
                           System.Collections.Concurrent|4.3.0;
                           System.Collections.Immutable|1.4.0;
                           System.Collections.NonGeneric|4.3.0;
                           System.Collections.Specialized|4.3.0;
                           System.ComponentModel|4.3.0;
                           System.ComponentModel.EventBasedAsync|4.3.0;
                           System.ComponentModel.Primitives|4.3.0;
                           System.ComponentModel.TypeConverter|4.3.0;
                           System.Console|4.3.0;
                           System.Data.Common|4.3.0;
                           System.Diagnostics.Contracts|4.3.0;
                           System.Diagnostics.Debug|4.3.0;
                           System.Diagnostics.FileVersionInfo|4.3.0;
                           System.Diagnostics.Process|4.3.0;
                           System.Diagnostics.StackTrace|4.3.0;
                           System.Diagnostics.TextWriterTraceListener|4.3.0;
                           System.Diagnostics.Tools|4.3.0;
                           System.Diagnostics.TraceSource|4.3.0;
                           System.Diagnostics.Tracing|4.3.0;
                           System.Dynamic.Runtime|4.3.0;
                           System.Globalization|4.3.0;
                           System.Globalization.Calendars|4.3.0;
                           System.Globalization.Extensions|4.3.0;
                           System.IO|4.3.0;
                           System.IO.Compression|4.3.0;
                           System.IO.Compression.ZipFile|4.3.0;
                           System.IO.FileSystem|4.3.0;
                           System.IO.FileSystem.DriveInfo|4.3.0;
                           System.IO.FileSystem.Primitives|4.3.0;
                           System.IO.FileSystem.Watcher|4.3.0;
                           System.IO.IsolatedStorage|4.3.0;
                           System.IO.MemoryMappedFiles|4.3.0;
                           System.IO.Pipes|4.3.0;
                           System.IO.UnmanagedMemoryStream|4.3.0;
                           System.Linq|4.3.0;
                           System.Linq.Expressions|4.3.0;
                           System.Linq.Queryable|4.3.0;
                           System.Net.Http|4.3.0;
                           System.Net.NameResolution|4.3.0;
                           System.Net.Primitives|4.3.0;
                           System.Net.Requests|4.3.0;
                           System.Net.Security|4.3.0;
                           System.Net.Sockets|4.3.0;
                           System.Net.WebHeaderCollection|4.3.0;
                           System.ObjectModel|4.3.0;
                           System.Private.DataContractSerialization|4.3.0;
                           System.Reflection|4.3.0;
                           System.Reflection.Emit|4.3.0;
                           System.Reflection.Emit.ILGeneration|4.3.0;
                           System.Reflection.Emit.Lightweight|4.3.0;
                           System.Reflection.Extensions|4.3.0;
                           System.Reflection.Primitives|4.3.0;
                           System.Reflection.TypeExtensions|4.3.0;
                           System.Resources.ResourceManager|4.3.0;
                           System.Runtime|4.3.0;
                           System.Runtime.Extensions|4.3.0;
                           System.Runtime.Handles|4.3.0;
                           System.Runtime.InteropServices|4.3.0;
                           System.Runtime.InteropServices.RuntimeInformation|4.3.0;
                           System.Runtime.Loader|4.3.0;
                           System.Runtime.Numerics|4.3.0;
                           System.Runtime.Serialization.Formatters|4.3.0;
                           System.Runtime.Serialization.Json|4.3.0;
                           System.Runtime.Serialization.Primitives|4.3.0;
                           System.Security.AccessControl|4.4.0;
                           System.Security.Claims|4.3.0;
                           System.Security.Cryptography.Algorithms|4.3.0;
                           System.Security.Cryptography.Csp|4.3.0;
                           System.Security.Cryptography.Encoding|4.3.0;
                           System.Security.Cryptography.Primitives|4.3.0;
                           System.Security.Cryptography.X509Certificates|4.3.0;
                           System.Security.Cryptography.Xml|4.4.0;
                           System.Security.Principal|4.3.0;
                           System.Security.Principal.Windows|4.4.0;
                           System.Text.Encoding|4.3.0;
                           System.Text.Encoding.Extensions|4.3.0;
                           System.Text.RegularExpressions|4.3.0;
                           System.Threading|4.3.0;
                           System.Threading.Overlapped|4.3.0;
                           System.Threading.Tasks|4.3.0;
                           System.Threading.Tasks.Extensions|4.3.0;
                           System.Threading.Tasks.Parallel|4.3.0;
                           System.Threading.Thread|4.3.0;
                           System.Threading.ThreadPool|4.3.0;
                           System.Threading.Timer|4.3.0;
                           System.ValueTuple|4.3.0;
                           System.Xml.ReaderWriter|4.3.0;
                           System.Xml.XDocument|4.3.0;
                           System.Xml.XmlDocument|4.3.0;
                           System.Xml.XmlSerializer|4.3.0;
                           System.Xml.XPath|4.3.0;
                           System.Xml.XPath.XDocument|4.3.0;
                         
                   PotentialEditorConfigFiles
                       C:\.editorconfig
                       C:\Users\.editorconfig
                       C:\Users\NoahR\.editorconfig
                       C:\Users\NoahR\OneDrive\.editorconfig
                       C:\Users\NoahR\OneDrive\Desktop\.editorconfig
                       C:\Users\NoahR\OneDrive\Desktop\Jarvis\.editorconfig
                       C:\Users\NoahR\OneDrive\Desktop\Jarvis\src\.editorconfig
                       C:\Users\NoahR\OneDrive\Desktop\Jarvis\src\Jarvis.Core\.editorconfig
                   PreprocessorValue
                       assemblyname
                           Value = Jarvis.Core
                       filename
                           Value = Jarvis.Core.csproj
                       fullpath
                           Value = C:\Users\NoahR\OneDrive\Desktop\Jarvis\src\Jarvis.Core
                       outputfilename
                           Value = Jarvis.Core.dll
                       rootnamespace
                           Value = Jarvis.Core
                   ProjectCapability
                       AllTargetOutputGroups
                       AssemblyReferences
                       COMReferences
                       CSharp
                       DeclaredSourceItems
                       GenerateDocumentationFile
                       LanguageService
                       Managed
                       NativeAOT
                       NetSdkOCIImageBuild
                       OutputGroups
                       Pack
                       ProjectReferences
                       ReferencesFolder
                       RelativePathDerivedDefaultNamespace
                       SharedProjectReferences
                       SingleFileGenerators
                       SupportsHotReload
                       UserSourceItems
                       VisualStudioWellKnownOutputGroups
                   PropertyPageSchema
                       C:\Users\NoahR\OneDrive\Desktop\Jarvis\tools\dotnet\sdk\8.0.400\\assemblyreference.xaml
                           Context = ;BrowseObject
                       C:\Users\NoahR\OneDrive\Desktop\Jarvis\tools\dotnet\sdk\8.0.400\\COMReference.xaml
                           Context = ;BrowseObject
                       C:\Users\NoahR\OneDrive\Desktop\Jarvis\tools\dotnet\sdk\8.0.400\\Content.xaml
                           Context = File;BrowseObject
                       C:\Users\NoahR\OneDrive\Desktop\Jarvis\tools\dotnet\sdk\8.0.400\\CSharp.BrowseObject.xaml
                           Context = BrowseObject
                       C:\Users\NoahR\OneDrive\Desktop\Jarvis\tools\dotnet\sdk\8.0.400\\CSharp.ProjectItemsSchema.xaml
                       C:\Users\NoahR\OneDrive\Desktop\Jarvis\tools\dotnet\sdk\8.0.400\\CSharp.xaml
                           Context = File
                       C:\Users\NoahR\OneDrive\Desktop\Jarvis\tools\dotnet\sdk\8.0.400\\Debugger_General.xaml
                           Context = Project
                       C:\Users\NoahR\OneDrive\Desktop\Jarvis\tools\dotnet\sdk\8.0.400\\EmbeddedResource.xaml
                           Context = File;BrowseObject
                       C:\Users\NoahR\OneDrive\Desktop\Jarvis\tools\dotnet\sdk\8.0.400\\Folder.xaml
                           Context = File;BrowseObject
                       C:\Users\NoahR\OneDrive\Desktop\Jarvis\tools\dotnet\sdk\8.0.400\\General_File.xaml
                           Context = File
                       C:\Users\NoahR\OneDrive\Desktop\Jarvis\tools\dotnet\sdk\8.0.400\\General.BrowseObject.xaml
                           Context = BrowseObject
                       C:\Users\NoahR\OneDrive\Desktop\Jarvis\tools\dotnet\sdk\8.0.400\\General.xaml
                           Context = Project
                       C:\Users\NoahR\OneDrive\Desktop\Jarvis\tools\dotnet\sdk\8.0.400\\None.xaml
                           Context = File;BrowseObject
                       C:\Users\NoahR\OneDrive\Desktop\Jarvis\tools\dotnet\sdk\8.0.400\\ProjectItemsSchema.xaml
                       C:\Users\NoahR\OneDrive\Desktop\Jarvis\tools\dotnet\sdk\8.0.400\\ProjectReference.xaml
                           Context = ;BrowseObject
                       C:\Users\NoahR\OneDrive\Desktop\Jarvis\tools\dotnet\sdk\8.0.400\\ResolvedAssemblyReference.xaml
                           Context = ProjectSubscriptionService;BrowseObject
                       C:\Users\NoahR\OneDrive\Desktop\Jarvis\tools\dotnet\sdk\8.0.400\\ResolvedCOMReference.xaml
                           Context = ProjectSubscriptionService;BrowseObject
                       C:\Users\NoahR\OneDrive\Desktop\Jarvis\tools\dotnet\sdk\8.0.400\\ResolvedProjectReference.xaml
                           Context = ProjectSubscriptionService;BrowseObject
                       C:\Users\NoahR\OneDrive\Desktop\Jarvis\tools\dotnet\sdk\8.0.400\\SCC.xaml
                           Context = Invisible
                       C:\Users\NoahR\OneDrive\Desktop\Jarvis\tools\dotnet\sdk\8.0.400\\SpecialFolder.xaml
                           Context = File;ProjectSubscriptionService
                   RegFreeComManifest
                       obj\Debug\net8.0\Jarvis.Core.X.manifest
                   RuntimeHostConfigurationOption
                       System.Runtime.Serialization.EnableUnsafeBinaryFormatterSerialization
                           Value = false
                           Trim = true
                   SdkSupportedTargetPlatformIdentifier
                       android
                           DisplayName = Android
                       ios
                           DisplayName = iOS
                       maccatalyst
                           DisplayName = Mac Catalyst
                       macos
                           DisplayName = macOS
                       tvos
                           DisplayName = tvOS
                       windows
                           DisplayName = Windows
                   SourceLinkAzureReposGitHost
                       dev.azure.com
                       visualstudio.com
                       vsts.me
                   SourceLinkBitbucketGitHost
                       bitbucket.org
                           EnterpriseEdition = false
                   SourceLinkGitHubHost
                       github.com
                           ContentUrl = https://raw.githubusercontent.com
                   SourceLinkGitLabHost
                       gitlab.com
                   SupportedNETCoreAppTargetFramework
                       .NETCoreApp,Version=v1.0
                           DisplayName = .NET Core 1.0
                           Alias = netcoreapp1.0
                       .NETCoreApp,Version=v1.1
                           DisplayName = .NET Core 1.1
                           Alias = netcoreapp1.1
                       .NETCoreApp,Version=v2.0
                           DisplayName = .NET Core 2.0
                           Alias = netcoreapp2.0
                       .NETCoreApp,Version=v2.1
                           DisplayName = .NET Core 2.1
                           Alias = netcoreapp2.1
                       .NETCoreApp,Version=v2.2
                           DisplayName = .NET Core 2.2
                           Alias = netcoreapp2.2
                       .NETCoreApp,Version=v3.0
                           DisplayName = .NET Core 3.0
                           Alias = netcoreapp3.0
                       .NETCoreApp,Version=v3.1
                           DisplayName = .NET Core 3.1
                           Alias = netcoreapp3.1
                       .NETCoreApp,Version=v5.0
                           DisplayName = .NET 5.0
                           Alias = net5.0
                       .NETCoreApp,Version=v6.0
                           DisplayName = .NET 6.0
                           Alias = net6.0
                       .NETCoreApp,Version=v7.0
                           DisplayName = .NET 7.0
                           Alias = net7.0
                       .NETCoreApp,Version=v8.0
                           DisplayName = .NET 8.0
                           Alias = net8.0
                   SupportedNETFrameworkTargetFramework
                       .NETFramework,Version=v2.0
                           DisplayName = .NET Framework 2.0
                           Alias = net20
                       .NETFramework,Version=v3.0
                           DisplayName = .NET Framework 3.0
                           Alias = net30
                       .NETFramework,Version=v3.5
                           DisplayName = .NET Framework 3.5
                           Alias = net35
                       .NETFramework,Version=v4.0
                           DisplayName = .NET Framework 4.0
                           Alias = net40
                       .NETFramework,Version=v4.5
                           DisplayName = .NET Framework 4.5
                           Alias = net45
                       .NETFramework,Version=v4.5.1
                           DisplayName = .NET Framework 4.5.1
                           Alias = net451
                       .NETFramework,Version=v4.5.2
                           DisplayName = .NET Framework 4.5.2
                           Alias = net452
                       .NETFramework,Version=v4.6
                           DisplayName = .NET Framework 4.6
                           Alias = net46
                       .NETFramework,Version=v4.6.1
                           DisplayName = .NET Framework 4.6.1
                           Alias = net461
                       .NETFramework,Version=v4.6.2
                           DisplayName = .NET Framework 4.6.2
                           Alias = net462
                       .NETFramework,Version=v4.7
                           DisplayName = .NET Framework 4.7
                           Alias = net47
                       .NETFramework,Version=v4.7.1
                           DisplayName = .NET Framework 4.7.1
                           Alias = net471
                       .NETFramework,Version=v4.7.2
                           DisplayName = .NET Framework 4.7.2
                           Alias = net472
                       .NETFramework,Version=v4.8
                           DisplayName = .NET Framework 4.8
                           Alias = net48
                       .NETFramework,Version=v4.8.1
                           DisplayName = .NET Framework 4.8.1
                           Alias = net481
                   SupportedNETStandardTargetFramework
                       .NETStandard,Version=v1.0
                           DisplayName = .NET Standard 1.0
                           Alias = netstandard1.0
                       .NETStandard,Version=v1.1
                           DisplayName = .NET Standard 1.1
                           Alias = netstandard1.1
                       .NETStandard,Version=v1.2
                           DisplayName = .NET Standard 1.2
                           Alias = netstandard1.2
                       .NETStandard,Version=v1.3
                           DisplayName = .NET Standard 1.3
                           Alias = netstandard1.3
                       .NETStandard,Version=v1.4
                           DisplayName = .NET Standard 1.4
                           Alias = netstandard1.4
                       .NETStandard,Version=v1.5
                           DisplayName = .NET Standard 1.5
                           Alias = netstandard1.5
                       .NETStandard,Version=v1.6
                           DisplayName = .NET Standard 1.6
                           Alias = netstandard1.6
                       .NETStandard,Version=v2.0
                           DisplayName = .NET Standard 2.0
                           Alias = netstandard2.0
                       .NETStandard,Version=v2.1
                           DisplayName = .NET Standard 2.1
                           Alias = netstandard2.1
                   SupportedPlatform
                       Linux
                       macOS
                       Windows
                   SupportedTargetFramework
                       .NETCoreApp,Version=v1.0
                           DisplayName = .NET Core 1.0
                           Alias = netcoreapp1.0
                       .NETCoreApp,Version=v1.1
                           DisplayName = .NET Core 1.1
                           Alias = netcoreapp1.1
                       .NETCoreApp,Version=v2.0
                           DisplayName = .NET Core 2.0
                           Alias = netcoreapp2.0
                       .NETCoreApp,Version=v2.1
                           DisplayName = .NET Core 2.1
                           Alias = netcoreapp2.1
                       .NETCoreApp,Version=v2.2
                           DisplayName = .NET Core 2.2
                           Alias = netcoreapp2.2
                       .NETCoreApp,Version=v3.0
                           DisplayName = .NET Core 3.0
                           Alias = netcoreapp3.0
                       .NETCoreApp,Version=v3.1
                           DisplayName = .NET Core 3.1
                           Alias = netcoreapp3.1
                       .NETCoreApp,Version=v5.0
                           DisplayName = .NET 5.0
                           Alias = net5.0
                       .NETCoreApp,Version=v6.0
                           DisplayName = .NET 6.0
                           Alias = net6.0
                       .NETCoreApp,Version=v7.0
                           DisplayName = .NET 7.0
                           Alias = net7.0
                       .NETCoreApp,Version=v8.0
                           DisplayName = .NET 8.0
                           Alias = net8.0
                       .NETFramework,Version=v2.0
                           DisplayName = .NET Framework 2.0
                           Alias = net20
                       .NETFramework,Version=v3.0
                           DisplayName = .NET Framework 3.0
                           Alias = net30
                       .NETFramework,Version=v3.5
                           DisplayName = .NET Framework 3.5
                           Alias = net35
                       .NETFramework,Version=v4.0
                           DisplayName = .NET Framework 4.0
                           Alias = net40
                       .NETFramework,Version=v4.5
                           DisplayName = .NET Framework 4.5
                           Alias = net45
                       .NETFramework,Version=v4.5.1
                           DisplayName = .NET Framework 4.5.1
                           Alias = net451
                       .NETFramework,Version=v4.5.2
                           DisplayName = .NET Framework 4.5.2
                           Alias = net452
                       .NETFramework,Version=v4.6
                           DisplayName = .NET Framework 4.6
                           Alias = net46
                       .NETFramework,Version=v4.6.1
                           DisplayName = .NET Framework 4.6.1
                           Alias = net461
                       .NETFramework,Version=v4.6.2
                           DisplayName = .NET Framework 4.6.2
                           Alias = net462
                       .NETFramework,Version=v4.7
                           DisplayName = .NET Framework 4.7
                           Alias = net47
                       .NETFramework,Version=v4.7.1
                           DisplayName = .NET Framework 4.7.1
                           Alias = net471
                       .NETFramework,Version=v4.7.2
                           DisplayName = .NET Framework 4.7.2
                           Alias = net472
                       .NETFramework,Version=v4.8
                           DisplayName = .NET Framework 4.8
                           Alias = net48
                       .NETFramework,Version=v4.8.1
                           DisplayName = .NET Framework 4.8.1
                           Alias = net481
                       .NETStandard,Version=v1.0
                           DisplayName = .NET Standard 1.0
                           Alias = netstandard1.0
                       .NETStandard,Version=v1.1
                           DisplayName = .NET Standard 1.1
                           Alias = netstandard1.1
                       .NETStandard,Version=v1.2
                           DisplayName = .NET Standard 1.2
                           Alias = netstandard1.2
                       .NETStandard,Version=v1.3
                           DisplayName = .NET Standard 1.3
                           Alias = netstandard1.3
                       .NETStandard,Version=v1.4
                           DisplayName = .NET Standard 1.4
                           Alias = netstandard1.4
                       .NETStandard,Version=v1.5
                           DisplayName = .NET Standard 1.5
                           Alias = netstandard1.5
                       .NETStandard,Version=v1.6
                           DisplayName = .NET Standard 1.6
                           Alias = netstandard1.6
                       .NETStandard,Version=v2.0
                           DisplayName = .NET Standard 2.0
                           Alias = netstandard2.0
                       .NETStandard,Version=v2.1
                           DisplayName = .NET Standard 2.1
                           Alias = netstandard2.1
                   Using
                       System
                       System.Collections.Generic
                       System.IO
                       System.Linq
                       System.Net.Http
                       System.Threading
                       System.Threading.Tasks
                   WindowsSdkSupportedTargetPlatformVersion
                       10.0.17763.0
                           WindowsSdkPackageVersion = 10.0.17763.34
                           MinimumNETVersion = 6.0
                       10.0.17763.0
                           WindowsSdkPackageVersion = 10.0.17763.26
                           MinimumNETVersion = 5.0
                       10.0.18362.0
                           WindowsSdkPackageVersion = 10.0.18362.34
                           MinimumNETVersion = 6.0
                       10.0.18362.0
                           WindowsSdkPackageVersion = 10.0.18362.26
                           MinimumNETVersion = 5.0
                       10.0.19041.0
                           WindowsSdkPackageVersion = 10.0.19041.34
                           MinimumNETVersion = 6.0
                       10.0.19041.0
                           WindowsSdkPackageVersion = 10.0.19041.26
                           MinimumNETVersion = 5.0
                       10.0.20348.0
                           WindowsSdkPackageVersion = 10.0.20348.34
                           MinimumNETVersion = 6.0
                       10.0.20348.0
                           WindowsSdkPackageVersion = 10.0.20348.26
                           MinimumNETVersion = 5.0
                       10.0.22000.0
                           WindowsSdkPackageVersion = 10.0.22000.34
                           MinimumNETVersion = 6.0
                       10.0.22000.0
                           WindowsSdkPackageVersion = 10.0.22000.26
                           MinimumNETVersion = 5.0
                       10.0.22621.0
                           WindowsSdkPackageVersion = 10.0.22621.34
                           MinimumNETVersion = 6.0
                       10.0.26100.0
                           WindowsSdkPackageVersion = 10.0.26100.34
                           MinimumNETVersion = 6.0
                       7.0
                       8.0

21:01:44.402     1>Project "C:\Users\NoahR\OneDrive\Desktop\Jarvis\Jarvis.sln" (1) is building "C:\Users\NoahR\OneDrive\Desktop\Jarvis\src\Jarvis.Core\Jarvis.Core.csproj" (2) on node 1 (_IsProjectRestoreSupported target(s)).
21:01:44.711     2>Target "_IsProjectRestoreSupported: (TargetId:7)" in file "C:\Users\NoahR\OneDrive\Desktop\Jarvis\tools\dotnet\sdk\8.0.400\NuGet.targets" from project "C:\Users\NoahR\OneDrive\Desktop\Jarvis\src\Jarvis.Core\Jarvis.Core.csproj" (entry point):
21:01:44.711     2>Added Item(s): _ValidProjectsForRestore=C:\Users\NoahR\OneDrive\Desktop\Jarvis\src\Jarvis.Core\Jarvis.Core.csproj
21:01:44.712     2>Done building target "_IsProjectRestoreSupported" in project "Jarvis.Core.csproj".: (TargetId:7)
21:01:44.712     2>Done Building Project "C:\Users\NoahR\OneDrive\Desktop\Jarvis\src\Jarvis.Core\Jarvis.Core.csproj" (_IsProjectRestoreSupported target(s)).
21:01:46.146     0>The SDK "Microsoft.NET.Sdk" was successfully resolved by the "DefaultSdkResolver" resolver to location "C:\Users\NoahR\OneDrive\Desktop\Jarvis\tools\dotnet\sdk\8.0.400\Sdks\Microsoft.NET.Sdk\Sdk" and version "".
                   Property 'MSBuildExtensionsPath' with value 'C:\Users\NoahR\OneDrive\Desktop\Jarvis\tools\dotnet\sdk\8.0.400\' expanded from the environment.
                   Property reassignment: $(MSBuildProjectExtensionsPath)="C:\Users\NoahR\OneDrive\Desktop\Jarvis\src\Jarvis.App\obj\" (previous value: "obj\") at C:\Users\NoahR\OneDrive\Desktop\Jarvis\tools\dotnet\sdk\8.0.400\Current\Microsoft.Common.props (60,5)
                   Property 'MSBuildUserExtensionsPath' with value 'C:\Users\NoahR\AppData\Local\Microsoft\MSBuild' expanded from the environment.
                   The "Configuration" property is a global property, and cannot be modified.
                   The "Platform" property is a global property, and cannot be modified.
21:01:46.150     1>Done executing task "MSBuild" -- FAILED. (TaskId:5)
21:01:46.151     0>The "Configuration" property is a global property, and cannot be modified.
                   The "Platform" property is a global property, and cannot be modified.
                   Property reassignment: $(AssemblySearchPaths)="{CandidateAssemblyFiles};{HintPathFromItem}" (previous value: "{CandidateAssemblyFiles}") at C:\Users\NoahR\OneDrive\Desktop\Jarvis\tools\dotnet\sdk\8.0.400\Sdks\Microsoft.NET.Sdk\targets\Microsoft.NET.Sdk.props (91,5)
                   Property reassignment: $(AssemblySearchPaths)="{CandidateAssemblyFiles};{HintPathFromItem};{TargetFrameworkDirectory}" (previous value: "{CandidateAssemblyFiles};{HintPathFromItem}") at C:\Users\NoahR\OneDrive\Desktop\Jarvis\tools\dotnet\sdk\8.0.400\Sdks\Microsoft.NET.Sdk\targets\Microsoft.NET.Sdk.props (92,5)
                   Property reassignment: $(AssemblySearchPaths)="{CandidateAssemblyFiles};{HintPathFromItem};{TargetFrameworkDirectory};{RawFileName}" (previous value: "{CandidateAssemblyFiles};{HintPathFromItem};{TargetFrameworkDirectory}") at C:\Users\NoahR\OneDrive\Desktop\Jarvis\tools\dotnet\sdk\8.0.400\Sdks\Microsoft.NET.Sdk\targets\Microsoft.NET.Sdk.props (93,5)
21:01:46.151     1>Done building target "_FilterRestoreGraphProjectInputItems" in project "Jarvis.sln" -- FAILED.: (TargetId:6)
21:01:46.152     0>The "DefaultSdkResolver" resolver attempted to resolve the SDK "Microsoft.NET.SDK.WorkloadAutoImportPropsLocator".
Warnings: null
Errors: MSB4276: The default SDK resolver failed to resolve SDK "Microsoft.NET.SDK.WorkloadAutoImportPropsLocator" because directory "C:\Users\NoahR\OneDrive\Desktop\Jarvis\tools\dotnet\sdk\8.0.400\Sdks\Microsoft.NET.SDK.WorkloadAutoImportPropsLocator\Sdk" did not exist.
21:01:46.153     1>Done Building Project "C:\Users\NoahR\OneDrive\Desktop\Jarvis\Jarvis.sln" (Restore target(s)) -- FAILED.
21:01:46.178     0>The SDK "Microsoft.NET.SDK.WorkloadAutoImportPropsLocator" was successfully resolved by the "Microsoft.DotNet.MSBuildWorkloadSdkResolver" resolver to location "null" and version "null".
                   Property reassignment: $(TargetsForTfmSpecificContentInPackage)=";PackTool;_PackProjectToolValidation" (previous value: ";PackTool") at C:\Users\NoahR\OneDrive\Desktop\Jarvis\tools\dotnet\sdk\8.0.400\Sdks\Microsoft.NET.Sdk\targets\Microsoft.NET.PackProjectTool.props (15,5)
                   Property reassignment: $(OutputType)="WinExe" (previous value: "Library") at C:\Users\NoahR\OneDrive\Desktop\Jarvis\src\Jarvis.App\Jarvis.App.csproj (10,5)
                   The "Configuration" property is a global property, and cannot be modified.
                   The "Platform" property is a global property, and cannot be modified.
                   Property reassignment: $(PublishProfileImported)="false" (previous value: "true") at C:\Users\NoahR\OneDrive\Desktop\Jarvis\tools\dotnet\sdk\8.0.400\Sdks\Microsoft.NET.Sdk\targets\Microsoft.NET.Sdk.ImportPublishProfile.targets (28,5)
                   Property reassignment: $(TargetPlatformVersion)="0.0" (previous value: "0.0.0.0") at C:\Users\NoahR\OneDrive\Desktop\Jarvis\tools\dotnet\sdk\8.0.400\Sdks\Microsoft.NET.Sdk\targets\Microsoft.NET.TargetFrameworkInference.targets (68,5)
                   Property reassignment: $(TargetPlatformVersion)="" (previous value: "0.0") at C:\Users\NoahR\OneDrive\Desktop\Jarvis\tools\dotnet\sdk\8.0.400\Sdks\Microsoft.NET.Sdk\targets\Microsoft.NET.TargetFrameworkInference.targets (69,5)
                   Property reassignment: $(TargetPlatformIdentifier)="Windows" (previous value: "windows") at C:\Users\NoahR\OneDrive\Desktop\Jarvis\tools\dotnet\sdk\8.0.400\Sdks\Microsoft.NET.Sdk\targets\Microsoft.NET.TargetFrameworkInference.targets (71,5)
                   Property reassignment: $(DefaultItemExcludes)=";bin\Debug\/**;obj\Debug\/**" (previous value: ";bin\Debug\/**") at C:\Users\NoahR\OneDrive\Desktop\Jarvis\tools\dotnet\sdk\8.0.400\Sdks\Microsoft.NET.Sdk\targets\Microsoft.NET.DefaultOutputPaths.targets (122,5)
                   Property reassignment: $(OutputPath)="bin\Debug\net8.0-windows\" (previous value: "bin\Debug\") at C:\Users\NoahR\OneDrive\Desktop\Jarvis\tools\dotnet\sdk\8.0.400\Sdks\Microsoft.NET.Sdk\targets\Microsoft.NET.DefaultOutputPaths.targets (137,5)
                   Property reassignment: $(IntermediateOutputPath)="obj\Debug\net8.0-windows\" (previous value: "obj\Debug\") at C:\Users\NoahR\OneDrive\Desktop\Jarvis\tools\dotnet\sdk\8.0.400\Sdks\Microsoft.NET.Sdk\targets\Microsoft.NET.DefaultOutputPaths.targets (142,5)
                   The "DefaultSdkResolver" resolver attempted to resolve the SDK "Microsoft.NET.SDK.WorkloadManifestTargetsLocator".
                   Warnings: null
                   Errors: MSB4276: The default SDK resolver failed to resolve SDK "Microsoft.NET.SDK.WorkloadManifestTargetsLocator" because directory "C:\Users\NoahR\OneDrive\Desktop\Jarvis\tools\dotnet\sdk\8.0.400\Sdks\Microsoft.NET.SDK.WorkloadManifestTargetsLocator\Sdk" did not exist.
                   The SDK "Microsoft.NET.SDK.WorkloadManifestTargetsLocator" was successfully resolved by the "Microsoft.DotNet.MSBuildWorkloadSdkResolver" resolver to location "C:\Users\NoahR\OneDrive\Desktop\Jarvis\tools\dotnet\sdk-manifests\8.0.100\microsoft.net.sdk.android\34.0.43" and version "null".
                   Property reassignment: $(_FrameworkIdentifierForImplicitDefine)="NET" (previous value: "NETCOREAPP") at C:\Users\NoahR\OneDrive\Desktop\Jarvis\tools\dotnet\sdk\8.0.400\Sdks\Microsoft.NET.Sdk\targets\Microsoft.NET.Sdk.BeforeCommon.targets (187,5)
                   Property reassignment: $(_FrameworkVersionForImplicitDefine)="8_0" (previous value: "8.0") at C:\Users\NoahR\OneDrive\Desktop\Jarvis\tools\dotnet\sdk\8.0.400\Sdks\Microsoft.NET.Sdk\targets\Microsoft.NET.Sdk.BeforeCommon.targets (192,5)
                   Property reassignment: $(CommandLineArgsForDesignTimeEvaluation)="-langversion:12.0 -define:TRACE" (previous value: "-langversion:12.0") at C:\Users\NoahR\OneDrive\Desktop\Jarvis\tools\dotnet\sdk\8.0.400\Roslyn\Microsoft.CSharp.Core.targets (200,5)
                   The "Platform" property is a global property, and cannot be modified.
                   The "Configuration" property is a global property, and cannot be modified.
                   Property reassignment: $(_DebugSymbolsProduced)="true" (previous value: "false") at C:\Users\NoahR\OneDrive\Desktop\Jarvis\tools\dotnet\sdk\8.0.400\Microsoft.Common.CurrentVersion.targets (175,5)
                   Property reassignment: $(_DocumentationFileProduced)="false" (previous value: "true") at C:\Users\NoahR\OneDrive\Desktop\Jarvis\tools\dotnet\sdk\8.0.400\Microsoft.Common.CurrentVersion.targets (185,5)
                   The "SolutionName" property is a global property, and cannot be modified.
                   The "SolutionFileName" property is a global property, and cannot be modified.
                   The "SolutionPath" property is a global property, and cannot be modified.
                   The "SolutionDir" property is a global property, and cannot be modified.
                   The "SolutionExt" property is a global property, and cannot be modified.
                   Property reassignment: $(MSBuildCopyMarkerName)="Jarvis.App.csproj.Up2Date" (previous value: "Jarvis.App.csproj") at C:\Users\NoahR\OneDrive\Desktop\Jarvis\tools\dotnet\sdk\8.0.400\Microsoft.Common.CurrentVersion.targets (393,5)
                   Property reassignment: $(ProcessorArchitecture)="msil" (previous value: "") at C:\Users\NoahR\OneDrive\Desktop\Jarvis\tools\dotnet\sdk\8.0.400\Microsoft.Common.CurrentVersion.targets (541,5)
                   Property reassignment: $(DelaySign)="" (previous value: "false") at C:\Users\NoahR\OneDrive\Desktop\Jarvis\tools\dotnet\sdk\8.0.400\Microsoft.Common.CurrentVersion.targets (580,5)
                   Property 'LOCALAPPDATA' with value 'C:\Users\NoahR\AppData\Local' expanded from the environment.
                   Property reassignment: $(_SGenGenerateSerializationAssembliesConfig)="Auto" (previous value: "") at C:\Users\NoahR\OneDrive\Desktop\Jarvis\tools\dotnet\sdk\8.0.400\Microsoft.Common.CurrentVersion.targets (3896,5)
                   Property reassignment: $(_SGenGenerateSerializationAssembliesConfig)="Off" (previous value: "Auto") at C:\Users\NoahR\OneDrive\Desktop\Jarvis\tools\dotnet\sdk\8.0.400\Microsoft.Common.CurrentVersion.targets (3897,5)
                   Property reassignment: $(_TargetsThatPrepareProjectReferences)="
                         AssignProjectConfiguration;
                         _SplitProjectReferencesByFileExistence
                       " (previous value: "_SplitProjectReferencesByFileExistence") at C:\Users\NoahR\OneDrive\Desktop\Jarvis\tools\dotnet\sdk\8.0.400\Microsoft.Common.CurrentVersion.targets (5099,5)
                   Property 'MSBuildExtensionsPath32' with value 'C:\Users\NoahR\OneDrive\Desktop\Jarvis\tools\dotnet\sdk\8.0.400' expanded from the environment.
                   The "_RestoreSolutionFileUsed" property is a global property, and cannot be modified.
                   Property reassignment: $(_GenerateRestoreGraphProjectEntryInputProperties)="
                         ExcludeRestorePackageImports=true;
                         _RestoreSolutionFileUsed=true;
                         SolutionDir=C:\Users\NoahR\OneDrive\Desktop\Jarvis\;
                         SolutionName=Jarvis;
                         SolutionFileName=Jarvis.sln;
                         SolutionPath=C:\Users\NoahR\OneDrive\Desktop\Jarvis\Jarvis.sln;
                         SolutionExt=.sln;
                       " (previous value: "ExcludeRestorePackageImports=true") at C:\Users\NoahR\OneDrive\Desktop\Jarvis\tools\dotnet\sdk\8.0.400\NuGet.targets (101,5)
                   Property reassignment: $(ProjectAssetsFile)="C:\Users\NoahR\OneDrive\Desktop\Jarvis\src\Jarvis.App\obj\project.assets.json" (previous value: "C:\Users\NoahR\OneDrive\Desktop\Jarvis\src\Jarvis.App\obj\/project.assets.json") at C:\Users\NoahR\OneDrive\Desktop\Jarvis\tools\dotnet\sdk\8.0.400\Sdks\Microsoft.NET.Sdk\targets\Microsoft.PackageDependencyResolution.targets (24,5)
                   Property reassignment: $(ProjectAssetsCacheFile)="C:\Users\NoahR\OneDrive\Desktop\Jarvis\src\Jarvis.App\obj\Debug\net8.0-windows\Jarvis.App.assets.cache" (previous value: "obj\Debug\net8.0-windows\Jarvis.App.assets.cache") at C:\Users\NoahR\OneDrive\Desktop\Jarvis\tools\dotnet\sdk\8.0.400\Sdks\Microsoft.NET.Sdk\targets\Microsoft.PackageDependencyResolution.targets (29,5)
                   Property reassignment: $(ResolveAssemblyReferencesDependsOn)="
                         
                         ResolveProjectReferences;
                         FindInvalidProjectReferences;
                         GetFrameworkPaths;
                         GetReferenceAssemblyPaths;
                         PrepareForBuild;
                         ResolveSDKReferences;
                         ExpandSDKReferences;
                       ;
                         ResolvePackageDependenciesForBuild;
                         _HandlePackageFileConflicts;
                       " (previous value: "
                         ResolveProjectReferences;
                         FindInvalidProjectReferences;
                         GetFrameworkPaths;
                         GetReferenceAssemblyPaths;
                         PrepareForBuild;
                         ResolveSDKReferences;
                         ExpandSDKReferences;
                       ") at C:\Users\NoahR\OneDrive\Desktop\Jarvis\tools\dotnet\sdk\8.0.400\Sdks\Microsoft.NET.Sdk\targets\Microsoft.PackageDependencyResolution.targets (80,5)
                   Property reassignment: $(PrepareResourcesDependsOn)="
                         ResolvePackageDependenciesForBuild;
                         _HandlePackageFileConflicts;
                         
                         ;
                         PrepareResourceNames;
                         ResGen;
                         CompileLicxFiles
                       
                       " (previous value: "
                         ;
                         PrepareResourceNames;
                         ResGen;
                         CompileLicxFiles
                       ") at C:\Users\NoahR\OneDrive\Desktop\Jarvis\tools\dotnet\sdk\8.0.400\Sdks\Microsoft.NET.Sdk\targets\Microsoft.PackageDependencyResolution.targets (86,5)
                   Property reassignment: $(DefaultItemExcludes)=";bin\Debug\/**;obj\Debug\/**;bin\/**" (previous value: ";bin\Debug\/**;obj\Debug\/**") at C:\Users\NoahR\OneDrive\Desktop\Jarvis\tools\dotnet\sdk\8.0.400\Sdks\Microsoft.NET.Sdk\targets\Microsoft.NET.Sdk.DefaultItems.targets (27,5)
                   Property reassignment: $(DefaultItemExcludes)=";bin\Debug\/**;obj\Debug\/**;bin\/**;obj\/**" (previous value: ";bin\Debug\/**;obj\Debug\/**;bin\/**") at C:\Users\NoahR\OneDrive\Desktop\Jarvis\tools\dotnet\sdk\8.0.400\Sdks\Microsoft.NET.Sdk\targets\Microsoft.NET.Sdk.DefaultItems.targets (29,5)
                   Property reassignment: $(DefaultItemExcludes)=";bin\Debug\/**;obj\Debug\/**;bin\/**;obj\/**;**/*.user" (previous value: ";bin\Debug\/**;obj\Debug\/**;bin\/**;obj\/**") at C:\Users\NoahR\OneDrive\Desktop\Jarvis\tools\dotnet\sdk\8.0.400\Sdks\Microsoft.NET.Sdk\targets\Microsoft.NET.Sdk.DefaultItems.targets (32,5)
                   Property reassignment: $(DefaultItemExcludes)=";bin\Debug\/**;obj\Debug\/**;bin\/**;obj\/**;**/*.user;**/*.*proj" (previous value: ";bin\Debug\/**;obj\Debug\/**;bin\/**;obj\/**;**/*.user") at C:\Users\NoahR\OneDrive\Desktop\Jarvis\tools\dotnet\sdk\8.0.400\Sdks\Microsoft.NET.Sdk\targets\Microsoft.NET.Sdk.DefaultItems.targets (33,5)
                   Property reassignment: $(DefaultItemExcludes)=";bin\Debug\/**;obj\Debug\/**;bin\/**;obj\/**;**/*.user;**/*.*proj;**/*.sln" (previous value: ";bin\Debug\/**;obj\Debug\/**;bin\/**;obj\/**;**/*.user;**/*.*proj") at C:\Users\NoahR\OneDrive\Desktop\Jarvis\tools\dotnet\sdk\8.0.400\Sdks\Microsoft.NET.Sdk\targets\Microsoft.NET.Sdk.DefaultItems.targets (34,5)
                   Property reassignment: $(DefaultItemExcludes)=";bin\Debug\/**;obj\Debug\/**;bin\/**;obj\/**;**/*.user;**/*.*proj;**/*.sln;**/*.vssscc" (previous value: ";bin\Debug\/**;obj\Debug\/**;bin\/**;obj\/**;**/*.user;**/*.*proj;**/*.sln") at C:\Users\NoahR\OneDrive\Desktop\Jarvis\tools\dotnet\sdk\8.0.400\Sdks\Microsoft.NET.Sdk\targets\Microsoft.NET.Sdk.DefaultItems.targets (35,5)
                   Property reassignment: $(DefaultItemExcludes)=";bin\Debug\/**;obj\Debug\/**;bin\/**;obj\/**;**/*.user;**/*.*proj;**/*.sln;**/*.vssscc;**/.DS_Store" (previous value: ";bin\Debug\/**;obj\Debug\/**;bin\/**;obj\/**;**/*.user;**/*.*proj;**/*.sln;**/*.vssscc") at C:\Users\NoahR\OneDrive\Desktop\Jarvis\tools\dotnet\sdk\8.0.400\Sdks\Microsoft.NET.Sdk\targets\Microsoft.NET.Sdk.DefaultItems.targets (36,5)
                   Property reassignment: $(ResolveAssemblyReferencesDependsOn)="
                         
                         
                         ResolveProjectReferences;
                         FindInvalidProjectReferences;
                         GetFrameworkPaths;
                         GetReferenceAssemblyPaths;
                         PrepareForBuild;
                         ResolveSDKReferences;
                         ExpandSDKReferences;
                       ;
                         ResolvePackageDependenciesForBuild;
                         _HandlePackageFileConflicts;
                       ;
                         ResolveTargetingPackAssets;
                       " (previous value: "
                         
                         ResolveProjectReferences;
                         FindInvalidProjectReferences;
                         GetFrameworkPaths;
                         GetReferenceAssemblyPaths;
                         PrepareForBuild;
                         ResolveSDKReferences;
                         ExpandSDKReferences;
                       ;
                         ResolvePackageDependenciesForBuild;
                         _HandlePackageFileConflicts;
                       ") at C:\Users\NoahR\OneDrive\Desktop\Jarvis\tools\dotnet\sdk\8.0.400\Sdks\Microsoft.NET.Sdk\targets\Microsoft.NET.Sdk.FrameworkReferenceResolution.targets (14,5)
                   Property reassignment: $(_GenerateRuntimeConfigurationPropertyInputsCache)="C:\Users\NoahR\OneDrive\Desktop\Jarvis\src\Jarvis.App\obj\Debug\net8.0-windows\Jarvis.App.genruntimeconfig.cache" (previous value: "obj\Debug\net8.0-windows\Jarvis.App.genruntimeconfig.cache") at C:\Users\NoahR\OneDrive\Desktop\Jarvis\tools\dotnet\sdk\8.0.400\Sdks\Microsoft.NET.Sdk\targets\Microsoft.NET.Sdk.targets (44,5)
                   Property reassignment: $(_GeneratePublishDependencyFilePropertyInputsCache)="C:\Users\NoahR\OneDrive\Desktop\Jarvis\src\Jarvis.App\obj\Debug\net8.0-windows\Jarvis.App.genpublishdeps.cache" (previous value: "obj\Debug\net8.0-windows\Jarvis.App.genpublishdeps.cache") at C:\Users\NoahR\OneDrive\Desktop\Jarvis\tools\dotnet\sdk\8.0.400\Sdks\Microsoft.NET.Sdk\targets\Microsoft.NET.Sdk.targets (46,5)
                   Property reassignment: $(_GenerateSingleFileBundlePropertyInputsCache)="C:\Users\NoahR\OneDrive\Desktop\Jarvis\src\Jarvis.App\obj\Debug\net8.0-windows\Jarvis.App.genbundle.cache" (previous value: "obj\Debug\net8.0-windows\Jarvis.App.genbundle.cache") at C:\Users\NoahR\OneDrive\Desktop\Jarvis\tools\dotnet\sdk\8.0.400\Sdks\Microsoft.NET.Sdk\targets\Microsoft.NET.Sdk.targets (48,5)
                   Property reassignment: $(GenerateRuntimeConfigDevFile)="false" (previous value: "true") at C:\Users\NoahR\OneDrive\Desktop\Jarvis\tools\dotnet\sdk\8.0.400\Sdks\Microsoft.NET.Sdk\targets\Microsoft.NET.Sdk.targets (81,5)
                   Property 'USERPROFILE' with value 'C:\Users\NoahR' expanded from the environment.
                   Property reassignment: $(_DefaultUserProfileRuntimeStorePath)="C:\Users\NoahR" (previous value: "") at C:\Users\NoahR\OneDrive\Desktop\Jarvis\tools\dotnet\sdk\8.0.400\Sdks\Microsoft.NET.Sdk\targets\Microsoft.NET.Sdk.targets (97,5)
                   Property reassignment: $(_DefaultUserProfileRuntimeStorePath)="C:\Users\NoahR\.dotnet\store" (previous value: "C:\Users\NoahR") at C:\Users\NoahR\OneDrive\Desktop\Jarvis\tools\dotnet\sdk\8.0.400\Sdks\Microsoft.NET.Sdk\targets\Microsoft.NET.Sdk.targets (98,5)
                   Property reassignment: $(AvailablePlatforms)="Any CPU,x86,x64,ARM32" (previous value: "Any CPU,x86,x64") at C:\Users\NoahR\OneDrive\Desktop\Jarvis\tools\dotnet\sdk\8.0.400\Sdks\Microsoft.NET.Sdk\targets\Microsoft.NET.Sdk.targets (136,5)
                   Property reassignment: $(AvailablePlatforms)="Any CPU,x86,x64,ARM32,ARM64" (previous value: "Any CPU,x86,x64,ARM32") at C:\Users\NoahR\OneDrive\Desktop\Jarvis\tools\dotnet\sdk\8.0.400\Sdks\Microsoft.NET.Sdk\targets\Microsoft.NET.Sdk.targets (140,5)
                   Property reassignment: $(CoreBuildDependsOn)="
                         _CheckForBuildWithNoBuild;
                         
                         BuildOnlySettings;
                         PrepareForBuild;
                         PreBuildEvent;
                         ResolveReferences;
                         PrepareResources;
                         ResolveKeySource;
                         Compile;
                         ExportWindowsMDFile;
                         UnmanagedUnregistration;
                         GenerateSerializationAssemblies;
                         CreateSatelliteAssemblies;
                         GenerateManifests;
                         GetTargetPath;
                         PrepareForRun;
                         UnmanagedRegistration;
                         IncrementalClean;
                         PostBuildEvent
                       ;
                         GenerateBuildDependencyFile;
                         GenerateBuildRuntimeConfigurationFiles
                       " (previous value: "
                         BuildOnlySettings;
                         PrepareForBuild;
                         PreBuildEvent;
                         ResolveReferences;
                         PrepareResources;
                         ResolveKeySource;
                         Compile;
                         ExportWindowsMDFile;
                         UnmanagedUnregistration;
                         GenerateSerializationAssemblies;
                         CreateSatelliteAssemblies;
                         GenerateManifests;
                         GetTargetPath;
                         PrepareForRun;
                         UnmanagedRegistration;
                         IncrementalClean;
                         PostBuildEvent
                       ") at C:\Users\NoahR\OneDrive\Desktop\Jarvis\tools\dotnet\sdk\8.0.400\Sdks\Microsoft.NET.Sdk\targets\Microsoft.NET.Sdk.targets (197,5)
                   Property reassignment: $(CoreCleanDependsOn)="
                         _SdkBeforeClean;
                         
                       " (previous value: "") at C:\Users\NoahR\OneDrive\Desktop\Jarvis\tools\dotnet\sdk\8.0.400\Sdks\Microsoft.NET.Sdk\targets\Microsoft.NET.Sdk.targets (206,5)
                   Property reassignment: $(RebuildDependsOn)="
                         _SdkBeforeRebuild;
                         
                         BeforeRebuild;
                         Clean;
                         Build;
                         AfterRebuild;
                       
                       " (previous value: "
                         BeforeRebuild;
                         Clean;
                         Build;
                         AfterRebuild;
                       ") at C:\Users\NoahR\OneDrive\Desktop\Jarvis\tools\dotnet\sdk\8.0.400\Sdks\Microsoft.NET.Sdk\targets\Microsoft.NET.Sdk.targets (213,5)
                   Property reassignment: $(CompileDependsOn)="
                         
                         ResolveReferences;
                         ResolveKeySource;
                         SetWin32ManifestProperties;
                         _SetPreferNativeArm64Win32ManifestProperties;
                         FindReferenceAssembliesForReferences;
                         _GenerateCompileInputs;
                         BeforeCompile;
                         _TimeStampBeforeCompile;
                         _GenerateCompileDependencyCache;
                         CoreCompile;
                         _TimeStampAfterCompile;
                         AfterCompile;
                       ;
                         _CreateAppHost;
                         _CreateComHost;
                         _GetIjwHostPaths;
                       " (previous value: "
                         ResolveReferences;
                         ResolveKeySource;
                         SetWin32ManifestProperties;
                         _SetPreferNativeArm64Win32ManifestProperties;
                         FindReferenceAssembliesForReferences;
                         _GenerateCompileInputs;
                         BeforeCompile;
                         _TimeStampBeforeCompile;
                         _GenerateCompileDependencyCache;
                         CoreCompile;
                         _TimeStampAfterCompile;
                         AfterCompile;
                       ") at C:\Users\NoahR\OneDrive\Desktop\Jarvis\tools\dotnet\sdk\8.0.400\Sdks\Microsoft.NET.Sdk\targets\Microsoft.NET.Sdk.targets (679,5)
                   Property reassignment: $(CreateSatelliteAssembliesDependsOn)="
                         
                         ;
                         _GenerateSatelliteAssemblyInputs;
                         ComputeIntermediateSatelliteAssemblies;
                         GenerateSatelliteAssemblies
                       ;
                         CoreGenerateSatelliteAssemblies
                       " (previous value: "
                         ;
                         _GenerateSatelliteAssemblyInputs;
                         ComputeIntermediateSatelliteAssemblies;
                         GenerateSatelliteAssemblies
                       ") at C:\Users\NoahR\OneDrive\Desktop\Jarvis\tools\dotnet\sdk\8.0.400\Sdks\Microsoft.NET.Sdk\targets\Microsoft.NET.Sdk.targets (1065,5)
                   Property reassignment: $(SourceLinkUrlInitializerTargets)=";_InitializeGitHubSourceLinkUrl;_InitializeGitLabSourceLinkUrl" (previous value: ";_InitializeGitHubSourceLinkUrl") at C:\Users\NoahR\OneDrive\Desktop\Jarvis\tools\dotnet\sdk\8.0.400\Sdks\Microsoft.SourceLink.GitLab\build\Microsoft.SourceLink.GitLab.targets (12,5)
                   Property reassignment: $(SourceControlManagerUrlTranslationTargets)=";TranslateGitHubUrlsInSourceControlInformation;TranslateGitLabUrlsInSourceControlInformation" (previous value: ";TranslateGitHubUrlsInSourceControlInformation") at C:\Users\NoahR\OneDrive\Desktop\Jarvis\tools\dotnet\sdk\8.0.400\Sdks\Microsoft.SourceLink.GitLab\build\Microsoft.SourceLink.GitLab.targets (13,5)
                   Property reassignment: $(SourceLinkUrlInitializerTargets)=";_InitializeGitHubSourceLinkUrl;_InitializeGitLabSourceLinkUrl;_InitializeAzureReposGitSourceLinkUrl" (previous value: ";_InitializeGitHubSourceLinkUrl;_InitializeGitLabSourceLinkUrl") at C:\Users\NoahR\OneDrive\Desktop\Jarvis\tools\dotnet\sdk\8.0.400\Sdks\Microsoft.SourceLink.AzureRepos.Git\build\Microsoft.SourceLink.AzureRepos.Git.targets (12,5)
                   Property reassignment: $(SourceControlManagerUrlTranslationTargets)=";TranslateGitHubUrlsInSourceControlInformation;TranslateGitLabUrlsInSourceControlInformation;TranslateAzureReposGitUrlsInSourceControlInformation" (previous value: ";TranslateGitHubUrlsInSourceControlInformation;TranslateGitLabUrlsInSourceControlInformation") at C:\Users\NoahR\OneDrive\Desktop\Jarvis\tools\dotnet\sdk\8.0.400\Sdks\Microsoft.SourceLink.AzureRepos.Git\build\Microsoft.SourceLink.AzureRepos.Git.targets (13,5)
                   Property reassignment: $(SourceLinkUrlInitializerTargets)=";_InitializeGitHubSourceLinkUrl;_InitializeGitLabSourceLinkUrl;_InitializeAzureReposGitSourceLinkUrl;_InitializeBitbucketGitSourceLinkUrl" (previous value: ";_InitializeGitHubSourceLinkUrl;_InitializeGitLabSourceLinkUrl;_InitializeAzureReposGitSourceLinkUrl") at C:\Users\NoahR\OneDrive\Desktop\Jarvis\tools\dotnet\sdk\8.0.400\Sdks\Microsoft.SourceLink.Bitbucket.Git\build\Microsoft.SourceLink.Bitbucket.Git.targets (12,5)
                   Property reassignment: $(SourceControlManagerUrlTranslationTargets)=";TranslateGitHubUrlsInSourceControlInformation;TranslateGitLabUrlsInSourceControlInformation;TranslateAzureReposGitUrlsInSourceControlInformation;TranslateBitbucketGitUrlsInSourceControlInformation" (previous value: ";TranslateGitHubUrlsInSourceControlInformation;TranslateGitLabUrlsInSourceControlInformation;TranslateAzureReposGitUrlsInSourceControlInformation") at C:\Users\NoahR\OneDrive\Desktop\Jarvis\tools\dotnet\sdk\8.0.400\Sdks\Microsoft.SourceLink.Bitbucket.Git\build\Microsoft.SourceLink.Bitbucket.Git.targets (13,5)
                   Property reassignment: $(DesignerRuntimeImplementationProjectOutputGroupDependsOn)="
                         
                         ;
                         
                         ;
                         BuildOnlySettings;
                         PrepareForBuild;
                         AssignTargetPaths;
                         ResolveReferences
                       
                       ;
                         _GenerateDesignerDepsFile;
                         _GenerateDesignerRuntimeConfigFile;
                         GetCopyToOutputDirectoryItems;
                         _GatherDesignerShadowCopyFiles;
                       " (previous value: "
                         ;
                         
                         ;
                         BuildOnlySettings;
                         PrepareForBuild;
                         AssignTargetPaths;
                         ResolveReferences
                       
                       ") at C:\Users\NoahR\OneDrive\Desktop\Jarvis\tools\dotnet\sdk\8.0.400\Sdks\Microsoft.NET.Sdk\targets\Microsoft.NET.DesignerSupport.targets (21,5)
                   Property reassignment: $(_GenerateToolsSettingsFileCacheFile)="C:\Users\NoahR\OneDrive\Desktop\Jarvis\src\Jarvis.App\obj\Debug\net8.0-windows\Jarvis.App.toolssettingsinput.cache" (previous value: "obj\Debug\net8.0-windows\Jarvis.App.toolssettingsinput.cache") at C:\Users\NoahR\OneDrive\Desktop\Jarvis\tools\dotnet\sdk\8.0.400\Sdks\Microsoft.NET.Sdk\targets\Microsoft.NET.PackTool.targets (68,5)
                   Property reassignment: $(_ShimInputCacheFile)="C:\Users\NoahR\OneDrive\Desktop\Jarvis\src\Jarvis.App\obj\Debug\net8.0-windows\Jarvis.App.shiminput.cache" (previous value: "obj\Debug\net8.0-windows\Jarvis.App.shiminput.cache") at C:\Users\NoahR\OneDrive\Desktop\Jarvis\tools\dotnet\sdk\8.0.400\Sdks\Microsoft.NET.Sdk\targets\Microsoft.NET.PackTool.targets (137,5)
                   Property reassignment: $(_ShimCreatedSentinelFile)="C:\Users\NoahR\OneDrive\Desktop\Jarvis\src\Jarvis.App\obj\Debug\net8.0-windows\Jarvis.App.shimcreated.sentinel" (previous value: "obj\Debug\net8.0-windows\Jarvis.App.shimcreated.sentinel") at C:\Users\NoahR\OneDrive\Desktop\Jarvis\tools\dotnet\sdk\8.0.400\Sdks\Microsoft.NET.Sdk\targets\Microsoft.NET.PackTool.targets (139,5)
                   Property reassignment: $(DefineConstants)="TRACE;DEBUG" (previous value: "TRACE") at C:\Users\NoahR\OneDrive\Desktop\Jarvis\tools\dotnet\sdk\8.0.400\Sdks\Microsoft.NET.Sdk\targets\Microsoft.NET.Sdk.CSharp.targets (31,5)
                   Property reassignment: $(DefineConstants)="TRACE;DEBUG;NET;NET8_0;NETCOREAPP" (previous value: "TRACE;DEBUG") at C:\Users\NoahR\OneDrive\Desktop\Jarvis\tools\dotnet\sdk\8.0.400\Sdks\Microsoft.NET.Sdk\targets\Microsoft.NET.Sdk.CSharp.targets (34,5)
                   Property reassignment: $(WarningsAsErrors)=";NU1605;SYSLIB0011" (previous value: ";NU1605") at C:\Users\NoahR\OneDrive\Desktop\Jarvis\tools\dotnet\sdk\8.0.400\Sdks\Microsoft.NET.Sdk\targets\Microsoft.NET.Sdk.CSharp.targets (48,5)
                   Property reassignment: $(TargetPlatformVersion)="7.0" (previous value: "") at C:\Users\NoahR\OneDrive\Desktop\Jarvis\tools\dotnet\sdk\8.0.400\Sdks\Microsoft.NET.Sdk\targets\Microsoft.NET.Windows.targets (34,5)
                   Property reassignment: $(SupportedOSPlatformVersion)="7.0" (previous value: "") at C:\Users\NoahR\OneDrive\Desktop\Jarvis\tools\dotnet\sdk\8.0.400\Sdks\Microsoft.NET.Sdk\targets\Microsoft.NET.Windows.targets (44,5)
                   Property reassignment: $(TargetPlatformMinVersion)="7.0" (previous value: "") at C:\Users\NoahR\OneDrive\Desktop\Jarvis\tools\dotnet\sdk\8.0.400\Sdks\Microsoft.NET.Sdk\targets\Microsoft.NET.Windows.targets (45,5)
                   Property reassignment: $(TargetPlatformDisplayName)="Windows 7.0" (previous value: "Windows ") at C:\Users\NoahR\OneDrive\Desktop\Jarvis\tools\dotnet\sdk\8.0.400\Sdks\Microsoft.NET.Sdk\targets\Microsoft.NET.Sdk.targets (1347,5)
                   Property reassignment: $(_TargetFrameworkVersionValue)="8.0" (previous value: "0.0") at C:\Users\NoahR\OneDrive\Desktop\Jarvis\tools\dotnet\sdk\8.0.400\Sdks\Microsoft.NET.Sdk.WindowsDesktop\targets\Microsoft.NET.Sdk.WindowsDesktop.targets (51,5)
                   Property reassignment: $(PrepareResourceNamesDependsOn)="
                                       AssignWinFXEmbeddedResource;
                                       
                         AssignTargetPaths;
                         SplitResourcesByCulture;
                         CreateManifestResourceNames;
                         CreateCustomManifestResourceNames
                       
                         " (previous value: "
                         AssignTargetPaths;
                         SplitResourcesByCulture;
                         CreateManifestResourceNames;
                         CreateCustomManifestResourceNames
                       ") at C:\Users\NoahR\OneDrive\Desktop\Jarvis\tools\dotnet\sdk\8.0.400\Sdks\Microsoft.NET.Sdk.WindowsDesktop\targets\Microsoft.WinFX.targets (61,7)
                   Property reassignment: $(PrepareResourcesDependsOn)="
                                   MarkupCompilePass1;
                                   AfterMarkupCompilePass1;
                                   MarkupCompilePass2ForMainAssembly;
                                   FileClassification;
                                   MainResourcesGeneration;
                                   
                         ResolvePackageDependenciesForBuild;
                         _HandlePackageFileConflicts;
                         
                         ;
                         PrepareResourceNames;
                         ResGen;
                         CompileLicxFiles
                       
                       
                         " (previous value: "
                         ResolvePackageDependenciesForBuild;
                         _HandlePackageFileConflicts;
                         
                         ;
                         PrepareResourceNames;
                         ResGen;
                         CompileLicxFiles
                       
                       ") at C:\Users\NoahR\OneDrive\Desktop\Jarvis\tools\dotnet\sdk\8.0.400\Sdks\Microsoft.NET.Sdk.WindowsDesktop\targets\Microsoft.WinFX.targets (69,7)
                   Property reassignment: $(CompileDependsOn)="
                           
                         
                         ResolveReferences;
                         ResolveKeySource;
                         SetWin32ManifestProperties;
                         _SetPreferNativeArm64Win32ManifestProperties;
                         FindReferenceAssembliesForReferences;
                         _GenerateCompileInputs;
                         BeforeCompile;
                         _TimeStampBeforeCompile;
                         _GenerateCompileDependencyCache;
                         CoreCompile;
                         _TimeStampAfterCompile;
                         AfterCompile;
                       ;
                         _CreateAppHost;
                         _CreateComHost;
                         _GetIjwHostPaths;
                       ;
                           _AfterCompileWinFXInternal
                       " (previous value: "
                         
                         ResolveReferences;
                         ResolveKeySource;
                         SetWin32ManifestProperties;
                         _SetPreferNativeArm64Win32ManifestProperties;
                         FindReferenceAssembliesForReferences;
                         _GenerateCompileInputs;
                         BeforeCompile;
                         _TimeStampBeforeCompile;
                         _GenerateCompileDependencyCache;
                         CoreCompile;
                         _TimeStampAfterCompile;
                         AfterCompile;
                       ;
                         _CreateAppHost;
                         _CreateComHost;
                         _GetIjwHostPaths;
                       ") at C:\Users\NoahR\OneDrive\Desktop\Jarvis\tools\dotnet\sdk\8.0.400\Sdks\Microsoft.NET.Sdk.WindowsDesktop\targets\Microsoft.WinFX.targets (136,5)
                   Property reassignment: $(PublishBuildDependsOn)="
                               BuildOnlySettings;
                               PrepareForBuild;
                               ResolveReferences;
                               PrepareResources;
                               ResolveKeySource;
                               PrepareResourcesForSatelliteAssemblies;
                               GenerateSerializationAssemblies;
                               CreateSatelliteAssemblies;
                           " (previous value: "
                         BuildOnlySettings;
                         PrepareForBuild;
                         ResolveReferences;
                         PrepareResources;
                         ResolveKeySource;
                         GenerateSerializationAssemblies;
                         CreateSatelliteAssemblies;
                       ") at C:\Users\NoahR\OneDrive\Desktop\Jarvis\tools\dotnet\sdk\8.0.400\Sdks\Microsoft.NET.Sdk.WindowsDesktop\targets\Microsoft.WinFX.targets (802,9)
                   Property reassignment: $(PackageDescription)="Package Description" (previous value: "") at C:\Users\NoahR\OneDrive\Desktop\Jarvis\tools\dotnet\sdk\8.0.400\Sdks\NuGet.Build.Tasks.Pack\build\NuGet.Build.Tasks.Pack.targets (34,5)
                   Property reassignment: $(GenerateNuspecDependsOn)="Build;_LoadPackInputItems; _GetTargetFrameworksOutput; _WalkEachTargetPerFramework; _GetPackageFiles; " (previous value: "_LoadPackInputItems; _GetTargetFrameworksOutput; _WalkEachTargetPerFramework; _GetPackageFiles; ") at C:\Users\NoahR\OneDrive\Desktop\Jarvis\tools\dotnet\sdk\8.0.400\Sdks\NuGet.Build.Tasks.Pack\build\NuGet.Build.Tasks.Pack.targets (59,5)
                   Property reassignment: $(_IsSDKContainerAllowedVersion)="true" (previous value: "false") at C:\Users\NoahR\OneDrive\Desktop\Jarvis\tools\dotnet\sdk\8.0.400\Containers\build\Microsoft.NET.Build.Containers.targets (5,5)
                   Property reassignment: $(_ContainerIsTargetingNet8TFM)="true" (previous value: "false") at C:\Users\NoahR\OneDrive\Desktop\Jarvis\tools\dotnet\sdk\8.0.400\Containers\build\Microsoft.NET.Build.Containers.targets (15,5)
                   Overriding target "ResolveFrameworkReferences" in project "C:\Users\NoahR\OneDrive\Desktop\Jarvis\tools\dotnet\sdk\8.0.400\Microsoft.Common.CurrentVersion.targets" with target "ResolveFrameworkReferences" from project "C:\Users\NoahR\OneDrive\Desktop\Jarvis\tools\dotnet\sdk\8.0.400\Sdks\Microsoft.NET.Sdk\targets\Microsoft.NET.Sdk.FrameworkReferenceResolution.targets".
                   Overriding target "Run" in project "C:\Users\NoahR\OneDrive\Desktop\Jarvis\tools\dotnet\sdk\8.0.400\Microsoft.Common.CurrentVersion.targets" with target "Run" from project "C:\Users\NoahR\OneDrive\Desktop\Jarvis\tools\dotnet\sdk\8.0.400\Sdks\Microsoft.NET.Sdk\targets\Microsoft.NET.Sdk.targets".
                   Overriding target "GenerateSupportedTargetFrameworkAlias" in project "C:\Users\NoahR\OneDrive\Desktop\Jarvis\tools\dotnet\sdk\8.0.400\Microsoft.Common.CurrentVersion.targets" with target "GenerateSupportedTargetFrameworkAlias" from project "C:\Users\NoahR\OneDrive\Desktop\Jarvis\tools\dotnet\sdk\8.0.400\Sdks\Microsoft.NET.Sdk\targets\Microsoft.NET.Sdk.targets".
                   Overriding target "GetReferenceAssemblyPaths" in project "C:\Users\NoahR\OneDrive\Desktop\Jarvis\tools\dotnet\sdk\8.0.400\Microsoft.Common.CurrentVersion.targets" with target "GetReferenceAssemblyPaths" from project "C:\Users\NoahR\OneDrive\Desktop\Jarvis\tools\dotnet\sdk\8.0.400\Sdks\Microsoft.NET.Sdk\targets\Microsoft.NET.DisableStandardFrameworkResolution.targets".
                   Overriding target "GetFrameworkPaths" in project "C:\Users\NoahR\OneDrive\Desktop\Jarvis\tools\dotnet\sdk\8.0.400\Microsoft.Common.CurrentVersion.targets" with target "GetFrameworkPaths" from project "C:\Users\NoahR\OneDrive\Desktop\Jarvis\tools\dotnet\sdk\8.0.400\Sdks\Microsoft.NET.Sdk\targets\Microsoft.NET.DisableStandardFrameworkResolution.targets".
                   Overriding target "DesignerRuntimeImplementationProjectOutputGroup" in project "C:\Users\NoahR\OneDrive\Desktop\Jarvis\tools\dotnet\sdk\8.0.400\Microsoft.Common.CurrentVersion.targets" with target "DesignerRuntimeImplementationProjectOutputGroup" from project "C:\Users\NoahR\OneDrive\Desktop\Jarvis\tools\dotnet\sdk\8.0.400\Sdks\Microsoft.NET.Sdk\targets\Microsoft.NET.DesignerSupport.targets".
                   Overriding target "Publish" in project "C:\Users\NoahR\OneDrive\Desktop\Jarvis\tools\dotnet\sdk\8.0.400\Microsoft.Common.CurrentVersion.targets" with target "Publish" from project "C:\Users\NoahR\OneDrive\Desktop\Jarvis\tools\dotnet\sdk\8.0.400\Sdks\Microsoft.NET.Sdk\targets\Microsoft.NET.Publish.targets".
                   Overriding target "ResolveReadyToRunCompilers" in project "C:\Users\NoahR\OneDrive\Desktop\Jarvis\tools\dotnet\sdk\8.0.400\Sdks\Microsoft.NET.Sdk\targets\Microsoft.NET.CrossGen.targets" with target "ResolveReadyToRunCompilers" from project "C:\Users\NoahR\OneDrive\Desktop\Jarvis\tools\dotnet\sdk\8.0.400\Sdks\Microsoft.NET.Sdk\targets\Microsoft.NET.Publish.targets".
                   Overriding target "GetCopyToPublishDirectoryItems" in project "C:\Users\NoahR\OneDrive\Desktop\Jarvis\tools\dotnet\sdk\8.0.400\Microsoft.Common.CurrentVersion.targets" with target "GetCopyToPublishDirectoryItems" from project "C:\Users\NoahR\OneDrive\Desktop\Jarvis\tools\dotnet\sdk\8.0.400\Sdks\Microsoft.NET.Sdk\targets\Microsoft.NET.Publish.targets".
                   Overriding target "SatelliteDllsProjectOutputGroup" in project "C:\Users\NoahR\OneDrive\Desktop\Jarvis\tools\dotnet\sdk\8.0.400\Microsoft.Common.CurrentVersion.targets" with target "SatelliteDllsProjectOutputGroup" from project "C:\Users\NoahR\OneDrive\Desktop\Jarvis\tools\dotnet\sdk\8.0.400\Sdks\Microsoft.NET.Sdk.WindowsDesktop\targets\Microsoft.WinFX.targets".
21:01:46.276     0>Initial Properties:
                   __DisableWorkloadResolverSentinelPath = C:\Users\NoahR\OneDrive\Desktop\Jarvis\tools\dotnet\sdk\8.0.400\DisableWorkloadResolver.sentinel
                   __WindowsAppSdkDefaultImageIncludes = **/*.png;**/*.bmp;**/*.jpg;**/*.dds;**/*.tif;**/*.tga;**/*.gif
                   _AfterCompileWinFXInternalDependsOn = 
                           PrepareResourcesForSatelliteAssemblies;
                           MergeLocalizationDirectives;
                           AfterCompileWinFX
                       
                   _AfterSdkPublishDependsOn = Publish
                   _BeforePublishNoBuildTargets = 
                         BuildOnlySettings;
                         _PreventProjectReferencesFromBuilding;
                         ResolveReferences;
                         PrepareResourceNames;
                         ComputeIntermediateSatelliteAssemblies;
                         ComputeEmbeddedApphostPaths;
                       
                   _BinaryFormatterObsoleteAsError = true
                   _ComHostLibraryExtension = .dll
                   _CompileTargetNameForLocalType = _CompileTemporaryAssembly
                   _CompileTemporaryAssemblyDependsOn = BuildOnlySettings;ResolveKeySource;ResolveProjectReferences;CoreCompile
                   _ContainerIsSelfContained = false
                   _ContainerIsTargetingNet8TFM = true
                   _ContainersTargetsDir = C:\Users\NoahR\OneDrive\Desktop\Jarvis\tools\dotnet\sdk\8.0.400\Sdks\Microsoft.NET.Sdk\Sdk\..\..\..\Containers\build\
                   _CorePublishTargets = 
                         PrepareForPublish;
                         ComputeAndCopyFilesToPublishDirectory;
                         ;
                         PublishItemsOutputGroup;
                       
                   _DebugSymbolsProduced = true
                   _DefaultArtifactsPathPropsImported = true
                   _DefaultUserProfileRuntimeStorePath = C:\Users\NoahR\.dotnet\store
                   _DeploymentApplicationManifestIdentity = Jarvis.App.exe
                   _DeploymentBuiltUpdateInterval = 0
                   _DeploymentBuiltUpdateIntervalUnits = Days
                   _DeploymentDeployManifestIdentity = Jarvis.App.application
                   _DeploymentFileMappingExtension = 
                   _DeploymentLauncherBased = true
                   _DeploymentPublishableProjectDefault = true
                   _DeploymentTargetApplicationManifestFileName = Jarvis.App.dll.manifest
                   _DeploymentUrl = 
                   _DesignerDepsFileName = Jarvis.App.designer.deps.json
                   _DesignerDepsFilePath = obj\Debug\net8.0-windows\Jarvis.App.designer.deps.json
                   _DesignerRuntimeConfigFileName = Jarvis.App.designer.runtimeconfig.json
                   _DesignerRuntimeConfigFilePath = obj\Debug\net8.0-windows\Jarvis.App.designer.runtimeconfig.json
                   _DirectoryBuildPropsBasePath = C:\Users\NoahR\OneDrive\Desktop\Jarvis
                   _DirectoryBuildPropsFile = Directory.Build.props
                   _DirectoryBuildTargetsBasePath = 
                   _DirectoryBuildTargetsFile = Directory.Build.targets
                   _DirectoryPackagesPropsBasePath = 
                   _DirectoryPackagesPropsFile = Directory.Packages.props
                   _DocumentationFileProduced = false
                   _DotNetAppHostExecutableName = apphost.exe
                   _DotNetAppHostExecutableNameWithoutExtension = apphost
                   _DotNetComHostLibraryName = comhost.dll
                   _DotNetComHostLibraryNameWithoutExtension = comhost
                   _DotNetHostExecutableName = dotnet.exe
                   _DotNetHostFxrLibraryName = libhostfxr.so
                   _DotNetHostPolicyLibraryName = libhostpolicy.so
                   _DotNetIjwHostLibraryName = Ijwhost.dll
                   _DotNetIjwHostLibraryNameWithoutExtension = Ijwhost
                   _DotNetSingleFileHostExecutableNameWithoutExtension = singlefilehost
                   _EnableDefaultWindowsPlatform = false
                   _EnableWindowsDesktopNetCoreFrameworkReferences = true
                   _FrameworkIdentifierForImplicitDefine = NET
                   _FrameworkVersionForImplicitDefine = 8_0
                   _GenerateBindingRedirectsIntermediateAppConfig = obj\Debug\net8.0-windows\Jarvis.App.dll.config
                   _GeneratePublishDependencyFilePropertyInputsCache = C:\Users\NoahR\OneDrive\Desktop\Jarvis\src\Jarvis.App\obj\Debug\net8.0-windows\Jarvis.App.genpublishdeps.cache
                   _GenerateRestoreGraphProjectEntryInputProperties = 
                         ExcludeRestorePackageImports=true;
                         _RestoreSolutionFileUsed=true;
                         SolutionDir=C:\Users\NoahR\OneDrive\Desktop\Jarvis\;
                         SolutionName=Jarvis;
                         SolutionFileName=Jarvis.sln;
                         SolutionPath=C:\Users\NoahR\OneDrive\Desktop\Jarvis\Jarvis.sln;
                         SolutionExt=.sln;
                       
                   _GenerateRuntimeConfigurationPropertyInputsCache = C:\Users\NoahR\OneDrive\Desktop\Jarvis\src\Jarvis.App\obj\Debug\net8.0-windows\Jarvis.App.genruntimeconfig.cache
                   _GenerateSingleFileBundlePropertyInputsCache = C:\Users\NoahR\OneDrive\Desktop\Jarvis\src\Jarvis.App\obj\Debug\net8.0-windows\Jarvis.App.genbundle.cache
                   _GenerateSourceLinkFileBeforeTargets = CoreCompile
                   _GenerateSourceLinkFileDependsOnTargets = 
                   _GenerateSupportedRuntimeIntermediateAppConfig = obj\Debug\net8.0-windows\Jarvis.App.dll.withSupportedRuntime.config
                   _GenerateToolsSettingsFileCacheFile = C:\Users\NoahR\OneDrive\Desktop\Jarvis\src\Jarvis.App\obj\Debug\net8.0-windows\Jarvis.App.toolssettingsinput.cache
                   _GetChildProjectCopyToOutputDirectoryItems = true
                   _GetChildProjectCopyToPublishDirectoryItems = true
                   _IjwHostLibraryExtension = .dll
                   _InitialBaseIntermediateOutputPath = obj\
                   _IsExecutable = true
                   _IsNETCoreOrNETStandard = true
                   _IsSDKContainerAllowedVersion = true
                   _LatestAnalysisLevel = 8.0
                   _MaxSupportedLangVersion = 12.0
                   _MicrosoftNETSdkWindowsDesktop = true
                   _MicrosoftSourceLinkCommonAssemblyFile = C:\Users\NoahR\OneDrive\Desktop\Jarvis\tools\dotnet\sdk\8.0.400\Sdks\Microsoft.SourceLink.Common\build\..\tools\core\Microsoft.SourceLink.Common.dll
                   _MinimumNonEolSupportedNetCoreTargetFramework = net6.0
                   _NativeExecutableExtension = .exe
                   _NativeLibraryExtension = .so
                   _NativeLibraryPrefix = lib
                   _NETAnalyzersSDKAssemblyVersion = 8.0.0
                   _NETCoreSdkIsPreview = false
                   _NetFrameworkHostedCompilersVersion = 4.11.0-3.24365.8
                   _NoneAnalysisLevel = 4.0
                   _NugetFallbackFolder = C:\Users\NoahR\OneDrive\Desktop\Jarvis\tools\dotnet\sdk\8.0.400\Sdks\Microsoft.NET.Sdk\targets\..\..\..\..\NuGetFallbackFolder
                   _NugetTargetMonikerAndRID = .NETCoreApp,Version=v8.0
                   _OriginalConfiguration = Debug
                   _OriginalPlatform = AnyCPU
                   _PackToolPublishDependency = _PublishBuildAlternative
                   _PlatformWithoutConfigurationInference = AnyCPU
                   _PresentationBuildTasksAssembly = C:\Users\NoahR\OneDrive\Desktop\Jarvis\tools\dotnet\sdk\8.0.400\Sdks\Microsoft.NET.Sdk.WindowsDesktop\tools\net8.0\PresentationBuildTasks.dll
                   _PresentationBuildTasksTfm = net8.0
                   _PreviewAnalysisLevel = 9.0
                   _ProjectDefaultTargets = Build
                   _ProjectTypeRequiresBinaryFormatter = true
                   _PublishNoBuildAlternativeDependsOn = 
                         BuildOnlySettings;
                         _PreventProjectReferencesFromBuilding;
                         ResolveReferences;
                         PrepareResourceNames;
                         ComputeIntermediateSatelliteAssemblies;
                         ComputeEmbeddedApphostPaths;
                       ;
                         PrepareForPublish;
                         ComputeAndCopyFilesToPublishDirectory;
                         ;
                         PublishItemsOutputGroup;
                       
                   _PublishProfileDesignerFolder = Properties
                   _PublishProfileRootFolder = C:\Users\NoahR\OneDrive\Desktop\Jarvis\src\Jarvis.App\Properties\PublishProfiles\
                   _RecursiveTargetForContentCopying = GetCopyToOutputDirectoryItems
                   _RemoveUnsupportedTargetFrameworksForWindowsDesktop = true
                   _RequireMCPass2ForMainAssembly = false
                   _RequireMCPass2ForSatelliteAssemblyOnly = false
                   _ResolveProjectReferencesTargetName = ResolveProjectReferences
                   _ResolveReferenceDependencies = false
                   _ResourceNameInMainAssembly = Jarvis.App.g.resources
                   _RestoreSolutionFileUsed = true
                   _RuntimeIdentifierUsesAppHost = true
                   _RuntimePackInWorkloadVersion6 = 6.0.33
                   _RuntimePackInWorkloadVersion7 = 7.0.20
                   _RuntimePackInWorkloadVersionCurrent = 8.0.8
                   _SGenDllCreated = false
                   _SGenDllName = Jarvis.App.XmlSerializers.dll
                   _SGenGenerateSerializationAssembliesConfig = Off
                   _ShimCreatedSentinelFile = C:\Users\NoahR\OneDrive\Desktop\Jarvis\src\Jarvis.App\obj\Debug\net8.0-windows\Jarvis.App.shimcreated.sentinel
                   _ShimInputCacheFile = C:\Users\NoahR\OneDrive\Desktop\Jarvis\src\Jarvis.App\obj\Debug\net8.0-windows\Jarvis.App.shiminput.cache
                   _SourceLinkAzureReposGitAssemblyFile = C:\Users\NoahR\OneDrive\Desktop\Jarvis\tools\dotnet\sdk\8.0.400\Sdks\Microsoft.SourceLink.AzureRepos.Git\build\..\tools\core\Microsoft.SourceLink.AzureRepos.Git.dll
                   _SourceLinkBitbucketAssemblyFile = C:\Users\NoahR\OneDrive\Desktop\Jarvis\tools\dotnet\sdk\8.0.400\Sdks\Microsoft.SourceLink.Bitbucket.Git\build\..\tools\core\Microsoft.SourceLink.Bitbucket.Git.dll
                   _SourceLinkGitHubAssemblyFile = C:\Users\NoahR\OneDrive\Desktop\Jarvis\tools\dotnet\sdk\8.0.400\Sdks\Microsoft.SourceLink.GitHub\build\..\tools\core\Microsoft.SourceLink.GitHub.dll
                   _SourceLinkGitLabAssemblyFile = C:\Users\NoahR\OneDrive\Desktop\Jarvis\tools\dotnet\sdk\8.0.400\Sdks\Microsoft.SourceLink.GitLab\build\..\tools\core\Microsoft.SourceLink.GitLab.dll
                   _SourceLinkPropsImported = true
                   _SourceLinkSdkSubDir = build
                   _SupportedArchitectures = amd64 arm64
                   _SupportedPlatformList = @(SupportedPlatform, ',')
                   _TargetFrameworkDirectories = 
                   _TargetFrameworkVersionValue = 8.0
                   _TargetFrameworkVersionWithoutV = 8.0
                   _TargetLatestRuntimePatchIsDefault = true
                   _TargetsThatPrepareProjectReferences = 
                         AssignProjectConfiguration;
                         _SplitProjectReferencesByFileExistence
                       
                   _ToolsSettingsFilePath = obj\DotnetToolSettings.xml
                   _UndefinedTargetFrameworkVersion = 0.0
                   _UseAttributeForTargetFrameworkInfoPropertyNames = true
                   _UsingDefaultForHasRuntimeOutput = true
                   _UsingDefaultPlatformTarget = true
                   _WindowsDesktopSdkTargetFrameworkVersionFloor = 3.0
                   _WorkloadLibraryPacksFolder = C:\Users\NoahR\OneDrive\Desktop\Jarvis\tools\dotnet\library-packs
                   AddAdditionalExplicitAssemblyReferences = false
                   AddAppConfigToBuildOutputs = true
                   AfterMicrosoftNETSdkTargets = ;C:\Users\NoahR\OneDrive\Desktop\Jarvis\tools\dotnet\sdk\8.0.400\Sdks\Microsoft.NET.Sdk\targets\../../Microsoft.NET.Sdk.WindowsDesktop/targets/Microsoft.NET.Sdk.WindowsDesktop.targets
                   AllowedOutputExtensionsInPackageBuildOutputFolder = .dll; .exe; .winmd; .json; .pri; .xml ;
                   AllowedOutputExtensionsInSymbolsPackageBuildOutputFolder = .pdb; .mdb; .dll; .exe; .winmd; .json; .pri; .xml ;; 
                   AllowedReferenceAssemblyFileExtensions = 
                         .winmd;
                         .dll;
                         .exe
                       
                   AllowedReferenceRelatedFileExtensions = 
                         .pdb;
                         .xml;
                         .pri;
                         .dll.config;
                         .exe.config
                       
                   AllowUnsafeBlocks = false
                   AlwaysCompileMarkupFilesInSeparateDomain = true
                   AlwaysIncludeCoreFrameworkInRuntimeConfig = true
                   AlwaysUseNumericalSuffixInItemNames = true
                   AnalysisLevel = latest
                   ApiCompatValidatePackageSemaphoreFile = obj\Debug\net8.0-windows\Microsoft.NET.ApiCompat.ValidatePackage.semaphore
                   AppDesignerFolder = Properties
                   AppendPlatformToOutputPath = false
                   AppendRuntimeIdentifierToOutputPath = true
                   AppendTargetFrameworkToOutputPath = true
                   AssemblyFoldersConfigFile = C:\Users\NoahR\OneDrive\Desktop\Jarvis\tools\dotnet\sdk\8.0.400\AssemblyFolders.config
                   AssemblyFoldersSuffix = AssemblyFoldersEx
                   AssemblyName = Jarvis.App
                   AssemblySearchPaths = {CandidateAssemblyFiles};{HintPathFromItem};{TargetFrameworkDirectory};{RawFileName}
                   AssemblyTitle = Jarvis.App
                   AssetTargetFallback = ;net461;net462;net47;net471;net472;net48;net481
                   AssignTargetPathsDependsOn = 
                   Authors = Jarvis.App
                   AutomaticallyUseReferenceAssemblyPackages = true
                   AutoUnifyAssemblyReferences = true
                   AvailablePlatforms = Any CPU,x86,x64,ARM32,ARM64
                   BackwardsCompatFrameworkDefine = NETCOREAPP
                   BaseIntermediateOutputPath = obj\
                   BaseOutputPath = bin\
                   BaseOutputPathWasSpecified = true
                   BuildCompileAction = Build
                   BuildDependsOn = 
                         BeforeBuild;
                         CoreBuild;
                         AfterBuild
                       
                   BuildGenerateSourcesAction = Build
                   BuildingProject = false
                   BuildInParallel = true
                   BuildLinkAction = Build
                   BuildOutputTargetFolder = lib
                   BuildProjectReferences = true
                   BuiltProjectOutputGroupDependenciesDependsOn = 
                         ;
                         
                         ;
                         BuildOnlySettings;
                         PrepareForBuild;
                         AssignTargetPaths;
                         ResolveReferences
                       
                       
                   BuiltProjectOutputGroupDependsOn = PrepareForBuild
                   BundledNETCoreAppPackageVersion = 8.0.8
                   BundledNETCoreAppTargetFrameworkVersion = 8.0
                   BundledNETCorePlatformsPackageVersion = 8.0.8-servicing.24366.12
                   BundledNETStandardPackageVersion = 2.1.0
                   BundledNETStandardTargetFrameworkVersion = 2.1
                   BundledRuntimeIdentifierGraphFile = C:\Users\NoahR\OneDrive\Desktop\Jarvis\tools\dotnet\sdk\8.0.400\RuntimeIdentifierGraph.json
                   CheckEolTargetFramework = true
                   CheckEolWorkloads = true
                   CheckForOverflowUnderflow = false
                   CleanDependsOn = 
                         BeforeClean;
                         UnmanagedUnregistration;
                         CoreClean;
                         CleanReferencedProjects;
                         CleanPublishFolder;
                         AfterClean
                       
                   CleanFile = Jarvis.App.csproj.FileListAbsolute.txt
                   ClickOncePublishDir = bin\Debug\net8.0-windows\publish\
                   CodeAnalysisRuleIds = CA1000;CA1001;CA1002;CA1003;CA1005;CA1008;CA1010;CA1012;CA1014;CA1016;CA1017;CA1018;CA1019;CA1021;CA1024;CA1027;CA1028;CA1030;CA1031;CA1032;CA1033;CA1034;CA1036;CA1040;CA1041;CA1043;CA1044;CA1045;CA1046;CA1047;CA1050;CA1051;CA1052;CA1054;CA1055;CA1056;CA1058;CA1060;CA1061;CA1062;CA1063;CA1064;CA1065;CA1066;CA1067;CA1068;CA1069;CA1070;CA1200;CA1303;CA1304;CA1305;CA1307;CA1308;CA1309;CA1310;CA1311;CA1401;CA1416;CA1417;CA1418;CA1419;CA1420;CA1421;CA1422;CA1501;CA1502;CA1505;CA1506;CA1507;CA1508;CA1509;CA1510;CA1511;CA1512;CA1513;CA1700;CA1707;CA1708;CA1710;CA1711;CA1712;CA1713;CA1715;CA1716;CA1720;CA1721;CA1724;CA1725;CA1727;CA1802;CA1805;CA1806;CA1810;CA1812;CA1813;CA1814;CA1815;CA1816;CA1819;CA1820;CA1821;CA1822;CA1823;CA1824;CA1825;CA1826;CA1827;CA1828;CA1829;CA1830;CA1831;CA1832;CA1833;CA1834;CA1835;CA1836;CA1837;CA1838;CA1839;CA1840;CA1841;CA1842;CA1843;CA1844;CA1845;CA1846;CA1847;CA1848;CA1849;CA1850;CA1851;CA1852;CA1853;CA1854;CA1855;CA1856;CA1857;CA1858;CA1859;CA1860;CA1861;CA1862;CA1863;CA1864;CA1865;CA1866;CA1867;CA1868;CA1869;CA1870;CA2000;CA2002;CA2007;CA2008;CA2009;CA2011;CA2012;CA2013;CA2014;CA2015;CA2016;CA2017;CA2018;CA2019;CA2020;CA2021;CA2100;CA2101;CA2119;CA2153;CA2200;CA2201;CA2207;CA2208;CA2211;CA2213;CA2214;CA2215;CA2216;CA2217;CA2218;CA2219;CA2224;CA2225;CA2226;CA2227;CA2231;CA2234;CA2235;CA2237;CA2241;CA2242;CA2243;CA2244;CA2245;CA2246;CA2247;CA2248;CA2249;CA2250;CA2251;CA2252;CA2253;CA2254;CA2255;CA2256;CA2257;CA2258;CA2259;CA2260;CA2261;CA2300;CA2301;CA2302;CA2305;CA2310;CA2311;CA2312;CA2315;CA2321;CA2322;CA2326;CA2327;CA2328;CA2329;CA2330;CA2350;CA2351;CA2352;CA2353;CA2354;CA2355;CA2356;CA2361;CA2362;CA3001;CA3002;CA3003;CA3004;CA3005;CA3006;CA3007;CA3008;CA3009;CA3010;CA3011;CA3012;CA3061;CA3075;CA3076;CA3077;CA3147;CA5350;CA5351;CA5358;CA5359;CA5360;CA5361;CA5362;CA5363;CA5364;CA5365;CA5366;CA5367;CA5368;CA5369;CA5370;CA5371;CA5372;CA5373;CA5374;CA5375;CA5376;CA5377;CA5378;CA5379;CA5380;CA5381;CA5382;CA5383;CA5384;CA5385;CA5386;CA5387;CA5388;CA5389;CA5390;CA5391;CA5392;CA5393;CA5394;CA5395;CA5396;CA5397;CA5398;CA5399;CA5400;CA5401;CA5402;CA5403;CA5404;CA5405
                   CodeAnalysisTargets = C:\Users\NoahR\OneDrive\Desktop\Jarvis\tools\dotnet\sdk\8.0.400\Microsoft\VisualStudio\v17.0\CodeAnalysis\Microsoft.CodeAnalysis.targets
                   CommandLineArgsForDesignTimeEvaluation = -langversion:12.0 -define:TRACE
                   CommonOutputGroupsDependsOn = 
                         ;
                         BuildOnlySettings;
                         PrepareForBuild;
                         AssignTargetPaths;
                         ResolveReferences
                       
                   CommonTargetsPath = C:\Users\NoahR\OneDrive\Desktop\Jarvis\tools\dotnet\sdk\8.0.400\Microsoft.Common.CurrentVersion.targets
                   CommonXamlResourcesDirectory = C:\Users\NoahR\OneDrive\Desktop\Jarvis\tools\dotnet\sdk\8.0.400\\
                   Company = Jarvis.App
                   CompileDependsOn = 
                           
                         
                         ResolveReferences;
                         ResolveKeySource;
                         SetWin32ManifestProperties;
                         _SetPreferNativeArm64Win32ManifestProperties;
                         FindReferenceAssembliesForReferences;
                         _GenerateCompileInputs;
                         BeforeCompile;
                         _TimeStampBeforeCompile;
                         _GenerateCompileDependencyCache;
                         CoreCompile;
                         _TimeStampAfterCompile;
                         AfterCompile;
                       ;
                         _CreateAppHost;
                         _CreateComHost;
                         _GetIjwHostPaths;
                       ;
                           _AfterCompileWinFXInternal
                       
                   CompileLicxFilesDependsOn = 
                   CompilerApiVersion = roslyn4.11
                   CompilerGeneratedFilesOutputPath = 
                   ComputeIntermediateSatelliteAssembliesDependsOn = 
                         CreateManifestResourceNames
                       
                   ComputeNETCoreBuildOutputFiles = true
                   ComReferenceExecuteAsTool = false
                   ComReferenceNoClassMembers = false
                   Configuration = Debug
                   ConfigurationName = Debug
                   Configurations = Debug;Release
                   ConsiderPlatformAsProcessorArchitecture = true
                   ContainerCustomTasksAssembly = C:\Users\NoahR\OneDrive\Desktop\Jarvis\tools\dotnet\sdk\8.0.400\Containers\build\..\tasks\net8.0\Microsoft.NET.Build.Containers.dll
                   ContainerCustomTasksFolder = C:\Users\NoahR\OneDrive\Desktop\Jarvis\tools\dotnet\sdk\8.0.400\Containers\build\..\tasks\net8.0\
                   ContainerizeFolder = C:\Users\NoahR\OneDrive\Desktop\Jarvis\tools\dotnet\sdk\8.0.400\Containers\build\..\containerize\
                   ContainerizeFolderName = containerize
                   ContainerTaskFolderName = tasks
                   ContainerTaskFramework = net8.0
                   ContentFilesProjectOutputGroupDependsOn = PrepareForBuild;AssignTargetPaths
                   ContentPreprocessorOutputDirectory = obj\Debug\net8.0-windows\NuGet\
                   ContentTargetFolders = content;contentFiles
                   ContinueOnError = false
                   CopyBuildOutputToPublishDirectory = true
                   CopyConflictingTransitiveContent = false
                   CopyLocalLockFileAssemblies = true
                   CopyOutputSymbolsToPublishDirectory = true
                   CoreBuildDependsOn = 
                         _CheckForBuildWithNoBuild;
                         
                         BuildOnlySettings;
                         PrepareForBuild;
                         PreBuildEvent;
                         ResolveReferences;
                         PrepareResources;
                         ResolveKeySource;
                         Compile;
                         ExportWindowsMDFile;
                         UnmanagedUnregistration;
                         GenerateSerializationAssemblies;
                         CreateSatelliteAssemblies;
                         GenerateManifests;
                         GetTargetPath;
                         PrepareForRun;
                         UnmanagedRegistration;
                         IncrementalClean;
                         PostBuildEvent
                       ;
                         GenerateBuildDependencyFile;
                         GenerateBuildRuntimeConfigurationFiles
                       
                   CoreCleanDependsOn = 
                         _SdkBeforeClean;
                         
                       
                   CoreCompileDependsOn = ;_ComputeNonExistentFileProperty;ResolveCodeAnalysisRuleSet
                   CoreResGenDependsOn = FindReferenceAssembliesForReferences
                   CreateCustomManifestResourceNamesDependsOn = 
                   CreateHardLinksForCopyAdditionalFilesIfPossible = false
                   CreateManifestResourceNamesDependsOn = 
                   CreateSatelliteAssembliesDependsOn = 
                         
                         ;
                         _GenerateSatelliteAssemblyInputs;
                         ComputeIntermediateSatelliteAssemblies;
                         GenerateSatelliteAssemblies
                       ;
                         CoreGenerateSatelliteAssemblies
                       
                   CreateSymbolicLinksForCopyAdditionalFilesIfPossible = false
                   CSharpCoreTargetsPath = C:\Users\NoahR\OneDrive\Desktop\Jarvis\tools\dotnet\sdk\8.0.400\Roslyn\Microsoft.CSharp.Core.targets
                   CSharpDesignTimeTargetsPath = C:\Users\NoahR\OneDrive\Desktop\Jarvis\tools\dotnet\sdk\8.0.400\\Microsoft\VisualStudio\Managed\Microsoft.CSharp.DesignTime.targets
                   CSharpTargetsPath = C:\Users\NoahR\OneDrive\Desktop\Jarvis\tools\dotnet\sdk\8.0.400\Microsoft.CSharp.CurrentVersion.targets
                   CustomAfterDirectoryBuildProps = ;C:\Users\NoahR\OneDrive\Desktop\Jarvis\tools\dotnet\sdk\8.0.400\Sdks\Microsoft.NET.Sdk\Sdk\UseArtifactsOutputPath.props
                   CustomAfterMicrosoftCommonProps = C:\Users\NoahR\OneDrive\Desktop\Jarvis\tools\dotnet\sdk\8.0.400\\vCurrent\Custom.After.Microsoft.Common.props
                   CustomAfterMicrosoftCommonTargets = C:\Users\NoahR\OneDrive\Desktop\Jarvis\tools\dotnet\sdk\8.0.400\\vCurrent\Custom.After.Microsoft.Common.targets
                   CustomAfterMicrosoftCSharpTargets = C:\Users\NoahR\OneDrive\Desktop\Jarvis\tools\dotnet\sdk\8.0.400\\vCurrent\Custom.After.Microsoft.CSharp.targets
                   CustomBeforeMicrosoftCommonProps = C:\Users\NoahR\OneDrive\Desktop\Jarvis\tools\dotnet\sdk\8.0.400\\vCurrent\Custom.Before.Microsoft.Common.props
                   CustomBeforeMicrosoftCommonTargets = C:\Users\NoahR\OneDrive\Desktop\Jarvis\tools\dotnet\sdk\8.0.400\\vCurrent\Custom.Before.Microsoft.Common.targets
                   CustomBeforeMicrosoftCSharpTargets = C:\Users\NoahR\OneDrive\Desktop\Jarvis\tools\dotnet\sdk\8.0.400\\vCurrent\Custom.Before.Microsoft.CSharp.targets
                   DebugSymbols = true
                   DebugSymbolsProjectOutputGroupDependenciesDependsOn = 
                         ;
                         
                         ;
                         BuildOnlySettings;
                         PrepareForBuild;
                         AssignTargetPaths;
                         ResolveReferences
                       
                       
                   DebugSymbolsProjectOutputGroupDependsOn = 
                   DebugType = portable
                   DefaultAllowedOutputExtensionsInPackageBuildOutputFolder = .dll; .exe; .winmd; .json; .pri; .xml
                   DefaultAppHostRuntimeIdentifier = win-x64
                   DefaultCopyToPublishDirectoryMetadata = true
                   DefaultExcludesInProjectFolder = ;;**/.*/**
                   DefaultImplicitPackages = Microsoft.NETCore.App;NETStandard.Library
                   DefaultItemExcludes = ;bin\Debug\/**;obj\Debug\/**;bin\/**;obj\/**;**/*.user;**/*.*proj;**/*.sln;**/*.vssscc;**/.DS_Store
                   DefaultLanguageSourceExtension = .cs
                   DefaultProjectTypeGuid = {FAE04EC0-301F-11D3-BF4B-00C04F79EFBC}
                   DefaultXamlRuntime = Wpf
                   DefineCommonCapabilities = true
                   DefineCommonItemSchemas = true
                   DefineCommonReferenceSchemas = true
                   DefineConstants = TRACE;DEBUG;NET;NET8_0;NETCOREAPP
                   DelaySign = 
                   DeploymentComputeClickOnceManifestInfoDependsOn = 
                         CleanPublishFolder;
                         GetCopyToOutputDirectoryItems;
                         _DeploymentGenerateTrustInfo
                         
                       
                   DeploymentType = Installed
                   DesignerRuntimeImplementationProjectOutputGroupDependsOn = 
                         
                         ;
                         
                         ;
                         BuildOnlySettings;
                         PrepareForBuild;
                         AssignTargetPaths;
                         ResolveReferences
                       
                       ;
                         _GenerateDesignerDepsFile;
                         _GenerateDesignerRuntimeConfigFile;
                         GetCopyToOutputDirectoryItems;
                         _GatherDesignerShadowCopyFiles;
                       
                   DesignTimeAssemblySearchPaths = {CandidateAssemblyFiles};{HintPathFromItem};{TargetFrameworkDirectory};{RawFileName}
                   DesignTimeAutoUnify = true
                   DesignTimeResolveAssemblyReferencesDependsOn = 
                         GetFrameworkPaths;
                         GetReferenceAssemblyPaths;
                         ResolveReferences
                       
                   Deterministic = true
                   DevEnvDir = *Undefined*
                   DirectoryBuildPropsPath = C:\Users\NoahR\OneDrive\Desktop\Jarvis\Directory.Build.props
                   DisableHandlePackageFileConflicts = true
                   DisableImplicitNuGetFallbackFolder = true
                   DisableLogTaskParameter_ConvertToAbsolutePath_Path = true
                   DisableLogTaskParameter_FindUnderPath_OutOfPath = true
                   DisableLogTaskParameter_RemoveDuplicates_Inputs = true
                   DisableLogTaskParameterItemMetadata_ConvertToAbsolutePath_AbsolutePaths = true
                   DisableLogTaskParameterItemMetadata_Copy_CopiedFiles = true
                   DisableLogTaskParameterItemMetadata_Copy_DestinationFiles = true
                   DisableLogTaskParameterItemMetadata_Copy_SourceFiles = true
                   DisableLogTaskParameterItemMetadata_FindUnderPath_Files = true
                   DisableLogTaskParameterItemMetadata_FindUnderPath_InPath = true
                   DisableLogTaskParameterItemMetadata_GenerateResource_FilesWritten = true
                   DisableLogTaskParameterItemMetadata_Hash_ItemsToHash = true
                   DisableLogTaskParameterItemMetadata_RemoveDuplicates_Filtered = true
                   DisableLogTaskParameterItemMetadata_WriteLinesToFile_Lines = true
                   DisableStandardFrameworkResolution = true
                   DocumentationFile = 
                   DocumentationProjectOutputGroupDependenciesDependsOn = 
                         ;
                         
                         ;
                         BuildOnlySettings;
                         PrepareForBuild;
                         AssignTargetPaths;
                         ResolveReferences
                       
                       
                   DocumentationProjectOutputGroupDependsOn = 
                   DOTNET_CLI_TELEMETRY_SESSIONID = 53639a73-61c7-4639-ac08-c5ef9b1528ed
                   DOTNET_HOST_PATH = C:\Users\NoahR\OneDrive\Desktop\Jarvis\tools\dotnet\dotnet.exe
                   DOTNET_MULTILEVEL_LOOKUP = 0
                   DotNetApiCompatTaskAssembly = C:\Users\NoahR\OneDrive\Desktop\Jarvis\tools\dotnet\sdk\8.0.400\Sdks\Microsoft.NET.Sdk\targets\..\tools\net8.0\Microsoft.DotNet.ApiCompat.Task.dll
                   DotnetCliToolTargetFramework = netcoreapp2.2
                   EffectiveAnalysisLevel = 8.0
                   EffectiveCodeAnalysisTreatWarningsAsErrors = 
                   EmbeddedResourceUseDependentUponConvention = true
                   EmbeddedWin32Manifest = 
                   EmbedUntrackedSources = true
                   EmitAssetsLogMessages = true
                   EmitCompilerGeneratedFiles = false
                   EmitLegacyAssetsFileItems = false
                   EnableDefaultApplicationDefinition = true
                   EnableDefaultCompileItems = true
                   EnableDefaultEmbeddedResourceItems = true
                   EnableDefaultItems = true
                   EnableDefaultNoneItems = true
                   EnableDefaultPageItems = true
                   EnableFrameworkPathOverride = false
                   EnableNETAnalyzers = true
                   EnableSourceControlManagerQueries = true
                   EnableSourceLink = true
                   EnableUnsafeBinaryFormatterSerialization = true
                   EnableWebSdkImplicitPackageVersions = false
                   EnforceCodeStyleInBuild = false
                   ErrorReport = prompt
                   ExcludeRestorePackageImports = true
                   ExpandSDKAllowedReferenceExtensions = 
                         .winmd;
                         .dll
                       
                   ExpandSDKReferencesDependsOn = 
                         ResolveSDKReferences
                       
                   FileAlignment = 512
                   FindInvalidProjectReferencesDependsOn = 
                         GetReferenceTargetPlatformMonikers
                       
                   Framework20Dir = @(_TargetFramework20DirectoryItem)
                   Framework30Dir = @(_TargetFramework30DirectoryItem)
                   Framework35Dir = @(_TargetFramework35DirectoryItem)
                   Framework40Dir = @(_TargetFramework40DirectoryItem)
                   FrameworkDir = @(_TargetFramework40DirectoryItem)
                   FrameworkPathOverride = 
                   FrameworkRegistryBase = Software\Microsoft\.NETCoreApp
                   FrameworkSDKDir = @(_TargetFrameworkSDKDirectoryItem)
                   FullReferenceAssemblyNames = Full
                   GenerateAssemblyCompanyAttribute = true
                   GenerateAssemblyConfigurationAttribute = true
                   GenerateAssemblyCopyrightAttribute = true
                   GenerateAssemblyDescriptionAttribute = true
                   GenerateAssemblyFileVersionAttribute = true
                   GenerateAssemblyInfo = true
                   GenerateAssemblyInformationalVersionAttribute = true
                   GenerateAssemblyMetadataAttributes = true
                   GenerateAssemblyProductAttribute = true
                   GenerateAssemblyTitleAttribute = true
                   GenerateAssemblyTrademarkAttribute = true
                   GenerateAssemblyVersionAttribute = true
                   GenerateBindingRedirectsOutputType = true
                   GenerateClickOnceManifests = 
                   GeneratedAssemblyInfoFile = obj\Debug\net8.0-windows\Jarvis.App.AssemblyInfo.cs
                   GenerateDependencyFile = true
                   GeneratedFileExtension = .g.cs
                   GeneratedGlobalUsingsFile = obj\Debug\net8.0-windows\Jarvis.App.GlobalUsings.g.cs
                   GenerateDisableRuntimeMarshallingAttribute = true
                   GenerateDocumentationFile = false
                   GenerateFullPaths = true
                   GenerateInternalsVisibleToAttributes = true
                   GenerateManifestsDependsOn = 
                         SetWin32ManifestProperties;
                         GenerateApplicationManifest;
                         GenerateDeploymentManifest
                       
                   GenerateNeutralResourcesLanguageAttribute = true
                   GenerateNuspecDependsOn = Build;_LoadPackInputItems; _GetTargetFrameworksOutput; _WalkEachTargetPerFramework; _GetPackageFiles; 
                   GeneratePackageOnBuild = false
                   GenerateRepositoryUrlAttribute = true
                   GenerateRequiresPreviewFeaturesAttribute = true
                   GenerateResourceMSBuildArchitecture = CurrentArchitecture
                   GenerateResourceMSBuildRuntime = CurrentRuntime
                   GenerateResourceUsePreserializedResources = true
                   GenerateResourceWarnOnBinaryFormatterUse = true
                   GenerateRuntimeConfigDevFile = false
                   GenerateRuntimeConfigurationFiles = true
                   GenerateSatelliteAssembliesForCore = true
                   GenerateSupportedOSPlatformAttribute = true
                   GenerateTargetFrameworkAttribute = true
                   GenerateTargetPlatformAttribute = true
                   GetCopyToOutputDirectoryItemsDependsOn = 
                         AssignTargetPaths;
                         
                         AssignProjectConfiguration;
                         _SplitProjectReferencesByFileExistence
                       ;
                         _GetProjectReferenceTargetFrameworkProperties;
                         _PopulateCommonStateForGetCopyToOutputDirectoryItems
                       
                   GetFrameworkPathsDependsOn = 
                   GetReferenceNearestTargetFrameworkTaskSupportsTargetPlatformParameter = true
                   GetTargetPathDependsOn = 
                   GetTargetPathWithTargetPlatformMonikerDependsOn = 
                   HasRuntimeOutput = true
                   HideWarningsAndErrors = false
                   HighEntropyVA = true
                   HostInBrowser = false
                   ImplicitConfigurationDefine = DEBUG
                   ImplicitFrameworkDefine = NET8_0
                   ImplicitUsings = enable
                   ImportByWildcardAfterMicrosoftCommonProps = true
                   ImportByWildcardAfterMicrosoftCommonTargets = true
                   ImportByWildcardAfterMicrosoftCSharpTargets = true
                   ImportByWildcardBeforeMicrosoftCommonProps = true
                   ImportByWildcardBeforeMicrosoftCommonTargets = true
                   ImportByWildcardBeforeMicrosoftCSharpTargets = true
                   ImportDirectoryBuildProps = true
                   ImportDirectoryBuildTargets = true
                   ImportDirectoryPackagesProps = true
                   ImportFrameworkWinFXTargets = false
                   ImportNuGetBuildTasksPackTargetsFromSdk = true
                   ImportProjectExtensionProps = false
                   ImportProjectExtensionTargets = false
                   ImportUserLocationsByWildcardAfterMicrosoftCommonProps = true
                   ImportUserLocationsByWildcardAfterMicrosoftCommonTargets = true
                   ImportUserLocationsByWildcardAfterMicrosoftCSharpTargets = true
                   ImportUserLocationsByWildcardBeforeMicrosoftCommonProps = true
                   ImportUserLocationsByWildcardBeforeMicrosoftCommonTargets = true
                   ImportUserLocationsByWildcardBeforeMicrosoftCSharpTargets = true
                   ImportWindowsDesktopTargets = true
                   IncludeBuildOutput = true
                   IncludeContentInPack = true
                   IncludeFileVersionsInDependencyFile = true
                   IncludeMainProjectInDepsFile = true
                   IncludePackageReferencesDuringMarkupCompilation = true
                   IncludeProjectsNotInAssetsFileInDepsFile = true
                   IncludeSourceRevisionInInformationalVersion = true
                   IncludeSymbolsInSingleFile = false
                   InnerBuildProperty = TargetFramework
                   InnerBuildPropertyValues = TargetFrameworks
                   IntermediateOutputPath = obj\Debug\net8.0-windows\
                   IsApplication = true
                   IsNetCoreAppTargetingLatestTFM = true
                   IsPackable = true
                   IsPublishable = true
                   IsRestoreTargetsFileLoaded = true
                   IsRidAgnostic = false
                   Language = C#
                   LanguageTargets = C:\Users\NoahR\OneDrive\Desktop\Jarvis\tools\dotnet\sdk\8.0.400\Microsoft.CSharp.targets
                   LangVersion = 12.0
                   LocalizationDirectivesToLocFile = None
                   MarkPackageReferencesAsExternallyResolved = true
                   MarkupCompilePass2ForMainAssemblyDependsOn = 
                                        GenerateTemporaryTargetAssembly;
                                        MarkupCompilePass2;
                                        AfterMarkupCompilePass2;
                                        CleanupTemporaryTargetAssembly
                          
                   MaxSupportedLangVersion = 12.0
                   MaxTargetPath = 100
                   MicrosoftBuildTasksGitAssemblyFile = C:\Users\NoahR\OneDrive\Desktop\Jarvis\tools\dotnet\sdk\8.0.400\Sdks\Microsoft.Build.Tasks.Git\build\..\tools\core\Microsoft.Build.Tasks.Git.dll
                   MicrosoftCommonPropsHasBeenImported = true
                   MicrosoftNETBuildExtensionsTargets = C:\Users\NoahR\OneDrive\Desktop\Jarvis\tools\dotnet\sdk\8.0.400\\Microsoft\Microsoft.NET.Build.Extensions\Microsoft.NET.Build.Extensions.targets
                   MicrosoftNETBuildExtensionsTasksAssembly = C:\Users\NoahR\OneDrive\Desktop\Jarvis\tools\dotnet\sdk\8.0.400\Microsoft\Microsoft.NET.Build.Extensions\\tools\net8.0\Microsoft.NET.Build.Extensions.Tasks.dll
                   MicrosoftNETBuildTasksAssembly = C:\Users\NoahR\OneDrive\Desktop\Jarvis\tools\dotnet\sdk\8.0.400\Sdks\Microsoft.NET.Sdk\targets\..\tools\net8.0\Microsoft.NET.Build.Tasks.dll
                   MicrosoftNETBuildTasksDirectory = C:\Users\NoahR\OneDrive\Desktop\Jarvis\tools\dotnet\sdk\8.0.400\Sdks\Microsoft.NET.Sdk\targets\..\tools\net8.0\
                   MicrosoftNETBuildTasksDirectoryRoot = C:\Users\NoahR\OneDrive\Desktop\Jarvis\tools\dotnet\sdk\8.0.400\Sdks\Microsoft.NET.Sdk\targets\..\tools\
                   MicrosoftNETBuildTasksTFM = net8.0
                   MicrosoftNETCrossgenBuildTasksAssembly = C:\Users\NoahR\OneDrive\Desktop\Jarvis\tools\dotnet\sdk\8.0.400\Sdks\Microsoft.NET.Sdk\targets\..\tasks\net7.0\Microsoft.NET.Sdk.Crossgen.dll
                   MicrosoftNETFrameworkReferenceAssembliesLatestPackageVersion = 1.0.3
                   MicrosoftNETWindowsWorkloadInstalled = true
                   MinimumVisualStudioVersionForUnsupportedTargetFrameworkVersion = 17.8
                   MsAppxPackageTargets = C:\Users\NoahR\OneDrive\Desktop\Jarvis\tools\dotnet\sdk\8.0.400\Microsoft\VisualStudio\v17.0\AppxPackage\Microsoft.AppXPackage.Targets
                   MSBuildAllProjects = C:\Users\NoahR\OneDrive\Desktop\Jarvis\Directory.Build.props;;C:\Users\NoahR\OneDrive\Desktop\Jarvis\tools\dotnet\sdk\8.0.400\Current\Microsoft.Common.targets\ImportAfter\Microsoft.TestPlatform.ImportAfter.targets
                   MSBuildAssemblyVersion = 17.0
                   MSBuildBinPath = C:\Users\NoahR\OneDrive\Desktop\Jarvis\tools\dotnet\sdk\8.0.400
                   MSBuildCopyContentTransitively = true
                   MSBuildCopyMarkerName = Jarvis.App.csproj.Up2Date
                   MSBuildDisableFeaturesFromVersion = 999.999
                   MSBuildEnableWorkloadResolver = true
                   MSBuildExtensionsPath = C:\Users\NoahR\OneDrive\Desktop\Jarvis\tools\dotnet\sdk\8.0.400\
                   MSBuildExtensionsPath32 = C:\Users\NoahR\OneDrive\Desktop\Jarvis\tools\dotnet\sdk\8.0.400
                   MSBuildExtensionsPath64 = C:\Users\NoahR\OneDrive\Desktop\Jarvis\tools\dotnet\sdk\8.0.400
                   MSBUILDFAILONDRIVEENUMERATINGWILDCARD = 1
                   MSBuildFileVersion = 17.11.3.35201
                   MSBuildIsRestoring = True
                   MSBuildLoadMicrosoftTargetsReadOnly = true
                   MSBuildNodeCount = 16
                   MSBuildProgramFiles32 = C:\Program Files (x86)
                   MSBuildProjectDefaultTargets = Build
                   MSBuildProjectDirectory = C:\Users\NoahR\OneDrive\Desktop\Jarvis\src\Jarvis.App
                   MSBuildProjectDirectoryNoRoot = Users\NoahR\OneDrive\Desktop\Jarvis\src\Jarvis.App
                   MSBuildProjectExtension = .csproj
                   MSBuildProjectExtensionsPath = C:\Users\NoahR\OneDrive\Desktop\Jarvis\src\Jarvis.App\obj\
                   MSBuildProjectFile = Jarvis.App.csproj
                   MSBuildProjectFullPath = C:\Users\NoahR\OneDrive\Desktop\Jarvis\src\Jarvis.App\Jarvis.App.csproj
                   MSBuildProjectName = Jarvis.App
                   MSBuildRestoreSessionId = 7da0b5e2-5104-46c9-9c2b-8c21faf1559e
                   MSBuildRuntimeType = Core
                   MSBuildSDKsPath = C:\Users\NoahR\OneDrive\Desktop\Jarvis\tools\dotnet\sdk\8.0.400\Sdks
                   MSBuildSemanticVersion = 17.11.3+0c8610977
                   MSBuildStartupDirectory = C:\Users\NoahR\OneDrive\Desktop\Jarvis
                   MSBuildToolsPath = C:\Users\NoahR\OneDrive\Desktop\Jarvis\tools\dotnet\sdk\8.0.400
                   MSBuildToolsVersion = Current
                   MSBuildUserExtensionsPath = C:\Users\NoahR\AppData\Local\Microsoft\MSBuild
                   MSBUILDUSESERVER = 0
                   MSBuildUseVisualStudioDirectoryLayout = False
                   MSBuildVersion = 17.11.3
                   MSBuildWarningsAsErrors = ;NU1605
                   MSBuildWarningsAsMessages = 1701;1702
                   MSBuildWarningsNotAsErrors = 
                   MsTestToolsTargets = C:\Users\NoahR\OneDrive\Desktop\Jarvis\tools\dotnet\sdk\8.0.400\Microsoft\VisualStudio\v17.0\TeamTest\Microsoft.TeamTest.targets
                   NETCoreAppMaximumVersion = 8.0
                   NetCoreRoot = C:\Users\NoahR\OneDrive\Desktop\Jarvis\tools\dotnet\
                   NETCoreSdkBundledCliToolsProps = C:\Users\NoahR\OneDrive\Desktop\Jarvis\tools\dotnet\sdk\8.0.400\Sdks\Microsoft.NET.Sdk\targets\..\..\..\Microsoft.NETCoreSdk.BundledCliTools.props
                   NETCoreSdkBundledVersionsProps = C:\Users\NoahR\OneDrive\Desktop\Jarvis\tools\dotnet\sdk\8.0.400\Sdks\Microsoft.NET.Sdk\targets\..\..\..\Microsoft.NETCoreSdk.BundledVersions.props
                   NETCoreSdkPortableRuntimeIdentifier = win-x64
                   NETCoreSdkRuntimeIdentifier = win-x64
                   NETCoreSdkVersion = 8.0.400
                   NetCoreTargetingPackRoot = C:\Users\NoahR\OneDrive\Desktop\Jarvis\tools\dotnet\packs
                   NoCompilerStandardLib = true
                   NoStdLib = true
                   NoWarn = 1701;1702
                   NuGetAudit = true
                   NuGetAuditLevel = low
                   NuGetAuditMode = direct
                   NuGetBuildTasksPackTargets = C:\Users\NoahR\OneDrive\Desktop\Jarvis\tools\dotnet\sdk\8.0.400\Sdks\Microsoft.NET.Sdk\Sdk\..\..\NuGet.Build.Tasks.Pack\build\NuGet.Build.Tasks.Pack.targets
                   NuGetInteractive = 
                   NuGetPackTaskAssemblyFile = ..\CoreCLR\NuGet.Build.Tasks.Pack.dll
                   NuGetPropsFile = C:\Users\NoahR\OneDrive\Desktop\Jarvis\tools\dotnet\sdk\8.0.400\NuGet.props
                   NuGetRestoreTargets = C:\Users\NoahR\OneDrive\Desktop\Jarvis\tools\dotnet\sdk\8.0.400\NuGet.targets
                   NuGetTargetMoniker = .NETCoreApp,Version=v8.0
                   Nullable = enable
                   NuspecOutputPath = obj\Debug\
                   Optimize = false
                   OSVersion = 5.1.2600.0
                   OutDir = bin\Debug\net8.0-windows\
                   OutputPath = bin\Debug\net8.0-windows\
                   OutputType = WinExe
                   OverwriteReadOnlyFiles = false
                   PackageDescription = Package Description
                   PackageDownloadSupported = true
                   PackagedShimOutputRootDirectory = bin\Debug\net8.0-windows\
                   PackageId = Jarvis.App
                   PackageOutputPath = bin\Debug\
                   PackageRequireLicenseAcceptance = false
                   PackageVersion = 1.0.0
                   PackDependsOn = ; _IntermediatePack; GenerateNuspec; 
                   PackRelease = true
                   Platform = AnyCPU
                   PlatformName = AnyCPU
                   Platforms = AnyCPU
                   PostBuildEventDependsOn = 
                   PreBuildEventDependsOn = 
                   Prefer32Bit = false
                   PrepareForBuildDependsOn = ;GetFrameworkPaths;GetReferenceAssemblyPaths;AssignLinkMetadata
                   PrepareForRunDependsOn = 
                         CopyFilesToOutputDirectory
                       
                   PrepareProjectReferencesDependsOn = 
                         AssignProjectConfiguration;
                         _SplitProjectReferencesByFileExistence;
                         _GetProjectReferenceTargetFrameworkProperties;
                         _GetProjectReferencePlatformProperties
                       
                   PrepareResourceNamesDependsOn = 
                                       AssignWinFXEmbeddedResource;
                                       
                         AssignTargetPaths;
                         SplitResourcesByCulture;
                         CreateManifestResourceNames;
                         CreateCustomManifestResourceNames
                       
                         
                   PrepareResourcesDependsOn = 
                                   MarkupCompilePass1;
                                   AfterMarkupCompilePass1;
                                   MarkupCompilePass2ForMainAssembly;
                                   FileClassification;
                                   MainResourcesGeneration;
                                   
                         ResolvePackageDependenciesForBuild;
                         _HandlePackageFileConflicts;
                         
                         ;
                         PrepareResourceNames;
                         ResGen;
                         CompileLicxFiles
                       
                       
                         
                   PreserveCompilationReferences = 
                   ProcessorArchitecture = msil
                   ProcessorArchitectureAsPlatform = AnyCPU
                   ProduceReferenceAssembly = true
                   Product = Jarvis.App
                   ProjectAssetsCacheFile = C:\Users\NoahR\OneDrive\Desktop\Jarvis\src\Jarvis.App\obj\Debug\net8.0-windows\Jarvis.App.assets.cache
                   ProjectAssetsFile = C:\Users\NoahR\OneDrive\Desktop\Jarvis\src\Jarvis.App\obj\project.assets.json
                   ProjectDepsFileName = Jarvis.App.deps.json
                   ProjectDepsFilePath = C:\Users\NoahR\OneDrive\Desktop\Jarvis\src\Jarvis.App\bin\Debug\net8.0-windows\Jarvis.App.deps.json
                   ProjectDesignTimeAssemblyResolutionSearchPaths = 
                         {CandidateAssemblyFiles};
                         ;
                         {HintPathFromItem};
                         {TargetFrameworkDirectory};
                         {Registry:Software\Microsoft\.NETCoreApp,v8.0,AssemblyFoldersEx};
                         {RawFileName};
                         C:\Users\NoahR\OneDrive\Desktop\Jarvis\src\Jarvis.App\bin\Debug\net8.0-windows\
                       
                   ProjectDir = C:\Users\NoahR\OneDrive\Desktop\Jarvis\src\Jarvis.App\
                   ProjectExt = .csproj
                   ProjectFileName = Jarvis.App.csproj
                   ProjectFlavor = Client
                   ProjectName = Jarvis.App
                   ProjectPath = C:\Users\NoahR\OneDrive\Desktop\Jarvis\src\Jarvis.App\Jarvis.App.csproj
                   ProjectRuntimeConfigFileName = Jarvis.App.runtimeconfig.json
                   ProjectRuntimeConfigFilePath = C:\Users\NoahR\OneDrive\Desktop\Jarvis\src\Jarvis.App\bin\Debug\net8.0-windows\Jarvis.App.runtimeconfig.json
                   PublishableProject = true
                   PublishBuildDependsOn = 
                               BuildOnlySettings;
                               PrepareForBuild;
                               ResolveReferences;
                               PrepareResources;
                               ResolveKeySource;
                               PrepareResourcesForSatelliteAssemblies;
                               GenerateSerializationAssemblies;
                               CreateSatelliteAssemblies;
                           
                   PublishContainerDependsOn = 
                         _ContainerVerifySDKVersion;
                         ComputeContainerConfig;
                         _CheckContainersPackage
                       
                   PublishDependsOn = 
                         SetGenerateManifests;
                         Build;
                         PublishOnly
                       
                   PublishDir = bin\Debug\net8.0-windows\publish\
                   PublishDirName = publish
                   PublishDocumentationFile = true
                   PublishDocumentationFiles = true
                   PublishItemsOutputGroupDependsOn = 
                         ;
                         ResolveReferences;
                         ComputeResolvedFilesToPublishList;
                         _ComputeFilesToBundle;
                       
                   PublishOnlyDependsOn = 
                         SetGenerateManifests;
                         PublishBuild;
                         BeforePublish;
                         GenerateManifests;
                         CopyFilesToOutputDirectory;
                         _CopyFilesToPublishFolder;
                         _DeploymentGenerateBootstrapper;
                         ResolveKeySource;
                         _DeploymentSignClickOnceDeployment;
                         AfterPublish
                       
                   PublishProfileImported = false
                   PublishReadyToRunComposite = false
                   PublishReadyToRunPerfmapFormatVersion = 1
                   PublishReadyToRunUseCrossgen2 = true
                   PublishReadyToRunUseRuntimePackOptimizationData = true
                   PublishReferencesDocumentationFiles = true
                   PublishRelease = true
                   RebuildDependsOn = 
                         _SdkBeforeRebuild;
                         
                         BeforeRebuild;
                         Clean;
                         Build;
                         AfterRebuild;
                       
                       
                   RefAssembliesFolderName = refs
                   ReferenceCopyLocalPathsOutputGroupDependsOn = 
                         ;
                         
                         ;
                         BuildOnlySettings;
                         PrepareForBuild;
                         AssignTargetPaths;
                         ResolveReferences
                       
                       
                   ReportingServicesTargets = C:\Users\NoahR\OneDrive\Desktop\Jarvis\tools\dotnet\sdk\8.0.400\\Microsoft\VisualStudio\v17.0\ReportingServices\Microsoft.ReportingServices.targets
                   ResGenDependsOn = ResolveAssemblyReferences;SplitResourcesByCulture;BeforeResGen;CoreResGen;AfterResGen
                   ResGenExecuteAsTool = false
                   ResolveAssemblyReferenceOutputUnresolvedAssemblyConflicts = true
                   ResolveAssemblyReferencesDependsOn = 
                         
                         
                         ResolveProjectReferences;
                         FindInvalidProjectReferences;
                         GetFrameworkPaths;
                         GetReferenceAssemblyPaths;
                         PrepareForBuild;
                         ResolveSDKReferences;
                         ExpandSDKReferences;
                       ;
                         ResolvePackageDependenciesForBuild;
                         _HandlePackageFileConflicts;
                       ;
                         ResolveTargetingPackAssets;
                       
                   ResolveNuGetPackages = false
                   ResolvePackageDependenciesForBuildDependsOn = 
                         ResolveLockFileReferences;
                         ResolveLockFileAnalyzers;
                         ResolveLockFileCopyLocalFiles;
                         ResolveRuntimePackAssets;
                         RunProduceContentAssets;
                         IncludeTransitiveProjectReferences
                       
                   ResolveReferencesDependsOn = 
                         BeforeResolveReferences;
                         AssignProjectConfiguration;
                         ResolveProjectReferences;
                         FindInvalidProjectReferences;
                         ResolveNativeReferences;
                         ResolveAssemblyReferences;
                         GenerateBindingRedirects;
                         GenerateBindingRedirectsUpdateAppConfig;
                         ResolveComReferences;
                         AfterResolveReferences
                       
                   ResolveSDKReferencesDependsOn = 
                         GetInstalledSDKLocations
                       
                   RestoreBuildInParallel = true
                   RestoreContinueOnError = WarnAndContinue
                   RestoreFallbackFolders = 
                   RestoreOutputPath = C:\Users\NoahR\OneDrive\Desktop\Jarvis\src\Jarvis.App\obj\
                   RestoreProjectStyle = PackageReference
                   RestoreRecursive = true
                   RestoreTaskAssemblyFile = NuGet.Build.Tasks.dll
                   RestoreUseSkipNonexistentTargets = true
                   RootNamespace = Jarvis.App
                   RoslynTargetsPath = C:\Users\NoahR\OneDrive\Desktop\Jarvis\tools\dotnet\sdk\8.0.400\Roslyn
                   RunAfterInstall = true
                   RunArguments = 
                   RunCommand = C:\Users\NoahR\OneDrive\Desktop\Jarvis\src\Jarvis.App\bin\Debug\net8.0-windows\Jarvis.App.exe
                   RunDependsOn = 
                   RunPackageValidationDependsOn = CollectApiCompatInputs;_GetReferencePathFromInnerProjects;
                   RuntimeIdentifierGraphPath = C:\Users\NoahR\OneDrive\Desktop\Jarvis\tools\dotnet\sdk\8.0.400/PortableRuntimeIdentifierGraph.json
                   RunWorkingDirectory = 
                   SatelliteDllsProjectOutputGroupDependenciesDependsOn = 
                         ;
                         
                         ;
                         BuildOnlySettings;
                         PrepareForBuild;
                         AssignTargetPaths;
                         ResolveReferences
                       
                       
                   SatelliteDllsProjectOutputGroupDependsOn = ;PrepareForBuild;PrepareResourceNames
                   SDKContainerSupportEnabled = true
                   SDKRedistOutputGroupDependsOn = ResolveSDKReferences;ExpandSDKReferences
                   SDKReferenceDirectoryRoot = C:\Users\NoahR\AppData\Local\Microsoft SDKs;C:\Program Files (x86)\Microsoft SDKs
                   SDKReferenceRegistryRoot = Software\Microsoft\Microsoft SDKs
                   SelfContained = false
                   SGenFilesOutputGroupDependenciesDependsOn = 
                         ;
                         
                         ;
                         BuildOnlySettings;
                         PrepareForBuild;
                         AssignTargetPaths;
                         ResolveReferences
                       
                       
                   SGenFilesOutputGroupDependsOn = 
                   SGenShouldGenerateSerializer = true
                   SGenUseKeep = false
                   SGenUseProxyTypes = true
                   ShouldMarkCertainSDKReferencesAsRuntimeOnly = true
                   SignAssembly = false
                   SkipCopyUnchangedFiles = true
                   SkipImportNuGetBuildTargets = true
                   SkipImportNuGetProps = true
                   SolutionDir = C:\Users\NoahR\OneDrive\Desktop\Jarvis\
                   SolutionExt = .sln
                   SolutionFileName = Jarvis.sln
                   SolutionName = Jarvis
                   SolutionPath = C:\Users\NoahR\OneDrive\Desktop\Jarvis\Jarvis.sln
                   SourceControlInformationFeatureSupported = true
                   SourceControlManagerUrlTranslationTargets = ;TranslateGitHubUrlsInSourceControlInformation;TranslateGitLabUrlsInSourceControlInformation;TranslateAzureReposGitUrlsInSourceControlInformation;TranslateBitbucketGitUrlsInSourceControlInformation
                   SourceFilesProjectOutputGroupDependsOn = PrepareForBuild;AssignTargetPaths
                   SourceLinkUrlInitializerTargets = ;_InitializeGitHubSourceLinkUrl;_InitializeGitLabSourceLinkUrl;_InitializeAzureReposGitSourceLinkUrl;_InitializeBitbucketGitSourceLinkUrl
                   SourceRootMappedPathsFeatureSupported = true
                   SupportedOSPlatformVersion = 7.0
                   SupportsRoslynComponentVersioning = true
                   SuppressDependenciesWhenPacking = false
                   SymbolPackageFormat = symbols.nupkg
                   TargetCulture = *
                   TargetDeployManifestFileName = Jarvis.App.application
                   TargetDir = C:\Users\NoahR\OneDrive\Desktop\Jarvis\src\Jarvis.App\bin\Debug\net8.0-windows\
                   TargetedFrameworkDir = @(_TargetedFrameworkDirectoryItem)
                   TargetedSDKArchitecture = msil
                   TargetedSDKConfiguration = Debug
                   TargetExt = .dll
                   TargetFileName = Jarvis.App.dll
                   TargetFramework = net8.0-windows
                   TargetFrameworkDirectory = 
                   TargetFrameworkIdentifier = .NETCoreApp
                   TargetFrameworkMoniker = .NETCoreApp,Version=v8.0
                   TargetFrameworkMonikerAssemblyAttributesPath = obj\Debug\net8.0-windows\.NETCoreApp,Version=v8.0.AssemblyAttributes.cs
                   TargetFrameworkMonikerDisplayName = .NET 8.0
                   TargetFrameworkSDKToolsDirectory = 
                   TargetFrameworkVersion = v8.0
                   TargetLatestRuntimePatch = false
                   TargetName = Jarvis.App
                   TargetPath = C:\Users\NoahR\OneDrive\Desktop\Jarvis\src\Jarvis.App\bin\Debug\net8.0-windows\Jarvis.App.dll
                   TargetPlatformDisplayName = Windows 7.0
                   TargetPlatformIdentifier = Windows
                   TargetPlatformMinVersion = 7.0
                   TargetPlatformMoniker = Windows,Version=7.0
                   TargetPlatformRegistryBase = Software\Microsoft\Microsoft SDKs\Windows
                   TargetPlatformSdkPath = 
                   TargetPlatformVersion = 7.0
                   TargetRefPath = C:\Users\NoahR\OneDrive\Desktop\Jarvis\src\Jarvis.App\obj\Debug\net8.0-windows\ref\Jarvis.App.dll
                   TargetRuntime = Managed
                   TargetsCurrent = true
                   TargetsForTfmSpecificContentInPackage = ;PackTool;_PackProjectToolValidation
                   TargetsNet8 = true
                   ToolCommandName = Jarvis.App
                   ToolDepsJsonGeneratorProject = C:\Users\NoahR\OneDrive\Desktop\Jarvis\tools\dotnet\sdk\8.0.400\Sdks\Microsoft.NET.Sdk\targets\GenerateDeps\GenerateDeps.proj
                   ToolEntryPoint = Jarvis.App.dll
                   TreatWarningsAsErrors = false
                   UnmanagedRegistrationDependsOn = 
                   UnmanagedUnregistrationDependsOn = 
                   UnsupportedTargetFrameworkVersion = 9.0
                   UseAppHost = true
                   UseCommonOutputDirectory = false
                   UseDefaultPlatformLookupTables = true
                   UseHostCompilerIfAvailable = true
                   UseMSBuildTestInfrastructure = false
                   UseOSWinMdReferences = false
                   UseRidGraph = false
                   UserProfileRuntimeStorePath = C:\Users\NoahR\.dotnet\store
                   UserRuntimeConfig = C:\Users\NoahR\OneDrive\Desktop\Jarvis\src\Jarvis.App/runtimeconfig.template.json
                   UseSourcePath = true
                   UseWindowsForms = true
                   UsingMicrosoftNETSdk = true
                   UsingNETSdkDefaults = true
                   Utf8Output = true
                   ValidateRuntimeIdentifierCompatibility = false
                   VerifyMatchingImplicitPackageVersion = true
                   Version = 1.0.0
                   VersionlessImplicitFrameworkDefine = NET
                   VersionPrefix = 1.0.0
                   VisualStudioVersion = 17.0
                   VSTestConsolePath = C:\Users\NoahR\OneDrive\Desktop\Jarvis\tools\dotnet\sdk\8.0.400\vstest.console.dll
                   VSTestNoBuild = False
                   VSTestTargets = C:\Users\NoahR\OneDrive\Desktop\Jarvis\tools\dotnet\sdk\8.0.400\\Microsoft.TestPlatform.targets
                   VSTestTaskAssemblyFile = Microsoft.TestPlatform.Build.dll
                   VsTestUseMSBuildOutput = False
                   WarningLevel = 8
                   WarningsAsErrors = ;NU1605;SYSLIB0011
                   WarnOnPackingNonPackableProject = false
                   WebReference_EnableLegacyEventingModel = false
                   WebReference_EnableProperties = true
                   WebReference_EnableSQLTypes = true
                   WMSJSProject = WJProject
                   WMSJSProjectDirectory = JavaScript
                   XamlDebuggingInformation = true
                   YieldDuringToolExecution = true

21:01:46.276     0>Initial Items:
                   _AllDirectoriesAbove
                       C:\
                       C:\Users
                       C:\Users\NoahR
                       C:\Users\NoahR\OneDrive
                       C:\Users\NoahR\OneDrive\Desktop
                       C:\Users\NoahR\OneDrive\Desktop\Jarvis
                       C:\Users\NoahR\OneDrive\Desktop\Jarvis\src
                       C:\Users\NoahR\OneDrive\Desktop\Jarvis\src\Jarvis.App
                   _ApplicationManifestFinal
                       bin\Debug\net8.0-windows\Jarvis.App.dll.manifest
                           TargetPath = Jarvis.App.dll.manifest
                   _DebugSymbolsIntermediatePath
                       obj\Debug\net8.0-windows\Jarvis.App.pdb
                   _DebugSymbolsOutputPath
                       bin\Debug\net8.0-windows\Jarvis.App.pdb
                   _DeploymentManifestEntryPoint
                       obj\Debug\net8.0-windows\Jarvis.App.dll
                           TargetPath = Jarvis.App.dll
                   _EolNetCoreTargetFrameworkVersions
                       1.0
                       1.1
                       2.0
                       2.1
                       2.2
                       3.0
                       3.1
                       5.0
                   _ExcludedKnownRuntimeIdentiferPlatforms
                       rhel.6
                       rhel.6
                       rhel.6
                       rhel.6
                       rhel.6
                       rhel.6
                       tizen.4.0.0
                       tizen.4.0.0
                       tizen.4.0.0
                       tizen.4.0.0
                       tizen.4.0.0
                       tizen.4.0.0
                       tizen.5.0.0
                       tizen.5.0.0
                       tizen.5.0.0
                       tizen.5.0.0
                       tizen.5.0.0
                       tizen.5.0.0
                   _KnownRuntimeIdentiferPlatforms
                       any
                       any
                       any
                       any
                       any
                       any
                       aot
                       aot
                       aot
                       aot
                       aot
                       aot
                       freebsd
                       freebsd
                       freebsd
                       freebsd
                       freebsd
                       freebsd
                       illumos
                       illumos
                       illumos
                       illumos
                       illumos
                       illumos
                       solaris
                       solaris
                       solaris
                       solaris
                       solaris
                       solaris
                       unix
                       unix
                       unix
                       unix
                       unix
                       unix
                   _OutputPathItem
                       bin\Debug\net8.0-windows\
                   _ResolveComReferenceCache
                       obj\Debug\net8.0-windows\Jarvis.App.csproj.ResolveComReference.cache
                   _UnmanagedRegistrationCache
                       obj\Jarvis.App.csproj.UnmanagedRegistration.cache
                   _UnsupportedNETCoreAppTargetFramework
                       .NETCoreApp,Version=v1.0
                       .NETCoreApp,Version=v1.1
                       .NETCoreApp,Version=v2.0
                       .NETCoreApp,Version=v2.1
                       .NETCoreApp,Version=v2.2
                   _UnsupportedNETFrameworkTargetFramework
                       .NETFramework,Version=v2.0
                   _UnsupportedNETStandardTargetFramework
                       .NETStandard,Version=v1.0
                           DisplayName = .NET Standard 1.0
                           Alias = netstandard1.0
                       .NETStandard,Version=v1.1
                           DisplayName = .NET Standard 1.1
                           Alias = netstandard1.1
                       .NETStandard,Version=v1.2
                           DisplayName = .NET Standard 1.2
                           Alias = netstandard1.2
                       .NETStandard,Version=v1.3
                           DisplayName = .NET Standard 1.3
                           Alias = netstandard1.3
                       .NETStandard,Version=v1.4
                           DisplayName = .NET Standard 1.4
                           Alias = netstandard1.4
                       .NETStandard,Version=v1.5
                           DisplayName = .NET Standard 1.5
                           Alias = netstandard1.5
                       .NETStandard,Version=v1.6
                           DisplayName = .NET Standard 1.6
                           Alias = netstandard1.6
                       .NETStandard,Version=v2.0
                           DisplayName = .NET Standard 2.0
                           Alias = netstandard2.0
                       .NETStandard,Version=v2.1
                           DisplayName = .NET Standard 2.1
                           Alias = netstandard2.1
                   AdditionalProbingPath
                       C:\Users\NoahR\.dotnet\store\|arch|\|tfm|
                   AdditionalTargetFrameworkInfoProperty
                       _IsExecutable
                       _SelfContainedWasSpecified
                       IsRidAgnostic
                       SelfContained
                       ShouldBeValidatedAsExecutableReference
                   Analyzer
                       C:\Users\NoahR\OneDrive\Desktop\Jarvis\tools\dotnet\sdk\8.0.400\Sdks\Microsoft.NET.Sdk\targets\..\analyzers\Microsoft.CodeAnalysis.CSharp.NetAnalyzers.dll
                           IsImplicitlyDefined = true
                       C:\Users\NoahR\OneDrive\Desktop\Jarvis\tools\dotnet\sdk\8.0.400\Sdks\Microsoft.NET.Sdk\targets\..\analyzers\Microsoft.CodeAnalysis.NetAnalyzers.dll
                           IsImplicitlyDefined = true
                   AppConfigFileDestination
                       bin\Debug\net8.0-windows\Jarvis.App.dll.config
                   ApplicationManifest
                       obj\Debug\net8.0-windows\Jarvis.App.dll.manifest
                           TargetPath = Jarvis.App.dll.manifest
                   BuiltProjectOutputGroupKeyOutput
                       C:\Users\NoahR\OneDrive\Desktop\Jarvis\src\Jarvis.App\obj\Debug\net8.0-windows\Jarvis.App.dll
                           IsKeyOutput = true
                           FinalOutputPath = C:\Users\NoahR\OneDrive\Desktop\Jarvis\src\Jarvis.App\bin\Debug\net8.0-windows\Jarvis.App.dll
                           TargetPath = Jarvis.App.dll
                   ClsidMap
                       obj\Debug\net8.0-windows\Jarvis.App.clsidmap
                   Compile
                       AppBootstrapper.cs
                       AudioDeviceResolver.cs
                       ClapDetector.cs
                       ExternalToolIntegration.cs
                       JarvisDesktopContext.cs
                       JarvisMainForm.cs
                       JarvisMainForm.Layout.cs
                       JarvisMainForm.Runtime.cs
                       JarvisSettingsLoader.cs
                       MemoryWorkbenchForm.cs
                       MicrophoneCalibrationService.cs
                       MicrophoneProcessingProfiles.cs
                       OpenAiCompatibleStreamingSpeaker.cs
                       OpenAiCompatibleVoiceRuntime.cs
                       OperationsHudControls.cs
                       PresenceWorkbenchForm.cs
                       Program.cs
                       RealtimeTranscriptionVoiceRuntime.cs
                       Speech.cs
                       VendorDspProfiles.cs
                       VoiceAcousticEchoSuppressor.cs
                       VoiceCorrectionLearning.cs
                       VoiceRecognitionText.cs
                       VoiceRuntime.cs
                       WakeWordAssets.cs
                       WakeWordDetector.cs
                       WakeWordEngines.cs
                       WindowsVisualContextService.cs
                   CompilerVisibleProperty
                       _SupportedPlatformList
                       ApplicationDefaultFont
                       ApplicationHighDpiMode
                       ApplicationManifest
                       ApplicationUseCompatibleTextRendering
                       ApplicationVisualStyles
                       EnableComHosting
                       EnableGeneratedComInterfaceComImportInterop
                       EnforceExtendedAnalyzerRules
                       InvariantGlobalization
                       PlatformNeutralAssembly
                       ProjectDir
                       ProjectTypeGuids
                       RootNamespace
                       StartupObject
                       TargetFramework
                       TargetPlatformMinVersion
                       UsingMicrosoftNETSdkWeb
                   CopyUpToDateMarker
                       C:\Users\NoahR\OneDrive\Desktop\Jarvis\src\Jarvis.App\obj\Debug\net8.0-windows\Jarvis.App.csproj.Up2Date
                   CreateDirectory
                       C:\Users\NoahR\OneDrive\Desktop\Jarvis\src\Jarvis.App\obj\Debug\net8.0-windows\refint\
                       obj\Debug\net8.0-windows\ref
                   DebugSymbolsProjectOutputGroupOutput
                       C:\Users\NoahR\OneDrive\Desktop\Jarvis\src\Jarvis.App\obj\Debug\net8.0-windows\Jarvis.App.pdb
                           FinalOutputPath = C:\Users\NoahR\OneDrive\Desktop\Jarvis\src\Jarvis.App\bin\Debug\net8.0-windows\Jarvis.App.pdb
                           TargetPath = Jarvis.App.pdb
                   DeployManifest
                       obj\Debug\net8.0-windows\Jarvis.App.application
                           TargetPath = Jarvis.App.application
                   EmbedInBinlog
                       C:\Users\NoahR\OneDrive\Desktop\Jarvis\src\Jarvis.App\obj\project.assets.json
                   FrameworkReference
                       Microsoft.NETCore.App
                           IsImplicitlyDefined = true
                           PrivateAssets = All
                           Pack = false
                       Microsoft.WindowsDesktop.App.WindowsForms
                           IsImplicitlyDefined = true
                   GenerateRuntimeConfigurationFilesInputs
                       C:\Users\NoahR\OneDrive\Desktop\Jarvis\src\Jarvis.App\obj\Debug\net8.0-windows\Jarvis.App.assets.cache
                       C:\Users\NoahR\OneDrive\Desktop\Jarvis\src\Jarvis.App\obj\project.assets.json
                   GlobalAnalyzerConfigFiles
                       C:\.globalconfig
                       C:\Users\.globalconfig
                       C:\Users\NoahR\.globalconfig
                       C:\Users\NoahR\OneDrive\.globalconfig
                       C:\Users\NoahR\OneDrive\Desktop\.globalconfig
                       C:\Users\NoahR\OneDrive\Desktop\Jarvis\.globalconfig
                       C:\Users\NoahR\OneDrive\Desktop\Jarvis\src\.globalconfig
                       C:\Users\NoahR\OneDrive\Desktop\Jarvis\src\Jarvis.App\.globalconfig
                   ImplicitPackageReferenceVersion
                       Microsoft.AspNetCore.All
                           LatestVersion = 2.1.30
                           DefaultVersion = 2.1.1
                           TargetFrameworkVersion = 2.1
                       Microsoft.AspNetCore.All
                           LatestVersion = 2.2.8
                           DefaultVersion = 2.2.0
                           TargetFrameworkVersion = 2.2
                       Microsoft.AspNetCore.App
                           LatestVersion = 2.1.30
                           DefaultVersion = 2.1.1
                           TargetFrameworkVersion = 2.1
                       Microsoft.AspNetCore.App
                           LatestVersion = 2.2.8
                           DefaultVersion = 2.2.0
                           TargetFrameworkVersion = 2.2
                       Microsoft.NETCore.App
                           LatestVersion = 1.0.16
                           DefaultVersion = 1.0.5
                           TargetFrameworkVersion = 1.0
                       Microsoft.NETCore.App
                           LatestVersion = 1.1.13
                           DefaultVersion = 1.1.2
                           TargetFrameworkVersion = 1.1
                       Microsoft.NETCore.App
                           LatestVersion = 2.0.9
                           DefaultVersion = 2.0.0
                           TargetFrameworkVersion = 2.0
                       Microsoft.NETCore.App
                           LatestVersion = 2.1.30
                           DefaultVersion = 2.1.0
                           TargetFrameworkVersion = 2.1
                       Microsoft.NETCore.App
                           LatestVersion = 2.2.8
                           DefaultVersion = 2.2.0
                           TargetFrameworkVersion = 2.2
                   IntermediateAssembly
                       obj\Debug\net8.0-windows\Jarvis.App.dll
                   IntermediateRefAssembly
                       obj\Debug\net8.0-windows\refint\Jarvis.App.dll
                   KnownAppHostPack
                       Microsoft.NETCore.App
                           ExcludedRuntimeIdentifiers = android
                           AppHostRuntimeIdentifiers = linux-arm;linux-arm64;linux-musl-arm64;linux-musl-x64;linux-x64;osx-x64;rhel.6-x64;tizen.4.0.0-armel;tizen.5.0.0-armel;win-arm64;win-x64;win-x86;linux-musl-arm;osx-arm64;linux-s390x;linux-bionic-arm;linux-bionic-arm64;linux-bionic-x64;linux-bionic-x86;linux-ppc64le
                           TargetFramework = net8.0
                           AppHostPackNamePattern = Microsoft.NETCore.App.Host.**RID**
                           AppHostPackVersion = 8.0.8
                       Microsoft.NETCore.App
                           ExcludedRuntimeIdentifiers = android
                           AppHostRuntimeIdentifiers = linux-arm;linux-arm64;linux-musl-arm64;linux-musl-x64;linux-x64;osx-x64;rhel.6-x64;tizen.4.0.0-armel;tizen.5.0.0-armel;win-arm;win-arm64;win-x64;win-x86;linux-musl-arm;osx-arm64;linux-s390x;linux-bionic-arm;linux-bionic-arm64;linux-bionic-x64;linux-bionic-x86;linux-ppc64le
                           TargetFramework = net7.0
                           AppHostPackNamePattern = Microsoft.NETCore.App.Host.**RID**
                           AppHostPackVersion = 7.0.20
                       Microsoft.NETCore.App
                           ExcludedRuntimeIdentifiers = android
                           AppHostRuntimeIdentifiers = linux-arm;linux-arm64;linux-musl-arm64;linux-musl-x64;linux-x64;osx-x64;rhel.6-x64;tizen.4.0.0-armel;tizen.5.0.0-armel;win-arm;win-arm64;win-x64;win-x86;linux-musl-arm;osx-arm64;linux-s390x
                           TargetFramework = net6.0
                           AppHostPackNamePattern = Microsoft.NETCore.App.Host.**RID**
                           AppHostPackVersion = 6.0.33
                       Microsoft.NETCore.App
                           AppHostRuntimeIdentifiers = linux-arm;linux-arm64;linux-musl-arm64;linux-musl-x64;linux-x64;osx-x64;rhel.6-x64;tizen.4.0.0-armel;tizen.5.0.0-armel;win-arm;win-arm64;win-x64;win-x86;linux-musl-arm
                           TargetFramework = net5.0
                           AppHostPackNamePattern = Microsoft.NETCore.App.Host.**RID**
                           AppHostPackVersion = 5.0.17
                       Microsoft.NETCore.App
                           AppHostRuntimeIdentifiers = linux-arm;linux-arm64;linux-musl-arm64;linux-musl-x64;linux-x64;osx-x64;rhel.6-x64;tizen.4.0.0-armel;tizen.5.0.0-armel;win-arm;win-arm64;win-x64;win-x86
                           TargetFramework = netcoreapp3.1
                           AppHostPackNamePattern = Microsoft.NETCore.App.Host.**RID**
                           AppHostPackVersion = 3.1.32
                       Microsoft.NETCore.App
                           AppHostRuntimeIdentifiers = linux-arm;linux-arm64;linux-musl-arm64;linux-musl-x64;linux-x64;osx-x64;rhel.6-x64;tizen.4.0.0-armel;tizen.5.0.0-armel;win-arm;win-arm64;win-x64;win-x86
                           TargetFramework = netcoreapp3.0
                           AppHostPackNamePattern = Microsoft.NETCore.App.Host.**RID**
                           AppHostPackVersion = 3.0.3
                   KnownCrossgen2Pack
                       Microsoft.NETCore.App.Crossgen2
                           Crossgen2RuntimeIdentifiers = linux-musl-x64;linux-x64;win-x64;linux-arm;linux-arm64;linux-musl-arm;linux-musl-arm64;osx-arm64;osx-x64;win-arm64;win-x86
                           TargetFramework = net8.0
                           Crossgen2PackNamePattern = Microsoft.NETCore.App.Crossgen2.**RID**
                           Crossgen2PackVersion = 8.0.8
                       Microsoft.NETCore.App.Crossgen2
                           Crossgen2RuntimeIdentifiers = linux-musl-x64;linux-x64;win-x64;linux-arm;linux-arm64;linux-musl-arm;linux-musl-arm64;osx-arm64;osx-x64;win-arm;win-arm64;win-x86
                           TargetFramework = net7.0
                           Crossgen2PackNamePattern = Microsoft.NETCore.App.Crossgen2.**RID**
                           Crossgen2PackVersion = 7.0.20
                       Microsoft.NETCore.App.Crossgen2
                           Crossgen2RuntimeIdentifiers = linux-musl-x64;linux-x64;win-x64;linux-arm;linux-arm64;linux-musl-arm;linux-musl-arm64;osx-arm64;osx-x64;win-arm;win-arm64;win-x86
                           TargetFramework = net6.0
                           Crossgen2PackNamePattern = Microsoft.NETCore.App.Crossgen2.**RID**
                           Crossgen2PackVersion = 6.0.33
                       Microsoft.NETCore.App.Crossgen2
                           Crossgen2RuntimeIdentifiers = linux-musl-x64;linux-x64;win-x64
                           TargetFramework = net5.0
                           Crossgen2PackNamePattern = Microsoft.NETCore.App.Crossgen2.**RID**
                           Crossgen2PackVersion = 5.0.17
                   KnownFrameworkReference
                       Microsoft.AspNetCore.App
                           TargetFramework = netcoreapp3.0
                           DefaultRuntimeFrameworkVersion = 3.0.0
                           TargetingPackName = Microsoft.AspNetCore.App.Ref
                           LatestRuntimeFrameworkVersion = 3.0.3
                           RuntimePackRuntimeIdentifiers = win-x64;win-x86;win-arm;osx-x64;linux-musl-x64;linux-musl-arm64;linux-x64;linux-arm;linux-arm64
                           RuntimePackNamePatterns = Microsoft.AspNetCore.App.Runtime.**RID**
                           TargetingPackVersion = 3.0.1
                           RuntimeFrameworkName = Microsoft.AspNetCore.App
                       Microsoft.AspNetCore.App
                           TargetFramework = netcoreapp3.1
                           DefaultRuntimeFrameworkVersion = 3.1.0
                           TargetingPackName = Microsoft.AspNetCore.App.Ref
                           LatestRuntimeFrameworkVersion = 3.1.32
                           RuntimePackRuntimeIdentifiers = win-x64;win-x86;win-arm;osx-x64;linux-musl-x64;linux-musl-arm64;linux-x64;linux-arm;linux-arm64
                           RuntimePackNamePatterns = Microsoft.AspNetCore.App.Runtime.**RID**
                           TargetingPackVersion = 3.1.10
                           RuntimeFrameworkName = Microsoft.AspNetCore.App
                       Microsoft.AspNetCore.App
                           TargetFramework = net7.0
                           DefaultRuntimeFrameworkVersion = 7.0.0
                           TargetingPackName = Microsoft.AspNetCore.App.Ref
                           LatestRuntimeFrameworkVersion = 7.0.20
                           RuntimePackExcludedRuntimeIdentifiers = android
                           RuntimePackRuntimeIdentifiers = win-x64;win-x86;win-arm;osx-x64;linux-musl-x64;linux-musl-arm64;linux-x64;linux-arm;linux-arm64;linux-musl-arm;win-arm64;osx-arm64;linux-s390x;linux-ppc64le
                           RuntimePackNamePatterns = Microsoft.AspNetCore.App.Runtime.**RID**
                           TargetingPackVersion = 7.0.20
                           RuntimeFrameworkName = Microsoft.AspNetCore.App
                       Microsoft.AspNetCore.App
                           TargetFramework = net8.0
                           DefaultRuntimeFrameworkVersion = 8.0.0
                           TargetingPackName = Microsoft.AspNetCore.App.Ref
                           LatestRuntimeFrameworkVersion = 8.0.8
                           RuntimePackExcludedRuntimeIdentifiers = android;linux-bionic
                           RuntimePackRuntimeIdentifiers = win-x64;win-x86;win-arm;osx-x64;linux-musl-x64;linux-musl-arm64;linux-x64;linux-arm;linux-arm64;linux-musl-arm;win-arm64;osx-arm64;linux-s390x;linux-ppc64le
                           RuntimePackNamePatterns = Microsoft.AspNetCore.App.Runtime.**RID**
                           TargetingPackVersion = 8.0.8
                           RuntimeFrameworkName = Microsoft.AspNetCore.App
                       Microsoft.AspNetCore.App
                           TargetFramework = net5.0
                           DefaultRuntimeFrameworkVersion = 5.0.0
                           TargetingPackName = Microsoft.AspNetCore.App.Ref
                           LatestRuntimeFrameworkVersion = 5.0.17
                           RuntimePackRuntimeIdentifiers = win-x64;win-x86;win-arm;osx-x64;linux-musl-x64;linux-musl-arm64;linux-x64;linux-arm;linux-arm64;linux-musl-arm;win-arm64
                           RuntimePackNamePatterns = Microsoft.AspNetCore.App.Runtime.**RID**
                           TargetingPackVersion = 5.0.0
                           RuntimeFrameworkName = Microsoft.AspNetCore.App
                       Microsoft.AspNetCore.App
                           TargetFramework = net6.0
                           DefaultRuntimeFrameworkVersion = 6.0.0
                           TargetingPackName = Microsoft.AspNetCore.App.Ref
                           LatestRuntimeFrameworkVersion = 6.0.33
                           RuntimePackRuntimeIdentifiers = win-x64;win-x86;win-arm;osx-x64;linux-musl-x64;linux-musl-arm64;linux-x64;linux-arm;linux-arm64;linux-musl-arm;win-arm64;osx-arm64;linux-s390x
                           RuntimePackNamePatterns = Microsoft.AspNetCore.App.Runtime.**RID**
                           TargetingPackVersion = 6.0.33
                           RuntimeFrameworkName = Microsoft.AspNetCore.App
                       Microsoft.NETCore.App
                           TargetFramework = net8.0
                           DefaultRuntimeFrameworkVersion = 8.0.0
                           TargetingPackName = Microsoft.NETCore.App.Ref
                           LatestRuntimeFrameworkVersion = 8.0.8
                           RuntimePackRuntimeIdentifiers = linux-arm;linux-arm64;linux-musl-arm64;linux-musl-x64;linux-x64;osx-x64;rhel.6-x64;tizen.4.0.0-armel;tizen.5.0.0-armel;win-arm64;win-x64;win-x86;linux-musl-arm;osx-arm64;linux-s390x;linux-bionic-arm;linux-bionic-arm64;linux-bionic-x64;linux-bionic-x86;linux-ppc64le
                           RuntimePackNamePatterns = Microsoft.NETCore.App.Runtime.**RID**
                           TargetingPackVersion = 8.0.8
                           RuntimeFrameworkName = Microsoft.NETCore.App
                       Microsoft.NETCore.App
                           TargetFramework = net5.0
                           DefaultRuntimeFrameworkVersion = 5.0.0
                           TargetingPackName = Microsoft.NETCore.App.Ref
                           LatestRuntimeFrameworkVersion = 5.0.17
                           RuntimePackRuntimeIdentifiers = linux-arm;linux-arm64;linux-musl-arm64;linux-musl-x64;linux-x64;osx-x64;rhel.6-x64;tizen.4.0.0-armel;tizen.5.0.0-armel;win-arm;win-arm64;win-x64;win-x86;linux-musl-arm;browser-wasm
                           RuntimePackNamePatterns = Microsoft.NETCore.App.Runtime.**RID**
                           TargetingPackVersion = 5.0.0
                           IsTrimmable = true
                           RuntimeFrameworkName = Microsoft.NETCore.App
                       Microsoft.NETCore.App
                           TargetFramework = net7.0
                           DefaultRuntimeFrameworkVersion = 7.0.0
                           TargetingPackName = Microsoft.NETCore.App.Ref
                           LatestRuntimeFrameworkVersion = 7.0.20
                           RuntimePackRuntimeIdentifiers = linux-arm;linux-arm64;linux-musl-arm64;linux-musl-x64;linux-x64;osx-x64;rhel.6-x64;tizen.4.0.0-armel;tizen.5.0.0-armel;win-arm;win-arm64;win-x64;win-x86;linux-musl-arm;osx-arm64;linux-s390x;linux-bionic-arm;linux-bionic-arm64;linux-bionic-x64;linux-bionic-x86;linux-ppc64le
                           RuntimePackNamePatterns = Microsoft.NETCore.App.Runtime.**RID**
                           TargetingPackVersion = 7.0.20
                           RuntimeFrameworkName = Microsoft.NETCore.App
                       Microsoft.NETCore.App
                           TargetFramework = netcoreapp3.1
                           DefaultRuntimeFrameworkVersion = 3.1.0
                           TargetingPackName = Microsoft.NETCore.App.Ref
                           LatestRuntimeFrameworkVersion = 3.1.32
                           RuntimePackRuntimeIdentifiers = linux-arm;linux-arm64;linux-musl-arm64;linux-musl-x64;linux-x64;osx-x64;rhel.6-x64;tizen.4.0.0-armel;tizen.5.0.0-armel;win-arm;win-arm64;win-x64;win-x86
                           RuntimePackNamePatterns = Microsoft.NETCore.App.Runtime.**RID**
                           TargetingPackVersion = 3.1.0
                           IsTrimmable = true
                           RuntimeFrameworkName = Microsoft.NETCore.App
                       Microsoft.NETCore.App
                           TargetFramework = netcoreapp3.0
                           DefaultRuntimeFrameworkVersion = 3.0.0
                           TargetingPackName = Microsoft.NETCore.App.Ref
                           LatestRuntimeFrameworkVersion = 3.0.3
                           RuntimePackRuntimeIdentifiers = linux-arm;linux-arm64;linux-musl-arm64;linux-musl-x64;linux-x64;osx-x64;rhel.6-x64;tizen.4.0.0-armel;tizen.5.0.0-armel;win-arm;win-arm64;win-x64;win-x86
                           RuntimePackNamePatterns = Microsoft.NETCore.App.Runtime.**RID**
                           TargetingPackVersion = 3.0.0
                           IsTrimmable = true
                           RuntimeFrameworkName = Microsoft.NETCore.App
                       Microsoft.NETCore.App
                           TargetFramework = net6.0
                           DefaultRuntimeFrameworkVersion = 6.0.0
                           TargetingPackName = Microsoft.NETCore.App.Ref
                           LatestRuntimeFrameworkVersion = 6.0.33
                           RuntimePackRuntimeIdentifiers = linux-arm;linux-arm64;linux-musl-arm64;linux-musl-x64;linux-x64;osx-x64;rhel.6-x64;tizen.4.0.0-armel;tizen.5.0.0-armel;win-arm;win-arm64;win-x64;win-x86;linux-musl-arm;osx-arm64;linux-s390x
                           RuntimePackNamePatterns = Microsoft.NETCore.App.Runtime.**RID**
                           TargetingPackVersion = 6.0.33
                           RuntimeFrameworkName = Microsoft.NETCore.App
                       Microsoft.Windows.SDK.NET.Ref
                           RuntimePackAlwaysCopyLocal = true
                           TargetFramework = net5.0-windows10.0.18362.0
                           DefaultRuntimeFrameworkVersion = 10.0.18362.34
                           TargetingPackName = Microsoft.Windows.SDK.NET.Ref
                           IsWindowsOnly = true
                           LatestRuntimeFrameworkVersion = 10.0.18362.34
                           RuntimePackRuntimeIdentifiers = any
                           RuntimePackNamePatterns = Microsoft.Windows.SDK.NET.Ref
                           TargetingPackVersion = 10.0.18362.34
                           RuntimeFrameworkName = Microsoft.Windows.SDK.NET.Ref
                       Microsoft.Windows.SDK.NET.Ref
                           RuntimePackAlwaysCopyLocal = true
                           TargetFramework = net5.0-windows10.0.19041.0
                           DefaultRuntimeFrameworkVersion = 10.0.19041.34
                           TargetingPackName = Microsoft.Windows.SDK.NET.Ref
                           IsWindowsOnly = true
                           LatestRuntimeFrameworkVersion = 10.0.19041.34
                           RuntimePackRuntimeIdentifiers = any
                           RuntimePackNamePatterns = Microsoft.Windows.SDK.NET.Ref
                           TargetingPackVersion = 10.0.19041.34
                           RuntimeFrameworkName = Microsoft.Windows.SDK.NET.Ref
                       Microsoft.Windows.SDK.NET.Ref
                           RuntimePackAlwaysCopyLocal = true
                           TargetFramework = net6.0-windows10.0.19041.0
                           DefaultRuntimeFrameworkVersion = 10.0.19041.34
                           TargetingPackName = Microsoft.Windows.SDK.NET.Ref
                           IsWindowsOnly = true
                           LatestRuntimeFrameworkVersion = 10.0.19041.34
                           RuntimePackRuntimeIdentifiers = any
                           RuntimePackNamePatterns = Microsoft.Windows.SDK.NET.Ref
                           TargetingPackVersion = 10.0.19041.34
                           RuntimeFrameworkName = Microsoft.Windows.SDK.NET.Ref
                       Microsoft.Windows.SDK.NET.Ref
                           RuntimePackAlwaysCopyLocal = true
                           TargetFramework = net6.0-windows10.0.18362.0
                           DefaultRuntimeFrameworkVersion = 10.0.18362.34
                           TargetingPackName = Microsoft.Windows.SDK.NET.Ref
                           IsWindowsOnly = true
                           LatestRuntimeFrameworkVersion = 10.0.18362.34
                           RuntimePackRuntimeIdentifiers = any
                           RuntimePackNamePatterns = Microsoft.Windows.SDK.NET.Ref
                           TargetingPackVersion = 10.0.18362.34
                           RuntimeFrameworkName = Microsoft.Windows.SDK.NET.Ref
                       Microsoft.Windows.SDK.NET.Ref
                           RuntimePackAlwaysCopyLocal = true
                           TargetFramework = net5.0-windows10.0.17763.0
                           DefaultRuntimeFrameworkVersion = 10.0.17763.34
                           TargetingPackName = Microsoft.Windows.SDK.NET.Ref
                           IsWindowsOnly = true
                           LatestRuntimeFrameworkVersion = 10.0.17763.34
                           RuntimePackRuntimeIdentifiers = any
                           RuntimePackNamePatterns = Microsoft.Windows.SDK.NET.Ref
                           TargetingPackVersion = 10.0.17763.34
                           RuntimeFrameworkName = Microsoft.Windows.SDK.NET.Ref
                       Microsoft.Windows.SDK.NET.Ref
                           RuntimePackAlwaysCopyLocal = true
                           TargetFramework = net6.0-windows10.0.17763.0
                           DefaultRuntimeFrameworkVersion = 10.0.17763.34
                           TargetingPackName = Microsoft.Windows.SDK.NET.Ref
                           IsWindowsOnly = true
                           LatestRuntimeFrameworkVersion = 10.0.17763.34
                           RuntimePackRuntimeIdentifiers = any
                           RuntimePackNamePatterns = Microsoft.Windows.SDK.NET.Ref
                           TargetingPackVersion = 10.0.17763.34
                           RuntimeFrameworkName = Microsoft.Windows.SDK.NET.Ref
                       Microsoft.Windows.SDK.NET.Ref
                           RuntimePackAlwaysCopyLocal = true
                           TargetFramework = net8.0-windows10.0.18362.0
                           DefaultRuntimeFrameworkVersion = 10.0.18362.34
                           TargetingPackName = Microsoft.Windows.SDK.NET.Ref
                           IsWindowsOnly = true
                           LatestRuntimeFrameworkVersion = 10.0.18362.34
                           RuntimePackRuntimeIdentifiers = any
                           RuntimePackNamePatterns = Microsoft.Windows.SDK.NET.Ref
                           TargetingPackVersion = 10.0.18362.34
                           RuntimeFrameworkName = Microsoft.Windows.SDK.NET.Ref
                       Microsoft.Windows.SDK.NET.Ref
                           RuntimePackAlwaysCopyLocal = true
                           TargetFramework = net7.0-windows10.0.19041.0
                           DefaultRuntimeFrameworkVersion = 10.0.19041.34
                           TargetingPackName = Microsoft.Windows.SDK.NET.Ref
                           IsWindowsOnly = true
                           LatestRuntimeFrameworkVersion = 10.0.19041.34
                           RuntimePackRuntimeIdentifiers = any
                           RuntimePackNamePatterns = Microsoft.Windows.SDK.NET.Ref
                           TargetingPackVersion = 10.0.19041.34
                           RuntimeFrameworkName = Microsoft.Windows.SDK.NET.Ref
                       Microsoft.Windows.SDK.NET.Ref
                           RuntimePackAlwaysCopyLocal = true
                           TargetFramework = net7.0-windows10.0.18362.0
                           DefaultRuntimeFrameworkVersion = 10.0.18362.34
                           TargetingPackName = Microsoft.Windows.SDK.NET.Ref
                           IsWindowsOnly = true
                           LatestRuntimeFrameworkVersion = 10.0.18362.34
                           RuntimePackRuntimeIdentifiers = any
                           RuntimePackNamePatterns = Microsoft.Windows.SDK.NET.Ref
                           TargetingPackVersion = 10.0.18362.34
                           RuntimeFrameworkName = Microsoft.Windows.SDK.NET.Ref
                       Microsoft.Windows.SDK.NET.Ref
                           RuntimePackAlwaysCopyLocal = true
                           TargetFramework = net7.0-windows10.0.17763.0
                           DefaultRuntimeFrameworkVersion = 10.0.17763.34
                           TargetingPackName = Microsoft.Windows.SDK.NET.Ref
                           IsWindowsOnly = true
                           LatestRuntimeFrameworkVersion = 10.0.17763.34
                           RuntimePackRuntimeIdentifiers = any
                           RuntimePackNamePatterns = Microsoft.Windows.SDK.NET.Ref
                           TargetingPackVersion = 10.0.17763.34
                           RuntimeFrameworkName = Microsoft.Windows.SDK.NET.Ref
                       Microsoft.Windows.SDK.NET.Ref
                           RuntimePackAlwaysCopyLocal = true
                           TargetFramework = net8.0-windows10.0.17763.0
                           DefaultRuntimeFrameworkVersion = 10.0.17763.34
                           TargetingPackName = Microsoft.Windows.SDK.NET.Ref
                           IsWindowsOnly = true
                           LatestRuntimeFrameworkVersion = 10.0.17763.34
                           RuntimePackRuntimeIdentifiers = any
                           RuntimePackNamePatterns = Microsoft.Windows.SDK.NET.Ref
                           TargetingPackVersion = 10.0.17763.34
                           RuntimeFrameworkName = Microsoft.Windows.SDK.NET.Ref
                       Microsoft.Windows.SDK.NET.Ref
                           RuntimePackAlwaysCopyLocal = true
                           TargetFramework = net8.0-windows10.0.19041.0
                           DefaultRuntimeFrameworkVersion = 10.0.19041.34
                           TargetingPackName = Microsoft.Windows.SDK.NET.Ref
                           IsWindowsOnly = true
                           LatestRuntimeFrameworkVersion = 10.0.19041.34
                           RuntimePackRuntimeIdentifiers = any
                           RuntimePackNamePatterns = Microsoft.Windows.SDK.NET.Ref
                           TargetingPackVersion = 10.0.19041.34
                           RuntimeFrameworkName = Microsoft.Windows.SDK.NET.Ref
                       Microsoft.WindowsDesktop.App
                           TargetFramework = netcoreapp3.0
                           DefaultRuntimeFrameworkVersion = 3.0.0
                           TargetingPackName = Microsoft.WindowsDesktop.App.Ref
                           IsWindowsOnly = true
                           LatestRuntimeFrameworkVersion = 3.0.3
                           RuntimePackRuntimeIdentifiers = win-x64;win-x86
                           RuntimePackNamePatterns = Microsoft.WindowsDesktop.App.Runtime.**RID**
                           TargetingPackVersion = 3.0.0
                           RuntimeFrameworkName = Microsoft.WindowsDesktop.App
                       Microsoft.WindowsDesktop.App
                           TargetFramework = netcoreapp3.1
                           DefaultRuntimeFrameworkVersion = 3.1.0
                           TargetingPackName = Microsoft.WindowsDesktop.App.Ref
                           IsWindowsOnly = true
                           LatestRuntimeFrameworkVersion = 3.1.32
                           RuntimePackRuntimeIdentifiers = win-x64;win-x86
                           RuntimePackNamePatterns = Microsoft.WindowsDesktop.App.Runtime.**RID**
                           TargetingPackVersion = 3.1.0
                           RuntimeFrameworkName = Microsoft.WindowsDesktop.App
                       Microsoft.WindowsDesktop.App
                           TargetFramework = net6.0
                           DefaultRuntimeFrameworkVersion = 6.0.0
                           TargetingPackName = Microsoft.WindowsDesktop.App.Ref
                           IsWindowsOnly = true
                           LatestRuntimeFrameworkVersion = 6.0.33
                           RuntimePackRuntimeIdentifiers = win-x64;win-x86;win-arm64
                           RuntimePackNamePatterns = Microsoft.WindowsDesktop.App.Runtime.**RID**
                           TargetingPackVersion = 6.0.33
                           RuntimeFrameworkName = Microsoft.WindowsDesktop.App
                       Microsoft.WindowsDesktop.App
                           TargetFramework = net7.0
                           DefaultRuntimeFrameworkVersion = 7.0.0
                           TargetingPackName = Microsoft.WindowsDesktop.App.Ref
                           IsWindowsOnly = true
                           LatestRuntimeFrameworkVersion = 7.0.20
                           RuntimePackRuntimeIdentifiers = win-x64;win-x86;win-arm64
                           RuntimePackNamePatterns = Microsoft.WindowsDesktop.App.Runtime.**RID**
                           TargetingPackVersion = 7.0.20
                           RuntimeFrameworkName = Microsoft.WindowsDesktop.App
                       Microsoft.WindowsDesktop.App
                           TargetFramework = net8.0
                           DefaultRuntimeFrameworkVersion = 8.0.0
                           TargetingPackName = Microsoft.WindowsDesktop.App.Ref
                           IsWindowsOnly = true
                           LatestRuntimeFrameworkVersion = 8.0.8
                           RuntimePackRuntimeIdentifiers = win-x64;win-x86;win-arm64
                           RuntimePackNamePatterns = Microsoft.WindowsDesktop.App.Runtime.**RID**
                           TargetingPackVersion = 8.0.8
                           RuntimeFrameworkName = Microsoft.WindowsDesktop.App
                       Microsoft.WindowsDesktop.App
                           TargetFramework = net5.0
                           DefaultRuntimeFrameworkVersion = 5.0.0
                           TargetingPackName = Microsoft.WindowsDesktop.App.Ref
                           IsWindowsOnly = true
                           LatestRuntimeFrameworkVersion = 5.0.17
                           RuntimePackRuntimeIdentifiers = win-x64;win-x86;win-arm64
                           RuntimePackNamePatterns = Microsoft.WindowsDesktop.App.Runtime.**RID**
                           TargetingPackVersion = 5.0.0
                           RuntimeFrameworkName = Microsoft.WindowsDesktop.App
                       Microsoft.WindowsDesktop.App.WindowsForms
                           TargetFramework = netcoreapp3.0
                           DefaultRuntimeFrameworkVersion = 3.0.0
                           TargetingPackName = Microsoft.WindowsDesktop.App.Ref
                           IsWindowsOnly = true
                           LatestRuntimeFrameworkVersion = 3.0.3
                           RuntimePackRuntimeIdentifiers = win-x64;win-x86
                           RuntimePackNamePatterns = Microsoft.WindowsDesktop.App.Runtime.**RID**
                           TargetingPackVersion = 3.0.0
                           Profile = WindowsForms
                           RuntimeFrameworkName = Microsoft.WindowsDesktop.App
                       Microsoft.WindowsDesktop.App.WindowsForms
                           TargetFramework = net8.0
                           DefaultRuntimeFrameworkVersion = 8.0.0
                           TargetingPackName = Microsoft.WindowsDesktop.App.Ref
                           IsWindowsOnly = true
                           LatestRuntimeFrameworkVersion = 8.0.8
                           RuntimePackRuntimeIdentifiers = win-x64;win-x86;win-arm64
                           RuntimePackNamePatterns = Microsoft.WindowsDesktop.App.Runtime.**RID**
                           TargetingPackVersion = 8.0.8
                           Profile = WindowsForms
                           RuntimeFrameworkName = Microsoft.WindowsDesktop.App
                       Microsoft.WindowsDesktop.App.WindowsForms
                           TargetFramework = net7.0
                           DefaultRuntimeFrameworkVersion = 7.0.0
                           TargetingPackName = Microsoft.WindowsDesktop.App.Ref
                           IsWindowsOnly = true
                           LatestRuntimeFrameworkVersion = 7.0.20
                           RuntimePackRuntimeIdentifiers = win-x64;win-x86;win-arm64
                           RuntimePackNamePatterns = Microsoft.WindowsDesktop.App.Runtime.**RID**
                           TargetingPackVersion = 7.0.20
                           Profile = WindowsForms
                           RuntimeFrameworkName = Microsoft.WindowsDesktop.App
                       Microsoft.WindowsDesktop.App.WindowsForms
                           TargetFramework = net6.0
                           DefaultRuntimeFrameworkVersion = 6.0.0
                           TargetingPackName = Microsoft.WindowsDesktop.App.Ref
                           IsWindowsOnly = true
                           LatestRuntimeFrameworkVersion = 6.0.33
                           RuntimePackRuntimeIdentifiers = win-x64;win-x86;win-arm64
                           RuntimePackNamePatterns = Microsoft.WindowsDesktop.App.Runtime.**RID**
                           TargetingPackVersion = 6.0.33
                           Profile = WindowsForms
                           RuntimeFrameworkName = Microsoft.WindowsDesktop.App
                       Microsoft.WindowsDesktop.App.WindowsForms
                           TargetFramework = netcoreapp3.1
                           DefaultRuntimeFrameworkVersion = 3.1.0
                           TargetingPackName = Microsoft.WindowsDesktop.App.Ref
                           IsWindowsOnly = true
                           LatestRuntimeFrameworkVersion = 3.1.32
                           RuntimePackRuntimeIdentifiers = win-x64;win-x86
                           RuntimePackNamePatterns = Microsoft.WindowsDesktop.App.Runtime.**RID**
                           TargetingPackVersion = 3.1.0
                           Profile = WindowsForms
                           RuntimeFrameworkName = Microsoft.WindowsDesktop.App
                       Microsoft.WindowsDesktop.App.WindowsForms
                           TargetFramework = net5.0
                           DefaultRuntimeFrameworkVersion = 5.0.0
                           TargetingPackName = Microsoft.WindowsDesktop.App.Ref
                           IsWindowsOnly = true
                           LatestRuntimeFrameworkVersion = 5.0.17
                           RuntimePackRuntimeIdentifiers = win-x64;win-x86;win-arm64
                           RuntimePackNamePatterns = Microsoft.WindowsDesktop.App.Runtime.**RID**
                           TargetingPackVersion = 5.0.0
                           Profile = WindowsForms
                           RuntimeFrameworkName = Microsoft.WindowsDesktop.App
                       Microsoft.WindowsDesktop.App.WPF
                           TargetFramework = netcoreapp3.0
                           DefaultRuntimeFrameworkVersion = 3.0.0
                           TargetingPackName = Microsoft.WindowsDesktop.App.Ref
                           IsWindowsOnly = true
                           LatestRuntimeFrameworkVersion = 3.0.3
                           RuntimePackRuntimeIdentifiers = win-x64;win-x86
                           RuntimePackNamePatterns = Microsoft.WindowsDesktop.App.Runtime.**RID**
                           TargetingPackVersion = 3.0.0
                           Profile = WPF
                           RuntimeFrameworkName = Microsoft.WindowsDesktop.App
                       Microsoft.WindowsDesktop.App.WPF
                           TargetFramework = net6.0
                           DefaultRuntimeFrameworkVersion = 6.0.0
                           TargetingPackName = Microsoft.WindowsDesktop.App.Ref
                           IsWindowsOnly = true
                           LatestRuntimeFrameworkVersion = 6.0.33
                           RuntimePackRuntimeIdentifiers = win-x64;win-x86;win-arm64
                           RuntimePackNamePatterns = Microsoft.WindowsDesktop.App.Runtime.**RID**
                           TargetingPackVersion = 6.0.33
                           Profile = WPF
                           RuntimeFrameworkName = Microsoft.WindowsDesktop.App
                       Microsoft.WindowsDesktop.App.WPF
                           TargetFramework = netcoreapp3.1
                           DefaultRuntimeFrameworkVersion = 3.1.0
                           TargetingPackName = Microsoft.WindowsDesktop.App.Ref
                           IsWindowsOnly = true
                           LatestRuntimeFrameworkVersion = 3.1.32
                           RuntimePackRuntimeIdentifiers = win-x64;win-x86
                           RuntimePackNamePatterns = Microsoft.WindowsDesktop.App.Runtime.**RID**
                           TargetingPackVersion = 3.1.0
                           Profile = WPF
                           RuntimeFrameworkName = Microsoft.WindowsDesktop.App
                       Microsoft.WindowsDesktop.App.WPF
                           TargetFramework = net5.0
                           DefaultRuntimeFrameworkVersion = 5.0.0
                           TargetingPackName = Microsoft.WindowsDesktop.App.Ref
                           IsWindowsOnly = true
                           LatestRuntimeFrameworkVersion = 5.0.17
                           RuntimePackRuntimeIdentifiers = win-x64;win-x86;win-arm64
                           RuntimePackNamePatterns = Microsoft.WindowsDesktop.App.Runtime.**RID**
                           TargetingPackVersion = 5.0.0
                           Profile = WPF
                           RuntimeFrameworkName = Microsoft.WindowsDesktop.App
                       Microsoft.WindowsDesktop.App.WPF
                           TargetFramework = net7.0
                           DefaultRuntimeFrameworkVersion = 7.0.0
                           TargetingPackName = Microsoft.WindowsDesktop.App.Ref
                           IsWindowsOnly = true
                           LatestRuntimeFrameworkVersion = 7.0.20
                           RuntimePackRuntimeIdentifiers = win-x64;win-x86;win-arm64
                           RuntimePackNamePatterns = Microsoft.WindowsDesktop.App.Runtime.**RID**
                           TargetingPackVersion = 7.0.20
                           Profile = WPF
                           RuntimeFrameworkName = Microsoft.WindowsDesktop.App
                       Microsoft.WindowsDesktop.App.WPF
                           TargetFramework = net8.0
                           DefaultRuntimeFrameworkVersion = 8.0.0
                           TargetingPackName = Microsoft.WindowsDesktop.App.Ref
                           IsWindowsOnly = true
                           LatestRuntimeFrameworkVersion = 8.0.8
                           RuntimePackRuntimeIdentifiers = win-x64;win-x86;win-arm64
                           RuntimePackNamePatterns = Microsoft.WindowsDesktop.App.Runtime.**RID**
                           TargetingPackVersion = 8.0.8
                           Profile = WPF
                           RuntimeFrameworkName = Microsoft.WindowsDesktop.App
                       NETStandard.Library
                           TargetFramework = netstandard2.1
                           TargetingPackName = NETStandard.Library.Ref
                           TargetingPackVersion = 2.1.0
                   KnownILCompilerPack
                       Microsoft.DotNet.ILCompiler
                           ILCompilerPackNamePattern = runtime.**RID**.Microsoft.DotNet.ILCompiler
                           TargetFramework = net8.0
                           ILCompilerPackVersion = 8.0.8
                           ILCompilerRuntimeIdentifiers = linux-arm64;linux-musl-arm64;linux-musl-x64;linux-x64;win-arm64;win-x64;osx-x64;osx-arm64
                       Microsoft.DotNet.ILCompiler
                           ILCompilerPackNamePattern = runtime.**RID**.Microsoft.DotNet.ILCompiler
                           TargetFramework = net7.0
                           ILCompilerPackVersion = 7.0.20
                           ILCompilerRuntimeIdentifiers = linux-arm64;linux-musl-arm64;linux-musl-x64;linux-x64;win-arm64;win-x64
                   KnownILLinkPack
                       Microsoft.NET.ILLink.Tasks
                           TargetFramework = net8.0
                           ILLinkPackVersion = 8.0.8
                       Microsoft.NET.ILLink.Tasks
                           TargetFramework = net7.0
                           ILLinkPackVersion = 7.0.100-1.23401.1
                       Microsoft.NET.ILLink.Tasks
                           TargetFramework = net6.0
                           ILLinkPackVersion = 7.0.100-1.23401.1
                       Microsoft.NET.ILLink.Tasks
                           TargetFramework = net5.0
                           ILLinkPackVersion = 7.0.100-1.23401.1
                       Microsoft.NET.ILLink.Tasks
                           TargetFramework = netcoreapp3.1
                           ILLinkPackVersion = 7.0.100-1.23401.1
                       Microsoft.NET.ILLink.Tasks
                           TargetFramework = netcoreapp3.0
                           ILLinkPackVersion = 7.0.100-1.23401.1
                   KnownRuntimePack
                       Microsoft.NETCore.App
                           TargetFramework = net8.0
                           LatestRuntimeFrameworkVersion = 8.0.8
                           RuntimePackRuntimeIdentifiers = ios-arm64;iossimulator-arm64;iossimulator-x64;tvos-arm64;tvossimulator-arm64;tvossimulator-x64;maccatalyst-arm64;maccatalyst-x64;linux-bionic-arm64;linux-bionic-x64;osx-arm64;osx-x64
                           RuntimePackNamePatterns = Microsoft.NETCore.App.Runtime.NativeAOT.**RID**
                           RuntimePackLabels = NativeAOT
                           RuntimeFrameworkName = Microsoft.NETCore.App
                       Microsoft.NETCore.App
                           TargetFramework = net8.0
                           LatestRuntimeFrameworkVersion = 8.0.8
                           RuntimePackRuntimeIdentifiers = linux-arm;linux-arm64;linux-musl-arm64;linux-musl-x64;linux-x64;osx-x64;rhel.6-x64;win-arm64;win-x64;win-x86;linux-musl-arm;osx-arm64;linux-s390x;browser-wasm;ios-arm64;ios-arm;iossimulator-arm64;iossimulator-x64;iossimulator-x86;tvos-arm64;tvossimulator-arm64;tvossimulator-x64;maccatalyst-x64;maccatalyst-arm64;android-arm64;android-arm;android-x64;android-x86
                           RuntimePackNamePatterns = Microsoft.NETCore.App.Runtime.Mono.**RID**
                           RuntimePackLabels = Mono
                           RuntimeFrameworkName = Microsoft.NETCore.App
                       Microsoft.NETCore.App
                           TargetFramework = net7.0
                           LatestRuntimeFrameworkVersion = 7.0.20
                           RuntimePackRuntimeIdentifiers = linux-arm;linux-arm64;linux-musl-arm64;linux-musl-x64;linux-x64;osx-x64;rhel.6-x64;win-arm;win-arm64;win-x64;win-x86;linux-musl-arm;osx-arm64;linux-s390x;browser-wasm;ios-arm64;ios-arm;iossimulator-arm64;iossimulator-x64;iossimulator-x86;tvos-arm64;tvossimulator-arm64;tvossimulator-x64;maccatalyst-x64;maccatalyst-arm64;android-arm64;android-arm;android-x64;android-x86
                           RuntimePackNamePatterns = Microsoft.NETCore.App.Runtime.Mono.**RID**
                           RuntimePackLabels = Mono
                           RuntimeFrameworkName = Microsoft.NETCore.App
                       Microsoft.NETCore.App
                           TargetFramework = net6.0
                           LatestRuntimeFrameworkVersion = 6.0.33
                           RuntimePackRuntimeIdentifiers = linux-arm;linux-arm64;linux-musl-arm64;linux-musl-x64;linux-x64;osx-x64;rhel.6-x64;win-arm;win-arm64;win-x64;win-x86;linux-musl-arm;osx-arm64;linux-s390x;browser-wasm;ios-arm64;ios-arm;iossimulator-arm64;iossimulator-x64;iossimulator-x86;tvos-arm64;tvossimulator-arm64;tvossimulator-x64;maccatalyst-x64;maccatalyst-arm64;android-arm64;android-arm;android-x64;android-x86
                           RuntimePackNamePatterns = Microsoft.NETCore.App.Runtime.Mono.**RID**
                           RuntimePackLabels = Mono
                           RuntimeFrameworkName = Microsoft.NETCore.App
                   KnownWebAssemblySdkPack
                       Microsoft.NET.Sdk.WebAssembly.Pack
                           TargetFramework = net8.0
                           WebAssemblySdkPackVersion = 8.0.8
                       Microsoft.NET.Sdk.WebAssembly.Pack
                           TargetFramework = net7.0
                           WebAssemblySdkPackVersion = 8.0.8
                       Microsoft.NET.Sdk.WebAssembly.Pack
                           TargetFramework = net6.0
                           WebAssemblySdkPackVersion = 8.0.8
                   PackageConflictOverrides
                       NETStandard.Library
                           OverriddenPackages = 
                           Microsoft.Win32.Primitives|4.3.0;
                           System.AppContext|4.3.0;
                           System.Collections|4.3.0;
                           System.Collections.Concurrent|4.3.0;
                           System.Collections.Immutable|1.4.0;
                           System.Collections.NonGeneric|4.3.0;
                           System.Collections.Specialized|4.3.0;
                           System.ComponentModel|4.3.0;
                           System.ComponentModel.EventBasedAsync|4.3.0;
                           System.ComponentModel.Primitives|4.3.0;
                           System.ComponentModel.TypeConverter|4.3.0;
                           System.Console|4.3.0;
                           System.Data.Common|4.3.0;
                           System.Diagnostics.Contracts|4.3.0;
                           System.Diagnostics.Debug|4.3.0;
                           System.Diagnostics.FileVersionInfo|4.3.0;
                           System.Diagnostics.Process|4.3.0;
                           System.Diagnostics.StackTrace|4.3.0;
                           System.Diagnostics.TextWriterTraceListener|4.3.0;
                           System.Diagnostics.Tools|4.3.0;
                           System.Diagnostics.TraceSource|4.3.0;
                           System.Diagnostics.Tracing|4.3.0;
                           System.Dynamic.Runtime|4.3.0;
                           System.Globalization|4.3.0;
                           System.Globalization.Calendars|4.3.0;
                           System.Globalization.Extensions|4.3.0;
                           System.IO|4.3.0;
                           System.IO.Compression|4.3.0;
                           System.IO.Compression.ZipFile|4.3.0;
                           System.IO.FileSystem|4.3.0;
                           System.IO.FileSystem.DriveInfo|4.3.0;
                           System.IO.FileSystem.Primitives|4.3.0;
                           System.IO.FileSystem.Watcher|4.3.0;
                           System.IO.IsolatedStorage|4.3.0;
                           System.IO.MemoryMappedFiles|4.3.0;
                           System.IO.Pipes|4.3.0;
                           System.IO.UnmanagedMemoryStream|4.3.0;
                           System.Linq|4.3.0;
                           System.Linq.Expressions|4.3.0;
                           System.Linq.Queryable|4.3.0;
                           System.Net.Http|4.3.0;
                           System.Net.NameResolution|4.3.0;
                           System.Net.Primitives|4.3.0;
                           System.Net.Requests|4.3.0;
                           System.Net.Security|4.3.0;
                           System.Net.Sockets|4.3.0;
                           System.Net.WebHeaderCollection|4.3.0;
                           System.ObjectModel|4.3.0;
                           System.Private.DataContractSerialization|4.3.0;
                           System.Reflection|4.3.0;
                           System.Reflection.Emit|4.3.0;
                           System.Reflection.Emit.ILGeneration|4.3.0;
                           System.Reflection.Emit.Lightweight|4.3.0;
                           System.Reflection.Extensions|4.3.0;
                           System.Reflection.Primitives|4.3.0;
                           System.Reflection.TypeExtensions|4.3.0;
                           System.Resources.ResourceManager|4.3.0;
                           System.Runtime|4.3.0;
                           System.Runtime.Extensions|4.3.0;
                           System.Runtime.Handles|4.3.0;
                           System.Runtime.InteropServices|4.3.0;
                           System.Runtime.InteropServices.RuntimeInformation|4.3.0;
                           System.Runtime.Loader|4.3.0;
                           System.Runtime.Numerics|4.3.0;
                           System.Runtime.Serialization.Formatters|4.3.0;
                           System.Runtime.Serialization.Json|4.3.0;
                           System.Runtime.Serialization.Primitives|4.3.0;
                           System.Security.AccessControl|4.4.0;
                           System.Security.Claims|4.3.0;
                           System.Security.Cryptography.Algorithms|4.3.0;
                           System.Security.Cryptography.Csp|4.3.0;
                           System.Security.Cryptography.Encoding|4.3.0;
                           System.Security.Cryptography.Primitives|4.3.0;
                           System.Security.Cryptography.X509Certificates|4.3.0;
                           System.Security.Cryptography.Xml|4.4.0;
                           System.Security.Principal|4.3.0;
                           System.Security.Principal.Windows|4.4.0;
                           System.Text.Encoding|4.3.0;
                           System.Text.Encoding.Extensions|4.3.0;
                           System.Text.RegularExpressions|4.3.0;
                           System.Threading|4.3.0;
                           System.Threading.Overlapped|4.3.0;
                           System.Threading.Tasks|4.3.0;
                           System.Threading.Tasks.Extensions|4.3.0;
                           System.Threading.Tasks.Parallel|4.3.0;
                           System.Threading.Thread|4.3.0;
                           System.Threading.ThreadPool|4.3.0;
                           System.Threading.Timer|4.3.0;
                           System.ValueTuple|4.3.0;
                           System.Xml.ReaderWriter|4.3.0;
                           System.Xml.XDocument|4.3.0;
                           System.Xml.XmlDocument|4.3.0;
                           System.Xml.XmlSerializer|4.3.0;
                           System.Xml.XPath|4.3.0;
                           System.Xml.XPath.XDocument|4.3.0;
                         
                   PackageReference
                       NAudio
                           Version = 2.2.1
                       System.Speech
                           Version = 8.0.0
                   PotentialEditorConfigFiles
                       C:\.editorconfig
                       C:\Users\.editorconfig
                       C:\Users\NoahR\.editorconfig
                       C:\Users\NoahR\OneDrive\.editorconfig
                       C:\Users\NoahR\OneDrive\Desktop\.editorconfig
                       C:\Users\NoahR\OneDrive\Desktop\Jarvis\.editorconfig
                       C:\Users\NoahR\OneDrive\Desktop\Jarvis\src\.editorconfig
                       C:\Users\NoahR\OneDrive\Desktop\Jarvis\src\Jarvis.App\.editorconfig
                   PreprocessorValue
                       assemblyname
                           Value = Jarvis.App
                       filename
                           Value = Jarvis.App.csproj
                       fullpath
                           Value = C:\Users\NoahR\OneDrive\Desktop\Jarvis\src\Jarvis.App
                       outputfilename
                           Value = Jarvis.App.dll
                       rootnamespace
                           Value = Jarvis.App
                   ProjectCapability
                       AllTargetOutputGroups
                       AssemblyReferences
                       BuildWindowsDesktopTarget
                       COMReferences
                       CrossPlatformExecutable
                       CSharp
                       DeclaredSourceItems
                       GenerateDocumentationFile
                       LanguageService
                       Managed
                       NetSdkOCIImageBuild
                       OutputGroups
                       Pack
                       ProjectReferences
                       ReferencesFolder
                       RelativePathDerivedDefaultNamespace
                       SharedProjectReferences
                       SingleFileGenerators
                       SupportsHotReload
                       UserSourceItems
                       VisualStudioWellKnownOutputGroups
                   ProjectReference
                       ..\Jarvis.Core\Jarvis.Core.csproj
                           ReferenceSourceTarget = ProjectReference
                           OutputItemType = 
                           Targets = 
                   PropertyPageSchema
                       C:\Users\NoahR\OneDrive\Desktop\Jarvis\tools\dotnet\sdk\8.0.400\\assemblyreference.xaml
                           Context = ;BrowseObject
                       C:\Users\NoahR\OneDrive\Desktop\Jarvis\tools\dotnet\sdk\8.0.400\\COMReference.xaml
                           Context = ;BrowseObject
                       C:\Users\NoahR\OneDrive\Desktop\Jarvis\tools\dotnet\sdk\8.0.400\\Content.xaml
                           Context = File;BrowseObject
                       C:\Users\NoahR\OneDrive\Desktop\Jarvis\tools\dotnet\sdk\8.0.400\\CSharp.BrowseObject.xaml
                           Context = BrowseObject
                       C:\Users\NoahR\OneDrive\Desktop\Jarvis\tools\dotnet\sdk\8.0.400\\CSharp.ProjectItemsSchema.xaml
                       C:\Users\NoahR\OneDrive\Desktop\Jarvis\tools\dotnet\sdk\8.0.400\\CSharp.xaml
                           Context = File
                       C:\Users\NoahR\OneDrive\Desktop\Jarvis\tools\dotnet\sdk\8.0.400\\Debugger_General.xaml
                           Context = Project
                       C:\Users\NoahR\OneDrive\Desktop\Jarvis\tools\dotnet\sdk\8.0.400\\EmbeddedResource.xaml
                           Context = File;BrowseObject
                       C:\Users\NoahR\OneDrive\Desktop\Jarvis\tools\dotnet\sdk\8.0.400\\Folder.xaml
                           Context = File;BrowseObject
                       C:\Users\NoahR\OneDrive\Desktop\Jarvis\tools\dotnet\sdk\8.0.400\\General_File.xaml
                           Context = File
                       C:\Users\NoahR\OneDrive\Desktop\Jarvis\tools\dotnet\sdk\8.0.400\\General.BrowseObject.xaml
                           Context = BrowseObject
                       C:\Users\NoahR\OneDrive\Desktop\Jarvis\tools\dotnet\sdk\8.0.400\\General.xaml
                           Context = Project
                       C:\Users\NoahR\OneDrive\Desktop\Jarvis\tools\dotnet\sdk\8.0.400\\None.xaml
                           Context = File;BrowseObject
                       C:\Users\NoahR\OneDrive\Desktop\Jarvis\tools\dotnet\sdk\8.0.400\\ProjectItemsSchema.xaml
                       C:\Users\NoahR\OneDrive\Desktop\Jarvis\tools\dotnet\sdk\8.0.400\\ProjectReference.xaml
                           Context = ;BrowseObject
                       C:\Users\NoahR\OneDrive\Desktop\Jarvis\tools\dotnet\sdk\8.0.400\\ResolvedAssemblyReference.xaml
                           Context = ProjectSubscriptionService;BrowseObject
                       C:\Users\NoahR\OneDrive\Desktop\Jarvis\tools\dotnet\sdk\8.0.400\\ResolvedCOMReference.xaml
                           Context = ProjectSubscriptionService;BrowseObject
                       C:\Users\NoahR\OneDrive\Desktop\Jarvis\tools\dotnet\sdk\8.0.400\\ResolvedProjectReference.xaml
                           Context = ProjectSubscriptionService;BrowseObject
                       C:\Users\NoahR\OneDrive\Desktop\Jarvis\tools\dotnet\sdk\8.0.400\\SCC.xaml
                           Context = Invisible
                       C:\Users\NoahR\OneDrive\Desktop\Jarvis\tools\dotnet\sdk\8.0.400\\SpecialFolder.xaml
                           Context = File;ProjectSubscriptionService
                   RegFreeComManifest
                       obj\Debug\net8.0-windows\Jarvis.App.X.manifest
                   RuntimeHostConfigurationOption
                       System.Runtime.Serialization.EnableUnsafeBinaryFormatterSerialization
                           Value = true
                           Trim = true
                   SdkSupportedTargetPlatformIdentifier
                       android
                           DisplayName = Android
                       ios
                           DisplayName = iOS
                       maccatalyst
                           DisplayName = Mac Catalyst
                       macos
                           DisplayName = macOS
                       tvos
                           DisplayName = tvOS
                       windows
                           DisplayName = Windows
                   SdkSupportedTargetPlatformVersion
                       10.0.17763.0
                           WindowsSdkPackageVersion = 10.0.17763.34
                           MinimumNETVersion = 6.0
                       10.0.17763.0
                           WindowsSdkPackageVersion = 10.0.17763.26
                           MinimumNETVersion = 5.0
                       10.0.18362.0
                           WindowsSdkPackageVersion = 10.0.18362.34
                           MinimumNETVersion = 6.0
                       10.0.18362.0
                           WindowsSdkPackageVersion = 10.0.18362.26
                           MinimumNETVersion = 5.0
                       10.0.19041.0
                           WindowsSdkPackageVersion = 10.0.19041.34
                           MinimumNETVersion = 6.0
                       10.0.19041.0
                           WindowsSdkPackageVersion = 10.0.19041.26
                           MinimumNETVersion = 5.0
                       10.0.20348.0
                           WindowsSdkPackageVersion = 10.0.20348.34
                           MinimumNETVersion = 6.0
                       10.0.20348.0
                           WindowsSdkPackageVersion = 10.0.20348.26
                           MinimumNETVersion = 5.0
                       10.0.22000.0
                           WindowsSdkPackageVersion = 10.0.22000.34
                           MinimumNETVersion = 6.0
                       10.0.22000.0
                           WindowsSdkPackageVersion = 10.0.22000.26
                           MinimumNETVersion = 5.0
                       10.0.22621.0
                           WindowsSdkPackageVersion = 10.0.22621.34
                           MinimumNETVersion = 6.0
                       10.0.26100.0
                           WindowsSdkPackageVersion = 10.0.26100.34
                           MinimumNETVersion = 6.0
                       7.0
                       8.0
                   SourceLinkAzureReposGitHost
                       dev.azure.com
                       visualstudio.com
                       vsts.me
                   SourceLinkBitbucketGitHost
                       bitbucket.org
                           EnterpriseEdition = false
                   SourceLinkGitHubHost
                       github.com
                           ContentUrl = https://raw.githubusercontent.com
                   SourceLinkGitLabHost
                       gitlab.com
                   SupportedNETCoreAppTargetFramework
                       .NETCoreApp,Version=v3.0
                           DisplayName = .NET Core 3.0
                           Alias = netcoreapp3.0
                       .NETCoreApp,Version=v3.1
                           DisplayName = .NET Core 3.1
                           Alias = netcoreapp3.1
                       .NETCoreApp,Version=v5.0
                           DisplayName = .NET 5.0
                           Alias = net5.0
                       .NETCoreApp,Version=v6.0
                           DisplayName = .NET 6.0
                           Alias = net6.0
                       .NETCoreApp,Version=v7.0
                           DisplayName = .NET 7.0
                           Alias = net7.0
                       .NETCoreApp,Version=v8.0
                           DisplayName = .NET 8.0
                           Alias = net8.0
                   SupportedNETFrameworkTargetFramework
                       .NETFramework,Version=v3.0
                           DisplayName = .NET Framework 3.0
                           Alias = net30
                       .NETFramework,Version=v3.5
                           DisplayName = .NET Framework 3.5
                           Alias = net35
                       .NETFramework,Version=v4.0
                           DisplayName = .NET Framework 4.0
                           Alias = net40
                       .NETFramework,Version=v4.5
                           DisplayName = .NET Framework 4.5
                           Alias = net45
                       .NETFramework,Version=v4.5.1
                           DisplayName = .NET Framework 4.5.1
                           Alias = net451
                       .NETFramework,Version=v4.5.2
                           DisplayName = .NET Framework 4.5.2
                           Alias = net452
                       .NETFramework,Version=v4.6
                           DisplayName = .NET Framework 4.6
                           Alias = net46
                       .NETFramework,Version=v4.6.1
                           DisplayName = .NET Framework 4.6.1
                           Alias = net461
                       .NETFramework,Version=v4.6.2
                           DisplayName = .NET Framework 4.6.2
                           Alias = net462
                       .NETFramework,Version=v4.7
                           DisplayName = .NET Framework 4.7
                           Alias = net47
                       .NETFramework,Version=v4.7.1
                           DisplayName = .NET Framework 4.7.1
                           Alias = net471
                       .NETFramework,Version=v4.7.2
                           DisplayName = .NET Framework 4.7.2
                           Alias = net472
                       .NETFramework,Version=v4.8
                           DisplayName = .NET Framework 4.8
                           Alias = net48
                       .NETFramework,Version=v4.8.1
                           DisplayName = .NET Framework 4.8.1
                           Alias = net481
                   SupportedPlatform
                       Linux
                       macOS
                       Windows
                   SupportedTargetFramework
                       .NETCoreApp,Version=v3.0
                           DisplayName = .NET Core 3.0
                           Alias = netcoreapp3.0
                       .NETCoreApp,Version=v3.1
                           DisplayName = .NET Core 3.1
                           Alias = netcoreapp3.1
                       .NETCoreApp,Version=v5.0
                           DisplayName = .NET 5.0
                           Alias = net5.0
                       .NETCoreApp,Version=v6.0
                           DisplayName = .NET 6.0
                           Alias = net6.0
                       .NETCoreApp,Version=v7.0
                           DisplayName = .NET 7.0
                           Alias = net7.0
                       .NETCoreApp,Version=v8.0
                           DisplayName = .NET 8.0
                           Alias = net8.0
                       .NETFramework,Version=v3.0
                           DisplayName = .NET Framework 3.0
                           Alias = net30
                       .NETFramework,Version=v3.5
                           DisplayName = .NET Framework 3.5
                           Alias = net35
                       .NETFramework,Version=v4.0
                           DisplayName = .NET Framework 4.0
                           Alias = net40
                       .NETFramework,Version=v4.5
                           DisplayName = .NET Framework 4.5
                           Alias = net45
                       .NETFramework,Version=v4.5.1
                           DisplayName = .NET Framework 4.5.1
                           Alias = net451
                       .NETFramework,Version=v4.5.2
                           DisplayName = .NET Framework 4.5.2
                           Alias = net452
                       .NETFramework,Version=v4.6
                           DisplayName = .NET Framework 4.6
                           Alias = net46
                       .NETFramework,Version=v4.6.1
                           DisplayName = .NET Framework 4.6.1
                           Alias = net461
                       .NETFramework,Version=v4.6.2
                           DisplayName = .NET Framework 4.6.2
                           Alias = net462
                       .NETFramework,Version=v4.7
                           DisplayName = .NET Framework 4.7
                           Alias = net47
                       .NETFramework,Version=v4.7.1
                           DisplayName = .NET Framework 4.7.1
                           Alias = net471
                       .NETFramework,Version=v4.7.2
                           DisplayName = .NET Framework 4.7.2
                           Alias = net472
                       .NETFramework,Version=v4.8
                           DisplayName = .NET Framework 4.8
                           Alias = net48
                       .NETFramework,Version=v4.8.1
                           DisplayName = .NET Framework 4.8.1
                           Alias = net481
                   Using
                       System
                       System.Collections.Generic
                       System.Drawing
                       System.IO
                       System.Linq
                       System.Net.Http
                       System.Threading
                       System.Threading.Tasks
                       System.Windows.Forms
                   WindowsSdkSupportedTargetPlatformVersion
                       10.0.17763.0
                           WindowsSdkPackageVersion = 10.0.17763.34
                           MinimumNETVersion = 6.0
                       10.0.17763.0
                           WindowsSdkPackageVersion = 10.0.17763.26
                           MinimumNETVersion = 5.0
                       10.0.18362.0
                           WindowsSdkPackageVersion = 10.0.18362.34
                           MinimumNETVersion = 6.0
                       10.0.18362.0
                           WindowsSdkPackageVersion = 10.0.18362.26
                           MinimumNETVersion = 5.0
                       10.0.19041.0
                           WindowsSdkPackageVersion = 10.0.19041.34
                           MinimumNETVersion = 6.0
                       10.0.19041.0
                           WindowsSdkPackageVersion = 10.0.19041.26
                           MinimumNETVersion = 5.0
                       10.0.20348.0
                           WindowsSdkPackageVersion = 10.0.20348.34
                           MinimumNETVersion = 6.0
                       10.0.20348.0
                           WindowsSdkPackageVersion = 10.0.20348.26
                           MinimumNETVersion = 5.0
                       10.0.22000.0
                           WindowsSdkPackageVersion = 10.0.22000.34
                           MinimumNETVersion = 6.0
                       10.0.22000.0
                           WindowsSdkPackageVersion = 10.0.22000.26
                           MinimumNETVersion = 5.0
                       10.0.22621.0
                           WindowsSdkPackageVersion = 10.0.22621.34
                           MinimumNETVersion = 6.0
                       10.0.26100.0
                           WindowsSdkPackageVersion = 10.0.26100.34
                           MinimumNETVersion = 6.0
                       7.0
                       8.0

21:01:46.276     3>Project "C:\Users\NoahR\OneDrive\Desktop\Jarvis\src\Jarvis.App\Jarvis.App.csproj" on node 1 (_IsProjectRestoreSupported target(s)).
21:01:46.277     3>Done Building Project "C:\Users\NoahR\OneDrive\Desktop\Jarvis\src\Jarvis.App\Jarvis.App.csproj" (_IsProjectRestoreSupported target(s)) -- FAILED.

Project Evaluation Performance Summary:
       62 ms  C:\Users\NoahR\OneDrive\Desktop\Jarvis\Jarvis.sln.metaproj   1 calls
      131 ms  C:\Users\NoahR\OneDrive\Desktop\Jarvis\src\Jarvis.App\Jarvis.App.csproj   1 calls
      252 ms  C:\Users\NoahR\OneDrive\Desktop\Jarvis\src\Jarvis.Core\Jarvis.Core.csproj   1 calls

Project Performance Summary:
        1 ms  C:\Users\NoahR\OneDrive\Desktop\Jarvis\src\Jarvis.App\Jarvis.App.csproj   1 calls
                  1 ms  _IsProjectRestoreSupported                 1 calls
        4 ms  C:\Users\NoahR\OneDrive\Desktop\Jarvis\src\Jarvis.Core\Jarvis.Core.csproj   1 calls
                  4 ms  _IsProjectRestoreSupported                 1 calls
     1751 ms  C:\Users\NoahR\OneDrive\Desktop\Jarvis\Jarvis.sln   1 calls
               1751 ms  Restore                                    1 calls

Target Performance Summary:
        0 ms  ValidateProjects                           1 calls
        0 ms  ValidateToolsVersions                      1 calls
        0 ms  _IsProjectRestoreSupported                 1 calls
       14 ms  _LoadRestoreGraphEntryPoints               1 calls
       14 ms  ValidateSolutionConfiguration              1 calls
     1719 ms  _FilterRestoreGraphProjectInputItems       1 calls

Task Performance Summary:
        0 ms  RemoveDuplicates                           1 calls
        2 ms  Message                                    1 calls
        3 ms  GetRestoreSolutionProjectsTask             1 calls
     1706 ms  MSBuild                                    1 calls

Build FAILED.
    0 Warning(s)
    0 Error(s)

Time Elapsed 00:00:02.01
