Build started 4/16/2026 11:38:25 PM.
Logging verbosity is set to: Detailed.     0>Process = "C:\Users\NoahR\OneDrive\Desktop\Jarvis\tools\dotnet\dotnet.exe"
       MSBuild executable path = "C:\Users\NoahR\OneDrive\Desktop\Jarvis\tools\dotnet\sdk\8.0.400\MSBuild.dll"
       Command line arguments = "C:\Users\NoahR\OneDrive\Desktop\Jarvis\tools\dotnet\sdk\8.0.400\MSBuild.dll -maxcpucount -verbosity:m -nologo -consoleloggerparameters:Summary --property:UseSharedCompilation=false -property:Configuration=Release src\Jarvis.Core\Jarvis.Core.csproj -flp:logfile=build-core.log -distributedlogger:Microsoft.DotNet.Tools.MSBuild.MSBuildLogger,C:\Users\NoahR\OneDrive\Desktop\Jarvis\tools\dotnet\sdk\8.0.400\dotnet.dll*Microsoft.DotNet.Tools.MSBuild.MSBuildForwardingLogger,C:\Users\NoahR\OneDrive\Desktop\Jarvis\tools\dotnet\sdk\8.0.400\dotnet.dll"
       Current directory = "C:\Users\NoahR\OneDrive\Desktop\Jarvis"
       MSBuild version = "17.11.3+0c8610977"
       Based on the Windows registry key LongPathsEnabled, the LongPaths feature is enabled.
       Assembly loaded during Evaluation: NuGet.Versioning, Version=6.11.0.122, Culture=neutral, PublicKeyToken=31bf3856ad364e35 (location: C:\Users\NoahR\OneDrive\Desktop\Jarvis\tools\dotnet\sdk\8.0.400\NuGet.Versioning.dll, MVID: 10f043fd-3d73-4229-ac96-cc2b3a6df344, AssemblyLoadContext: Default)
       The SDK "Microsoft.NET.Sdk" was successfully resolved by the "DefaultSdkResolver" resolver to location "C:\Users\NoahR\OneDrive\Desktop\Jarvis\tools\dotnet\sdk\8.0.400\Sdks\Microsoft.NET.Sdk\Sdk" and version "".
       Assembly loaded during Evaluation: Microsoft.NET.StringTools, Version=1.0.0.0, Culture=neutral, PublicKeyToken=b03f5f7f11d50a3a (location: C:\Users\NoahR\OneDrive\Desktop\Jarvis\tools\dotnet\sdk\8.0.400\Microsoft.NET.StringTools.dll, MVID: 34afc25a-bd2b-4096-909b-efbfc6d9c9d0, AssemblyLoadContext: Default)
       Property 'MSBuildExtensionsPath' with value 'C:\Users\NoahR\OneDrive\Desktop\Jarvis\tools\dotnet\sdk\8.0.400\' expanded from the environment.
       Property reassignment: $(MSBuildProjectExtensionsPath)="C:\Users\NoahR\OneDrive\Desktop\Jarvis\src\Jarvis.Core\obj\" (previous value: "obj\") at C:\Users\NoahR\OneDrive\Desktop\Jarvis\tools\dotnet\sdk\8.0.400\Current\Microsoft.Common.props (60,5)
       Assembly loaded during Evaluation: System.Threading.Tasks.Parallel, Version=8.0.0.0, Culture=neutral, PublicKeyToken=b03f5f7f11d50a3a (location: C:\Users\NoahR\OneDrive\Desktop\Jarvis\tools\dotnet\shared\Microsoft.NETCore.App\8.0.8\System.Threading.Tasks.Parallel.dll, MVID: aa48ebbb-b1e6-4e00-999c-c53e62ee7cba, AssemblyLoadContext: Default)
       Property 'USERPROFILE' with value 'C:\Users\NoahR' expanded from the environment.
       Property 'MSBuildUserExtensionsPath' with value 'C:\Users\NoahR\AppData\Local\Microsoft\MSBuild' expanded from the environment.
       The "Configuration" property is a global property, and cannot be modified.
       The "Configuration" property is a global property, and cannot be modified.
       Property reassignment: $(AssemblySearchPaths)="{CandidateAssemblyFiles};{HintPathFromItem}" (previous value: "{CandidateAssemblyFiles}") at C:\Users\NoahR\OneDrive\Desktop\Jarvis\tools\dotnet\sdk\8.0.400\Sdks\Microsoft.NET.Sdk\targets\Microsoft.NET.Sdk.props (91,5)
       Property reassignment: $(AssemblySearchPaths)="{CandidateAssemblyFiles};{HintPathFromItem};{TargetFrameworkDirectory}" (previous value: "{CandidateAssemblyFiles};{HintPathFromItem}") at C:\Users\NoahR\OneDrive\Desktop\Jarvis\tools\dotnet\sdk\8.0.400\Sdks\Microsoft.NET.Sdk\targets\Microsoft.NET.Sdk.props (92,5)
       Property reassignment: $(AssemblySearchPaths)="{CandidateAssemblyFiles};{HintPathFromItem};{TargetFrameworkDirectory};{RawFileName}" (previous value: "{CandidateAssemblyFiles};{HintPathFromItem};{TargetFrameworkDirectory}") at C:\Users\NoahR\OneDrive\Desktop\Jarvis\tools\dotnet\sdk\8.0.400\Sdks\Microsoft.NET.Sdk\targets\Microsoft.NET.Sdk.props (93,5)
       The "DefaultSdkResolver" resolver attempted to resolve the SDK "Microsoft.NET.SDK.WorkloadAutoImportPropsLocator".
       Warnings: null
       Errors: MSB4276: The default SDK resolver failed to resolve SDK "Microsoft.NET.SDK.WorkloadAutoImportPropsLocator" because directory "C:\Users\NoahR\OneDrive\Desktop\Jarvis\tools\dotnet\sdk\8.0.400\Sdks\Microsoft.NET.SDK.WorkloadAutoImportPropsLocator\Sdk" did not exist.
       Assembly loaded during Evaluation: System.Security.Cryptography.Algorithms, Version=8.0.0.0, Culture=neutral, PublicKeyToken=b03f5f7f11d50a3a (location: C:\Users\NoahR\OneDrive\Desktop\Jarvis\tools\dotnet\shared\Microsoft.NETCore.App\8.0.8\System.Security.Cryptography.Algorithms.dll, MVID: 35d0165e-7fe5-45a3-86b4-80b049c138eb, AssemblyLoadContext: Default)
       Assembly loaded during Evaluation: System.Security.Cryptography.Primitives, Version=8.0.0.0, Culture=neutral, PublicKeyToken=b03f5f7f11d50a3a (location: C:\Users\NoahR\OneDrive\Desktop\Jarvis\tools\dotnet\shared\Microsoft.NETCore.App\8.0.8\System.Security.Cryptography.Primitives.dll, MVID: 43a152f4-5707-4dbe-bc93-c5e5c9a019df, AssemblyLoadContext: Default)
       Assembly loaded during Evaluation: Microsoft.Build.NuGetSdkResolver, Version=6.11.0.122, Culture=neutral, PublicKeyToken=31bf3856ad364e35 (location: C:\Users\NoahR\OneDrive\Desktop\Jarvis\tools\dotnet\sdk\8.0.400\Microsoft.Build.NuGetSdkResolver.dll, MVID: 3234ae34-0ce4-41ed-9206-09b860f960c5, AssemblyLoadContext: MSBuild plugin C:\Users\NoahR\OneDrive\Desktop\Jarvis\tools\dotnet\sdk\8.0.400\Microsoft.Build.NuGetSdkResolver.dll)
       Assembly loaded during Evaluation: System.IO.FileSystem, Version=8.0.0.0, Culture=neutral, PublicKeyToken=b03f5f7f11d50a3a (location: C:\Users\NoahR\OneDrive\Desktop\Jarvis\tools\dotnet\shared\Microsoft.NETCore.App\8.0.8\System.IO.FileSystem.dll, MVID: 11111b53-e329-477a-91db-f14fda493ded, AssemblyLoadContext: Default)
       Assembly loaded during Evaluation: Newtonsoft.Json, Version=13.0.0.0, Culture=neutral, PublicKeyToken=30ad4fe6b2a6aeed (location: C:\Users\NoahR\OneDrive\Desktop\Jarvis\tools\dotnet\sdk\8.0.400\Newtonsoft.Json.dll, MVID: 7e62198b-eab2-4380-bbac-29171862d1d8, AssemblyLoadContext: Default)
       Assembly loaded during Evaluation: System.Linq.Expressions, Version=8.0.0.0, Culture=neutral, PublicKeyToken=b03f5f7f11d50a3a (location: C:\Users\NoahR\OneDrive\Desktop\Jarvis\tools\dotnet\shared\Microsoft.NETCore.App\8.0.8\System.Linq.Expressions.dll, MVID: c3a0b956-830c-4664-a4c5-cad481754b23, AssemblyLoadContext: Default)
       Assembly loaded during Evaluation: Microsoft.NET.Sdk.WorkloadMSBuildSdkResolver, Version=8.0.400.0, Culture=neutral, PublicKeyToken=31bf3856ad364e35 (location: C:\Users\NoahR\OneDrive\Desktop\Jarvis\tools\dotnet\sdk\8.0.400\Microsoft.NET.Sdk.WorkloadMSBuildSdkResolver.dll, MVID: e70eadda-2737-4368-8dda-f59f071e9aaa, AssemblyLoadContext: MSBuild plugin C:\Users\NoahR\OneDrive\Desktop\Jarvis\tools\dotnet\sdk\8.0.400\Microsoft.NET.Sdk.WorkloadMSBuildSdkResolver.dll)
       Assembly loaded during Evaluation: System.ComponentModel.TypeConverter, Version=8.0.0.0, Culture=neutral, PublicKeyToken=b03f5f7f11d50a3a (location: C:\Users\NoahR\OneDrive\Desktop\Jarvis\tools\dotnet\shared\Microsoft.NETCore.App\8.0.8\System.ComponentModel.TypeConverter.dll, MVID: 55c76778-4804-4c87-8981-f3c628a8e12e, AssemblyLoadContext: Default)
       Assembly loaded during Evaluation: System.ObjectModel, Version=8.0.0.0, Culture=neutral, PublicKeyToken=b03f5f7f11d50a3a (location: C:\Users\NoahR\OneDrive\Desktop\Jarvis\tools\dotnet\shared\Microsoft.NETCore.App\8.0.8\System.ObjectModel.dll, MVID: a1f219ec-84e4-44f4-9934-c60501a0b6aa, AssemblyLoadContext: Default)
       Assembly loaded during Evaluation: Microsoft.DotNet.Cli.Utils, Version=8.0.400.0, Culture=neutral, PublicKeyToken=adb9793829ddae60 (location: C:\Users\NoahR\OneDrive\Desktop\Jarvis\tools\dotnet\sdk\8.0.400\Microsoft.DotNet.Cli.Utils.dll, MVID: 3614b473-4753-4be7-bf58-06f7b715a9d3, AssemblyLoadContext: MSBuild plugin C:\Users\NoahR\OneDrive\Desktop\Jarvis\tools\dotnet\sdk\8.0.400\Microsoft.NET.Sdk.WorkloadMSBuildSdkResolver.dll)
       Assembly loaded during Evaluation: System.Runtime.Numerics, Version=8.0.0.0, Culture=neutral, PublicKeyToken=b03f5f7f11d50a3a (location: C:\Users\NoahR\OneDrive\Desktop\Jarvis\tools\dotnet\shared\Microsoft.NETCore.App\8.0.8\System.Runtime.Numerics.dll, MVID: 58af7c03-432e-4bb2-a5d8-93fecfb09e71, AssemblyLoadContext: Default)
       Assembly loaded during Evaluation: Microsoft.NET.Sdk.WorkloadManifestReader, Version=8.0.400.0, Culture=neutral, PublicKeyToken=adb9793829ddae60 (location: C:\Users\NoahR\OneDrive\Desktop\Jarvis\tools\dotnet\sdk\8.0.400\Microsoft.NET.Sdk.WorkloadManifestReader.dll, MVID: c51be2ac-5d62-4f28-bde0-f1ce3cf35a6b, AssemblyLoadContext: MSBuild plugin C:\Users\NoahR\OneDrive\Desktop\Jarvis\tools\dotnet\sdk\8.0.400\Microsoft.NET.Sdk.WorkloadMSBuildSdkResolver.dll)
       Assembly loaded during Evaluation: Microsoft.Deployment.DotNet.Releases, Version=2.0.0.0, Culture=neutral, PublicKeyToken=31bf3856ad364e35 (location: C:\Users\NoahR\OneDrive\Desktop\Jarvis\tools\dotnet\sdk\8.0.400\Microsoft.Deployment.DotNet.Releases.dll, MVID: eb340e0e-b895-41fa-8fc4-c04faee03b3b, AssemblyLoadContext: MSBuild plugin C:\Users\NoahR\OneDrive\Desktop\Jarvis\tools\dotnet\sdk\8.0.400\Microsoft.NET.Sdk.WorkloadMSBuildSdkResolver.dll)
       Assembly loaded during Evaluation: System.Runtime.Serialization.Primitives, Version=8.0.0.0, Culture=neutral, PublicKeyToken=b03f5f7f11d50a3a (location: C:\Users\NoahR\OneDrive\Desktop\Jarvis\tools\dotnet\shared\Microsoft.NETCore.App\8.0.8\System.Runtime.Serialization.Primitives.dll, MVID: 6c15c07d-d7dd-4a0c-847d-b9036af191a3, AssemblyLoadContext: Default)
       Assembly loaded during Evaluation: NuGet.Packaging, Version=6.11.0.122, Culture=neutral, PublicKeyToken=31bf3856ad364e35 (location: C:\Users\NoahR\OneDrive\Desktop\Jarvis\tools\dotnet\sdk\8.0.400\NuGet.Packaging.dll, MVID: e836e49c-02f6-4a3e-a59d-f1ce821d2d90, AssemblyLoadContext: Default)
       Assembly loaded during Evaluation: System.Security.Cryptography.X509Certificates, Version=8.0.0.0, Culture=neutral, PublicKeyToken=b03f5f7f11d50a3a (location: C:\Users\NoahR\OneDrive\Desktop\Jarvis\tools\dotnet\shared\Microsoft.NETCore.App\8.0.8\System.Security.Cryptography.X509Certificates.dll, MVID: 6f776a22-6695-4275-80ad-6135005da2c9, AssemblyLoadContext: Default)
       The SDK "Microsoft.NET.SDK.WorkloadAutoImportPropsLocator" was successfully resolved by the "Microsoft.DotNet.MSBuildWorkloadSdkResolver" resolver to location "null" and version "null".
       Property reassignment: $(TargetsForTfmSpecificContentInPackage)=";PackTool;_PackProjectToolValidation" (previous value: ";PackTool") at C:\Users\NoahR\OneDrive\Desktop\Jarvis\tools\dotnet\sdk\8.0.400\Sdks\Microsoft.NET.Sdk\targets\Microsoft.NET.PackProjectTool.props (15,5)
       The "Configuration" property is a global property, and cannot be modified.
       Property reassignment: $(PublishProfileImported)="false" (previous value: "true") at C:\Users\NoahR\OneDrive\Desktop\Jarvis\tools\dotnet\sdk\8.0.400\Sdks\Microsoft.NET.Sdk\targets\Microsoft.NET.Sdk.ImportPublishProfile.targets (28,5)
       Assembly loaded during Evaluation: NuGet.Frameworks, Version=6.11.0.122, Culture=neutral, PublicKeyToken=31bf3856ad364e35 (location: C:\Users\NoahR\OneDrive\Desktop\Jarvis\tools\dotnet\sdk\8.0.400\NuGet.Frameworks.dll, MVID: 80bb22ee-4830-4f2a-9342-0a8089fc1dfa, AssemblyLoadContext: Assembly.LoadFile(C:\Users\NoahR\OneDrive\Desktop\Jarvis\tools\dotnet\sdk\8.0.400\NuGet.Frameworks.dll))
       Property reassignment: $(TargetPlatformVersion)="" (previous value: "0.0") at C:\Users\NoahR\OneDrive\Desktop\Jarvis\tools\dotnet\sdk\8.0.400\Sdks\Microsoft.NET.Sdk\targets\Microsoft.NET.TargetFrameworkInference.targets (69,5)
       Property reassignment: $(DefaultItemExcludes)=";bin\Release\/**;obj\Release\/**" (previous value: ";bin\Release\/**") at C:\Users\NoahR\OneDrive\Desktop\Jarvis\tools\dotnet\sdk\8.0.400\Sdks\Microsoft.NET.Sdk\targets\Microsoft.NET.DefaultOutputPaths.targets (122,5)
       Property reassignment: $(OutputPath)="bin\Release\net8.0\" (previous value: "bin\Release\") at C:\Users\NoahR\OneDrive\Desktop\Jarvis\tools\dotnet\sdk\8.0.400\Sdks\Microsoft.NET.Sdk\targets\Microsoft.NET.DefaultOutputPaths.targets (137,5)
       Property reassignment: $(IntermediateOutputPath)="obj\Release\net8.0\" (previous value: "obj\Release\") at C:\Users\NoahR\OneDrive\Desktop\Jarvis\tools\dotnet\sdk\8.0.400\Sdks\Microsoft.NET.Sdk\targets\Microsoft.NET.DefaultOutputPaths.targets (142,5)
       Assembly loaded during Evaluation: System.Net.Sockets, Version=8.0.0.0, Culture=neutral, PublicKeyToken=b03f5f7f11d50a3a (location: C:\Users\NoahR\OneDrive\Desktop\Jarvis\tools\dotnet\shared\Microsoft.NETCore.App\8.0.8\System.Net.Sockets.dll, MVID: f4def763-01a6-4431-95b7-ec591de0bd3c, AssemblyLoadContext: Default)
       The "DefaultSdkResolver" resolver attempted to resolve the SDK "Microsoft.NET.SDK.WorkloadManifestTargetsLocator".
       Warnings: null
       Errors: MSB4276: The default SDK resolver failed to resolve SDK "Microsoft.NET.SDK.WorkloadManifestTargetsLocator" because directory "C:\Users\NoahR\OneDrive\Desktop\Jarvis\tools\dotnet\sdk\8.0.400\Sdks\Microsoft.NET.SDK.WorkloadManifestTargetsLocator\Sdk" did not exist.
       Assembly loaded during Evaluation: System.Threading.Overlapped, Version=8.0.0.0, Culture=neutral, PublicKeyToken=b03f5f7f11d50a3a (location: C:\Users\NoahR\OneDrive\Desktop\Jarvis\tools\dotnet\shared\Microsoft.NETCore.App\8.0.8\System.Threading.Overlapped.dll, MVID: 14ea2962-0e6c-4d1c-87bb-58b3321e0802, AssemblyLoadContext: Default)
       Assembly loaded during Evaluation: System.Threading.ThreadPool, Version=8.0.0.0, Culture=neutral, PublicKeyToken=b03f5f7f11d50a3a (location: C:\Users\NoahR\OneDrive\Desktop\Jarvis\tools\dotnet\shared\Microsoft.NETCore.App\8.0.8\System.Threading.ThreadPool.dll, MVID: bc87c0e1-9e77-4ab6-b63e-291c881b63a2, AssemblyLoadContext: Default)
       The SDK "Microsoft.NET.SDK.WorkloadManifestTargetsLocator" was successfully resolved by the "Microsoft.DotNet.MSBuildWorkloadSdkResolver" resolver to location "C:\Users\NoahR\OneDrive\Desktop\Jarvis\tools\dotnet\sdk-manifests\8.0.100\microsoft.net.sdk.android\34.0.43" and version "null".
       Property reassignment: $(_FrameworkIdentifierForImplicitDefine)="NET" (previous value: "NETCOREAPP") at C:\Users\NoahR\OneDrive\Desktop\Jarvis\tools\dotnet\sdk\8.0.400\Sdks\Microsoft.NET.Sdk\targets\Microsoft.NET.Sdk.BeforeCommon.targets (187,5)
       Property reassignment: $(_FrameworkVersionForImplicitDefine)="8_0" (previous value: "8.0") at C:\Users\NoahR\OneDrive\Desktop\Jarvis\tools\dotnet\sdk\8.0.400\Sdks\Microsoft.NET.Sdk\targets\Microsoft.NET.Sdk.BeforeCommon.targets (192,5)
       Property reassignment: $(CommandLineArgsForDesignTimeEvaluation)="-langversion:12.0 -define:TRACE" (previous value: "-langversion:12.0") at C:\Users\NoahR\OneDrive\Desktop\Jarvis\tools\dotnet\sdk\8.0.400\Roslyn\Microsoft.CSharp.Core.targets (200,5)
       Assembly loaded during Evaluation: Microsoft.Build.Utilities.Core, Version=15.1.0.0, Culture=neutral, PublicKeyToken=b03f5f7f11d50a3a (location: C:\Users\NoahR\OneDrive\Desktop\Jarvis\tools\dotnet\sdk\8.0.400\Microsoft.Build.Utilities.Core.dll, MVID: 7fd91690-3327-4466-9760-4bac219b38dc, AssemblyLoadContext: Default)
       The "Configuration" property is a global property, and cannot be modified.
       Property reassignment: $(_DebugSymbolsProduced)="true" (previous value: "false") at C:\Users\NoahR\OneDrive\Desktop\Jarvis\tools\dotnet\sdk\8.0.400\Microsoft.Common.CurrentVersion.targets (179,5)
       Property reassignment: $(_DocumentationFileProduced)="false" (previous value: "true") at C:\Users\NoahR\OneDrive\Desktop\Jarvis\tools\dotnet\sdk\8.0.400\Microsoft.Common.CurrentVersion.targets (185,5)
       Property reassignment: $(MSBuildCopyMarkerName)="Jarvis.C.3702E29A" (previous value: "Jarvis.Core.csproj") at C:\Users\NoahR\OneDrive\Desktop\Jarvis\tools\dotnet\sdk\8.0.400\Microsoft.Common.CurrentVersion.targets (392,5)
       Property reassignment: $(MSBuildCopyMarkerName)="Jarvis.C.3702E29A.Up2Date" (previous value: "Jarvis.C.3702E29A") at C:\Users\NoahR\OneDrive\Desktop\Jarvis\tools\dotnet\sdk\8.0.400\Microsoft.Common.CurrentVersion.targets (393,5)
       Property reassignment: $(ProcessorArchitecture)="msil" (previous value: "") at C:\Users\NoahR\OneDrive\Desktop\Jarvis\tools\dotnet\sdk\8.0.400\Microsoft.Common.CurrentVersion.targets (541,5)
       Property reassignment: $(DelaySign)="" (previous value: "false") at C:\Users\NoahR\OneDrive\Desktop\Jarvis\tools\dotnet\sdk\8.0.400\Microsoft.Common.CurrentVersion.targets (580,5)
       Property 'LOCALAPPDATA' with value 'C:\Users\NoahR\AppData\Local' expanded from the environment.
       Property reassignment: $(_SGenGenerateSerializationAssembliesConfig)="Auto" (previous value: "") at C:\Users\NoahR\OneDrive\Desktop\Jarvis\tools\dotnet\sdk\8.0.400\Microsoft.Common.CurrentVersion.targets (3896,5)
       Property reassignment: $(_TargetsThatPrepareProjectReferences)="
             AssignProjectConfiguration;
             _SplitProjectReferencesByFileExistence
           " (previous value: "_SplitProjectReferencesByFileExistence") at C:\Users\NoahR\OneDrive\Desktop\Jarvis\tools\dotnet\sdk\8.0.400\Microsoft.Common.CurrentVersion.targets (5099,5)
       Property 'MSBuildExtensionsPath32' with value 'C:\Users\NoahR\OneDrive\Desktop\Jarvis\tools\dotnet\sdk\8.0.400' expanded from the environment.
       Property reassignment: $(ProjectAssetsCacheFile)="C:\Users\NoahR\OneDrive\Desktop\Jarvis\src\Jarvis.Core\obj\Release\net8.0\Jarvis.Core.assets.cache" (previous value: "obj\Release\net8.0\Jarvis.Core.assets.cache") at C:\Users\NoahR\OneDrive\Desktop\Jarvis\tools\dotnet\sdk\8.0.400\Sdks\Microsoft.NET.Sdk\targets\Microsoft.PackageDependencyResolution.targets (29,5)
       Property reassignment: $(ResolveAssemblyReferencesDependsOn)="
             
             ResolveProjectReferences;
             FindInvalidProjectReferences;
             GetFrameworkPaths;
             GetReferenceAssemblyPaths;
             PrepareForBuild;
             ResolveSDKReferences;
             ExpandSDKReferences;
           ;
             ResolvePackageDependenciesForBuild;
             _HandlePackageFileConflicts;
           " (previous value: "
             ResolveProjectReferences;
             FindInvalidProjectReferences;
             GetFrameworkPaths;
             GetReferenceAssemblyPaths;
             PrepareForBuild;
             ResolveSDKReferences;
             ExpandSDKReferences;
           ") at C:\Users\NoahR\OneDrive\Desktop\Jarvis\tools\dotnet\sdk\8.0.400\Sdks\Microsoft.NET.Sdk\targets\Microsoft.PackageDependencyResolution.targets (80,5)
       Property reassignment: $(PrepareResourcesDependsOn)="
             ResolvePackageDependenciesForBuild;
             _HandlePackageFileConflicts;
             
             ;
             PrepareResourceNames;
             ResGen;
             CompileLicxFiles
           
           " (previous value: "
             ;
             PrepareResourceNames;
             ResGen;
             CompileLicxFiles
           ") at C:\Users\NoahR\OneDrive\Desktop\Jarvis\tools\dotnet\sdk\8.0.400\Sdks\Microsoft.NET.Sdk\targets\Microsoft.PackageDependencyResolution.targets (86,5)
       Property reassignment: $(DefaultItemExcludes)=";bin\Release\/**;obj\Release\/**;bin\/**" (previous value: ";bin\Release\/**;obj\Release\/**") at C:\Users\NoahR\OneDrive\Desktop\Jarvis\tools\dotnet\sdk\8.0.400\Sdks\Microsoft.NET.Sdk\targets\Microsoft.NET.Sdk.DefaultItems.targets (27,5)
       Property reassignment: $(DefaultItemExcludes)=";bin\Release\/**;obj\Release\/**;bin\/**;obj\/**" (previous value: ";bin\Release\/**;obj\Release\/**;bin\/**") at C:\Users\NoahR\OneDrive\Desktop\Jarvis\tools\dotnet\sdk\8.0.400\Sdks\Microsoft.NET.Sdk\targets\Microsoft.NET.Sdk.DefaultItems.targets (29,5)
       Property reassignment: $(DefaultItemExcludes)=";bin\Release\/**;obj\Release\/**;bin\/**;obj\/**;**/*.user" (previous value: ";bin\Release\/**;obj\Release\/**;bin\/**;obj\/**") at C:\Users\NoahR\OneDrive\Desktop\Jarvis\tools\dotnet\sdk\8.0.400\Sdks\Microsoft.NET.Sdk\targets\Microsoft.NET.Sdk.DefaultItems.targets (32,5)
       Property reassignment: $(DefaultItemExcludes)=";bin\Release\/**;obj\Release\/**;bin\/**;obj\/**;**/*.user;**/*.*proj" (previous value: ";bin\Release\/**;obj\Release\/**;bin\/**;obj\/**;**/*.user") at C:\Users\NoahR\OneDrive\Desktop\Jarvis\tools\dotnet\sdk\8.0.400\Sdks\Microsoft.NET.Sdk\targets\Microsoft.NET.Sdk.DefaultItems.targets (33,5)
       Property reassignment: $(DefaultItemExcludes)=";bin\Release\/**;obj\Release\/**;bin\/**;obj\/**;**/*.user;**/*.*proj;**/*.sln" (previous value: ";bin\Release\/**;obj\Release\/**;bin\/**;obj\/**;**/*.user;**/*.*proj") at C:\Users\NoahR\OneDrive\Desktop\Jarvis\tools\dotnet\sdk\8.0.400\Sdks\Microsoft.NET.Sdk\targets\Microsoft.NET.Sdk.DefaultItems.targets (34,5)
       Property reassignment: $(DefaultItemExcludes)=";bin\Release\/**;obj\Release\/**;bin\/**;obj\/**;**/*.user;**/*.*proj;**/*.sln;**/*.vssscc" (previous value: ";bin\Release\/**;obj\Release\/**;bin\/**;obj\/**;**/*.user;**/*.*proj;**/*.sln") at C:\Users\NoahR\OneDrive\Desktop\Jarvis\tools\dotnet\sdk\8.0.400\Sdks\Microsoft.NET.Sdk\targets\Microsoft.NET.Sdk.DefaultItems.targets (35,5)
       Property reassignment: $(DefaultItemExcludes)=";bin\Release\/**;obj\Release\/**;bin\/**;obj\/**;**/*.user;**/*.*proj;**/*.sln;**/*.vssscc;**/.DS_Store" (previous value: ";bin\Release\/**;obj\Release\/**;bin\/**;obj\/**;**/*.user;**/*.*proj;**/*.sln;**/*.vssscc") at C:\Users\NoahR\OneDrive\Desktop\Jarvis\tools\dotnet\sdk\8.0.400\Sdks\Microsoft.NET.Sdk\targets\Microsoft.NET.Sdk.DefaultItems.targets (36,5)
       Property reassignment: $(ResolveAssemblyReferencesDependsOn)="
             
             
             ResolveProjectReferences;
             FindInvalidProjectReferences;
             GetFrameworkPaths;
             GetReferenceAssemblyPaths;
             PrepareForBuild;
             ResolveSDKReferences;
             ExpandSDKReferences;
           ;
             ResolvePackageDependenciesForBuild;
             _HandlePackageFileConflicts;
           ;
             ResolveTargetingPackAssets;
           " (previous value: "
             
             ResolveProjectReferences;
             FindInvalidProjectReferences;
             GetFrameworkPaths;
             GetReferenceAssemblyPaths;
             PrepareForBuild;
             ResolveSDKReferences;
             ExpandSDKReferences;
           ;
             ResolvePackageDependenciesForBuild;
             _HandlePackageFileConflicts;
           ") at C:\Users\NoahR\OneDrive\Desktop\Jarvis\tools\dotnet\sdk\8.0.400\Sdks\Microsoft.NET.Sdk\targets\Microsoft.NET.Sdk.FrameworkReferenceResolution.targets (14,5)
       Property reassignment: $(_GenerateRuntimeConfigurationPropertyInputsCache)="C:\Users\NoahR\OneDrive\Desktop\Jarvis\src\Jarvis.Core\obj\Release\net8.0\Jarvis.Core.genruntimeconfig.cache" (previous value: "obj\Release\net8.0\Jarvis.Core.genruntimeconfig.cache") at C:\Users\NoahR\OneDrive\Desktop\Jarvis\tools\dotnet\sdk\8.0.400\Sdks\Microsoft.NET.Sdk\targets\Microsoft.NET.Sdk.targets (44,5)
       Property reassignment: $(_GeneratePublishDependencyFilePropertyInputsCache)="C:\Users\NoahR\OneDrive\Desktop\Jarvis\src\Jarvis.Core\obj\Release\net8.0\Jarvis.Core.genpublishdeps.cache" (previous value: "obj\Release\net8.0\Jarvis.Core.genpublishdeps.cache") at C:\Users\NoahR\OneDrive\Desktop\Jarvis\tools\dotnet\sdk\8.0.400\Sdks\Microsoft.NET.Sdk\targets\Microsoft.NET.Sdk.targets (46,5)
       Property reassignment: $(_GenerateSingleFileBundlePropertyInputsCache)="C:\Users\NoahR\OneDrive\Desktop\Jarvis\src\Jarvis.Core\obj\Release\net8.0\Jarvis.Core.genbundle.cache" (previous value: "obj\Release\net8.0\Jarvis.Core.genbundle.cache") at C:\Users\NoahR\OneDrive\Desktop\Jarvis\tools\dotnet\sdk\8.0.400\Sdks\Microsoft.NET.Sdk\targets\Microsoft.NET.Sdk.targets (48,5)
       Property reassignment: $(GenerateRuntimeConfigDevFile)="false" (previous value: "true") at C:\Users\NoahR\OneDrive\Desktop\Jarvis\tools\dotnet\sdk\8.0.400\Sdks\Microsoft.NET.Sdk\targets\Microsoft.NET.Sdk.targets (81,5)
       Property reassignment: $(_DefaultUserProfileRuntimeStorePath)="C:\Users\NoahR" (previous value: "") at C:\Users\NoahR\OneDrive\Desktop\Jarvis\tools\dotnet\sdk\8.0.400\Sdks\Microsoft.NET.Sdk\targets\Microsoft.NET.Sdk.targets (97,5)
       Property reassignment: $(_DefaultUserProfileRuntimeStorePath)="C:\Users\NoahR\.dotnet\store" (previous value: "C:\Users\NoahR") at C:\Users\NoahR\OneDrive\Desktop\Jarvis\tools\dotnet\sdk\8.0.400\Sdks\Microsoft.NET.Sdk\targets\Microsoft.NET.Sdk.targets (98,5)
       Property reassignment: $(AvailablePlatforms)="Any CPU,x86,x64,ARM32" (previous value: "Any CPU,x86,x64") at C:\Users\NoahR\OneDrive\Desktop\Jarvis\tools\dotnet\sdk\8.0.400\Sdks\Microsoft.NET.Sdk\targets\Microsoft.NET.Sdk.targets (136,5)
       Property reassignment: $(AvailablePlatforms)="Any CPU,x86,x64,ARM32,ARM64" (previous value: "Any CPU,x86,x64,ARM32") at C:\Users\NoahR\OneDrive\Desktop\Jarvis\tools\dotnet\sdk\8.0.400\Sdks\Microsoft.NET.Sdk\targets\Microsoft.NET.Sdk.targets (140,5)
       Property reassignment: $(CoreBuildDependsOn)="
             _CheckForBuildWithNoBuild;
             
             BuildOnlySettings;
             PrepareForBuild;
             PreBuildEvent;
             ResolveReferences;
             PrepareResources;
             ResolveKeySource;
             Compile;
             ExportWindowsMDFile;
             UnmanagedUnregistration;
             GenerateSerializationAssemblies;
             CreateSatelliteAssemblies;
             GenerateManifests;
             GetTargetPath;
             PrepareForRun;
             UnmanagedRegistration;
             IncrementalClean;
             PostBuildEvent
           ;
             GenerateBuildDependencyFile;
             GenerateBuildRuntimeConfigurationFiles
           " (previous value: "
             BuildOnlySettings;
             PrepareForBuild;
             PreBuildEvent;
             ResolveReferences;
             PrepareResources;
             ResolveKeySource;
             Compile;
             ExportWindowsMDFile;
             UnmanagedUnregistration;
             GenerateSerializationAssemblies;
             CreateSatelliteAssemblies;
             GenerateManifests;
             GetTargetPath;
             PrepareForRun;
             UnmanagedRegistration;
             IncrementalClean;
             PostBuildEvent
           ") at C:\Users\NoahR\OneDrive\Desktop\Jarvis\tools\dotnet\sdk\8.0.400\Sdks\Microsoft.NET.Sdk\targets\Microsoft.NET.Sdk.targets (197,5)
       Property reassignment: $(CoreCleanDependsOn)="
             _SdkBeforeClean;
             
           " (previous value: "") at C:\Users\NoahR\OneDrive\Desktop\Jarvis\tools\dotnet\sdk\8.0.400\Sdks\Microsoft.NET.Sdk\targets\Microsoft.NET.Sdk.targets (206,5)
       Property reassignment: $(RebuildDependsOn)="
             _SdkBeforeRebuild;
             
             BeforeRebuild;
             Clean;
             Build;
             AfterRebuild;
           
           " (previous value: "
             BeforeRebuild;
             Clean;
             Build;
             AfterRebuild;
           ") at C:\Users\NoahR\OneDrive\Desktop\Jarvis\tools\dotnet\sdk\8.0.400\Sdks\Microsoft.NET.Sdk\targets\Microsoft.NET.Sdk.targets (213,5)
       Property reassignment: $(CompileDependsOn)="
             
             ResolveReferences;
             ResolveKeySource;
             SetWin32ManifestProperties;
             _SetPreferNativeArm64Win32ManifestProperties;
             FindReferenceAssembliesForReferences;
             _GenerateCompileInputs;
             BeforeCompile;
             _TimeStampBeforeCompile;
             _GenerateCompileDependencyCache;
             CoreCompile;
             _TimeStampAfterCompile;
             AfterCompile;
           ;
             _CreateAppHost;
             _CreateComHost;
             _GetIjwHostPaths;
           " (previous value: "
             ResolveReferences;
             ResolveKeySource;
             SetWin32ManifestProperties;
             _SetPreferNativeArm64Win32ManifestProperties;
             FindReferenceAssembliesForReferences;
             _GenerateCompileInputs;
             BeforeCompile;
             _TimeStampBeforeCompile;
             _GenerateCompileDependencyCache;
             CoreCompile;
             _TimeStampAfterCompile;
             AfterCompile;
           ") at C:\Users\NoahR\OneDrive\Desktop\Jarvis\tools\dotnet\sdk\8.0.400\Sdks\Microsoft.NET.Sdk\targets\Microsoft.NET.Sdk.targets (679,5)
       Property reassignment: $(CreateSatelliteAssembliesDependsOn)="
             
             ;
             _GenerateSatelliteAssemblyInputs;
             ComputeIntermediateSatelliteAssemblies;
             GenerateSatelliteAssemblies
           ;
             CoreGenerateSatelliteAssemblies
           " (previous value: "
             ;
             _GenerateSatelliteAssemblyInputs;
             ComputeIntermediateSatelliteAssemblies;
             GenerateSatelliteAssemblies
           ") at C:\Users\NoahR\OneDrive\Desktop\Jarvis\tools\dotnet\sdk\8.0.400\Sdks\Microsoft.NET.Sdk\targets\Microsoft.NET.Sdk.targets (1065,5)
       Property reassignment: $(SourceLinkUrlInitializerTargets)=";_InitializeGitHubSourceLinkUrl;_InitializeGitLabSourceLinkUrl" (previous value: ";_InitializeGitHubSourceLinkUrl") at C:\Users\NoahR\OneDrive\Desktop\Jarvis\tools\dotnet\sdk\8.0.400\Sdks\Microsoft.SourceLink.GitLab\build\Microsoft.SourceLink.GitLab.targets (12,5)
       Property reassignment: $(SourceControlManagerUrlTranslationTargets)=";TranslateGitHubUrlsInSourceControlInformation;TranslateGitLabUrlsInSourceControlInformation" (previous value: ";TranslateGitHubUrlsInSourceControlInformation") at C:\Users\NoahR\OneDrive\Desktop\Jarvis\tools\dotnet\sdk\8.0.400\Sdks\Microsoft.SourceLink.GitLab\build\Microsoft.SourceLink.GitLab.targets (13,5)
       Property reassignment: $(SourceLinkUrlInitializerTargets)=";_InitializeGitHubSourceLinkUrl;_InitializeGitLabSourceLinkUrl;_InitializeAzureReposGitSourceLinkUrl" (previous value: ";_InitializeGitHubSourceLinkUrl;_InitializeGitLabSourceLinkUrl") at C:\Users\NoahR\OneDrive\Desktop\Jarvis\tools\dotnet\sdk\8.0.400\Sdks\Microsoft.SourceLink.AzureRepos.Git\build\Microsoft.SourceLink.AzureRepos.Git.targets (12,5)
       Property reassignment: $(SourceControlManagerUrlTranslationTargets)=";TranslateGitHubUrlsInSourceControlInformation;TranslateGitLabUrlsInSourceControlInformation;TranslateAzureReposGitUrlsInSourceControlInformation" (previous value: ";TranslateGitHubUrlsInSourceControlInformation;TranslateGitLabUrlsInSourceControlInformation") at C:\Users\NoahR\OneDrive\Desktop\Jarvis\tools\dotnet\sdk\8.0.400\Sdks\Microsoft.SourceLink.AzureRepos.Git\build\Microsoft.SourceLink.AzureRepos.Git.targets (13,5)
       Property reassignment: $(SourceLinkUrlInitializerTargets)=";_InitializeGitHubSourceLinkUrl;_InitializeGitLabSourceLinkUrl;_InitializeAzureReposGitSourceLinkUrl;_InitializeBitbucketGitSourceLinkUrl" (previous value: ";_InitializeGitHubSourceLinkUrl;_InitializeGitLabSourceLinkUrl;_InitializeAzureReposGitSourceLinkUrl") at C:\Users\NoahR\OneDrive\Desktop\Jarvis\tools\dotnet\sdk\8.0.400\Sdks\Microsoft.SourceLink.Bitbucket.Git\build\Microsoft.SourceLink.Bitbucket.Git.targets (12,5)
       Property reassignment: $(SourceControlManagerUrlTranslationTargets)=";TranslateGitHubUrlsInSourceControlInformation;TranslateGitLabUrlsInSourceControlInformation;TranslateAzureReposGitUrlsInSourceControlInformation;TranslateBitbucketGitUrlsInSourceControlInformation" (previous value: ";TranslateGitHubUrlsInSourceControlInformation;TranslateGitLabUrlsInSourceControlInformation;TranslateAzureReposGitUrlsInSourceControlInformation") at C:\Users\NoahR\OneDrive\Desktop\Jarvis\tools\dotnet\sdk\8.0.400\Sdks\Microsoft.SourceLink.Bitbucket.Git\build\Microsoft.SourceLink.Bitbucket.Git.targets (13,5)
       Property reassignment: $(DesignerRuntimeImplementationProjectOutputGroupDependsOn)="
             
             ;
             
             ;
             BuildOnlySettings;
             PrepareForBuild;
             AssignTargetPaths;
             ResolveReferences
           
           ;
             _GenerateDesignerDepsFile;
             _GenerateDesignerRuntimeConfigFile;
             GetCopyToOutputDirectoryItems;
             _GatherDesignerShadowCopyFiles;
           " (previous value: "
             ;
             
             ;
             BuildOnlySettings;
             PrepareForBuild;
             AssignTargetPaths;
             ResolveReferences
           
           ") at C:\Users\NoahR\OneDrive\Desktop\Jarvis\tools\dotnet\sdk\8.0.400\Sdks\Microsoft.NET.Sdk\targets\Microsoft.NET.DesignerSupport.targets (21,5)
       Assembly loaded during Evaluation: System.Security.Principal.Windows, Version=8.0.0.0, Culture=neutral, PublicKeyToken=b03f5f7f11d50a3a (location: C:\Users\NoahR\OneDrive\Desktop\Jarvis\tools\dotnet\shared\Microsoft.NETCore.App\8.0.8\System.Security.Principal.Windows.dll, MVID: eab56df6-a565-4130-be69-ca370a324114, AssemblyLoadContext: Default)
       Assembly loaded during Evaluation: System.Security.Claims, Version=8.0.0.0, Culture=neutral, PublicKeyToken=b03f5f7f11d50a3a (location: C:\Users\NoahR\OneDrive\Desktop\Jarvis\tools\dotnet\shared\Microsoft.NETCore.App\8.0.8\System.Security.Claims.dll, MVID: d7bfba17-ad76-4718-b4cd-4305d661ebf2, AssemblyLoadContext: Default)
       Property reassignment: $(_GenerateToolsSettingsFileCacheFile)="C:\Users\NoahR\OneDrive\Desktop\Jarvis\src\Jarvis.Core\obj\Release\net8.0\Jarvis.Core.toolssettingsinput.cache" (previous value: "obj\Release\net8.0\Jarvis.Core.toolssettingsinput.cache") at C:\Users\NoahR\OneDrive\Desktop\Jarvis\tools\dotnet\sdk\8.0.400\Sdks\Microsoft.NET.Sdk\targets\Microsoft.NET.PackTool.targets (68,5)
       Property reassignment: $(_ShimInputCacheFile)="C:\Users\NoahR\OneDrive\Desktop\Jarvis\src\Jarvis.Core\obj\Release\net8.0\Jarvis.Core.shiminput.cache" (previous value: "obj\Release\net8.0\Jarvis.Core.shiminput.cache") at C:\Users\NoahR\OneDrive\Desktop\Jarvis\tools\dotnet\sdk\8.0.400\Sdks\Microsoft.NET.Sdk\targets\Microsoft.NET.PackTool.targets (137,5)
       Property reassignment: $(_ShimCreatedSentinelFile)="C:\Users\NoahR\OneDrive\Desktop\Jarvis\src\Jarvis.Core\obj\Release\net8.0\Jarvis.Core.shimcreated.sentinel" (previous value: "obj\Release\net8.0\Jarvis.Core.shimcreated.sentinel") at C:\Users\NoahR\OneDrive\Desktop\Jarvis\tools\dotnet\sdk\8.0.400\Sdks\Microsoft.NET.Sdk\targets\Microsoft.NET.PackTool.targets (139,5)
       Property reassignment: $(DefineConstants)="TRACE;RELEASE" (previous value: "TRACE") at C:\Users\NoahR\OneDrive\Desktop\Jarvis\tools\dotnet\sdk\8.0.400\Sdks\Microsoft.NET.Sdk\targets\Microsoft.NET.Sdk.CSharp.targets (31,5)
       Property reassignment: $(DefineConstants)="TRACE;RELEASE;NET;NET8_0;NETCOREAPP" (previous value: "TRACE;RELEASE") at C:\Users\NoahR\OneDrive\Desktop\Jarvis\tools\dotnet\sdk\8.0.400\Sdks\Microsoft.NET.Sdk\targets\Microsoft.NET.Sdk.CSharp.targets (34,5)
       Property reassignment: $(WarningsAsErrors)=";NU1605;SYSLIB0011" (previous value: ";NU1605") at C:\Users\NoahR\OneDrive\Desktop\Jarvis\tools\dotnet\sdk\8.0.400\Sdks\Microsoft.NET.Sdk\targets\Microsoft.NET.Sdk.CSharp.targets (48,5)
       Property reassignment: $(PackageDescription)="Package Description" (previous value: "") at C:\Users\NoahR\OneDrive\Desktop\Jarvis\tools\dotnet\sdk\8.0.400\Sdks\NuGet.Build.Tasks.Pack\build\NuGet.Build.Tasks.Pack.targets (34,5)
       Property reassignment: $(GenerateNuspecDependsOn)="Build;_LoadPackInputItems; _GetTargetFrameworksOutput; _WalkEachTargetPerFramework; _GetPackageFiles; " (previous value: "_LoadPackInputItems; _GetTargetFrameworksOutput; _WalkEachTargetPerFramework; _GetPackageFiles; ") at C:\Users\NoahR\OneDrive\Desktop\Jarvis\tools\dotnet\sdk\8.0.400\Sdks\NuGet.Build.Tasks.Pack\build\NuGet.Build.Tasks.Pack.targets (59,5)
       Property reassignment: $(_IsSDKContainerAllowedVersion)="true" (previous value: "false") at C:\Users\NoahR\OneDrive\Desktop\Jarvis\tools\dotnet\sdk\8.0.400\Containers\build\Microsoft.NET.Build.Containers.targets (5,5)
       Property reassignment: $(_ContainerIsTargetingNet8TFM)="true" (previous value: "false") at C:\Users\NoahR\OneDrive\Desktop\Jarvis\tools\dotnet\sdk\8.0.400\Containers\build\Microsoft.NET.Build.Containers.targets (15,5)
       Assembly loaded during Evaluation: System.Reflection.Emit.Lightweight, Version=8.0.0.0, Culture=neutral, PublicKeyToken=b03f5f7f11d50a3a (location: C:\Users\NoahR\OneDrive\Desktop\Jarvis\tools\dotnet\shared\Microsoft.NETCore.App\8.0.8\System.Reflection.Emit.Lightweight.dll, MVID: b862ab0e-140b-496d-ad6c-cf56a95c712f, AssemblyLoadContext: Default)
       Assembly loaded during Evaluation: System.Reflection.Emit.ILGeneration, Version=8.0.0.0, Culture=neutral, PublicKeyToken=b03f5f7f11d50a3a (location: C:\Users\NoahR\OneDrive\Desktop\Jarvis\tools\dotnet\shared\Microsoft.NETCore.App\8.0.8\System.Reflection.Emit.ILGeneration.dll, MVID: 79768374-647f-45cd-9ad4-779158642630, AssemblyLoadContext: Default)
       Assembly loaded during Evaluation: System.Reflection.Primitives, Version=8.0.0.0, Culture=neutral, PublicKeyToken=b03f5f7f11d50a3a (location: C:\Users\NoahR\OneDrive\Desktop\Jarvis\tools\dotnet\shared\Microsoft.NETCore.App\8.0.8\System.Reflection.Primitives.dll, MVID: a48a7f3d-de9f-4120-96d7-13b53a6043ba, AssemblyLoadContext: Default)
       Overriding target "ResolveFrameworkReferences" in project "C:\Users\NoahR\OneDrive\Desktop\Jarvis\tools\dotnet\sdk\8.0.400\Microsoft.Common.CurrentVersion.targets" with target "ResolveFrameworkReferences" from project "C:\Users\NoahR\OneDrive\Desktop\Jarvis\tools\dotnet\sdk\8.0.400\Sdks\Microsoft.NET.Sdk\targets\Microsoft.NET.Sdk.FrameworkReferenceResolution.targets".
       Overriding target "Run" in project "C:\Users\NoahR\OneDrive\Desktop\Jarvis\tools\dotnet\sdk\8.0.400\Microsoft.Common.CurrentVersion.targets" with target "Run" from project "C:\Users\NoahR\OneDrive\Desktop\Jarvis\tools\dotnet\sdk\8.0.400\Sdks\Microsoft.NET.Sdk\targets\Microsoft.NET.Sdk.targets".
       Overriding target "GenerateSupportedTargetFrameworkAlias" in project "C:\Users\NoahR\OneDrive\Desktop\Jarvis\tools\dotnet\sdk\8.0.400\Microsoft.Common.CurrentVersion.targets" with target "GenerateSupportedTargetFrameworkAlias" from project "C:\Users\NoahR\OneDrive\Desktop\Jarvis\tools\dotnet\sdk\8.0.400\Sdks\Microsoft.NET.Sdk\targets\Microsoft.NET.Sdk.targets".
       Overriding target "GetReferenceAssemblyPaths" in project "C:\Users\NoahR\OneDrive\Desktop\Jarvis\tools\dotnet\sdk\8.0.400\Microsoft.Common.CurrentVersion.targets" with target "GetReferenceAssemblyPaths" from project "C:\Users\NoahR\OneDrive\Desktop\Jarvis\tools\dotnet\sdk\8.0.400\Sdks\Microsoft.NET.Sdk\targets\Microsoft.NET.DisableStandardFrameworkResolution.targets".
       Overriding target "GetFrameworkPaths" in project "C:\Users\NoahR\OneDrive\Desktop\Jarvis\tools\dotnet\sdk\8.0.400\Microsoft.Common.CurrentVersion.targets" with target "GetFrameworkPaths" from project "C:\Users\NoahR\OneDrive\Desktop\Jarvis\tools\dotnet\sdk\8.0.400\Sdks\Microsoft.NET.Sdk\targets\Microsoft.NET.DisableStandardFrameworkResolution.targets".
       Overriding target "DesignerRuntimeImplementationProjectOutputGroup" in project "C:\Users\NoahR\OneDrive\Desktop\Jarvis\tools\dotnet\sdk\8.0.400\Microsoft.Common.CurrentVersion.targets" with target "DesignerRuntimeImplementationProjectOutputGroup" from project "C:\Users\NoahR\OneDrive\Desktop\Jarvis\tools\dotnet\sdk\8.0.400\Sdks\Microsoft.NET.Sdk\targets\Microsoft.NET.DesignerSupport.targets".
       Overriding target "Publish" in project "C:\Users\NoahR\OneDrive\Desktop\Jarvis\tools\dotnet\sdk\8.0.400\Microsoft.Common.CurrentVersion.targets" with target "Publish" from project "C:\Users\NoahR\OneDrive\Desktop\Jarvis\tools\dotnet\sdk\8.0.400\Sdks\Microsoft.NET.Sdk\targets\Microsoft.NET.Publish.targets".
       Overriding target "ResolveReadyToRunCompilers" in project "C:\Users\NoahR\OneDrive\Desktop\Jarvis\tools\dotnet\sdk\8.0.400\Sdks\Microsoft.NET.Sdk\targets\Microsoft.NET.CrossGen.targets" with target "ResolveReadyToRunCompilers" from project "C:\Users\NoahR\OneDrive\Desktop\Jarvis\tools\dotnet\sdk\8.0.400\Sdks\Microsoft.NET.Sdk\targets\Microsoft.NET.Publish.targets".
       Overriding target "GetCopyToPublishDirectoryItems" in project "C:\Users\NoahR\OneDrive\Desktop\Jarvis\tools\dotnet\sdk\8.0.400\Microsoft.Common.CurrentVersion.targets" with target "GetCopyToPublishDirectoryItems" from project "C:\Users\NoahR\OneDrive\Desktop\Jarvis\tools\dotnet\sdk\8.0.400\Sdks\Microsoft.NET.Sdk\targets\Microsoft.NET.Publish.targets".
     1>Project "C:\Users\NoahR\OneDrive\Desktop\Jarvis\src\Jarvis.Core\Jarvis.Core.csproj" on node 1 (default targets).
     1>Target "_CheckForUnsupportedTargetFramework" skipped, due to false condition; ('$(_UnsupportedTargetFrameworkError)' == 'true') was evaluated as ('' == 'true').
     1>Target "_CollectTargetFrameworkForTelemetry" in file "C:\Users\NoahR\OneDrive\Desktop\Jarvis\tools\dotnet\sdk\8.0.400\Sdks\Microsoft.NET.Sdk\targets\Microsoft.NET.TargetFrameworkInference.targets" from project "C:\Users\NoahR\OneDrive\Desktop\Jarvis\src\Jarvis.Core\Jarvis.Core.csproj" (target "_CheckForInvalidConfigurationAndPlatform" depends on it):
       Using "AllowEmptyTelemetry" task from assembly "C:\Users\NoahR\OneDrive\Desktop\Jarvis\tools\dotnet\sdk\8.0.400\Sdks\Microsoft.NET.Sdk\targets\..\tools\net8.0\Microsoft.NET.Build.Tasks.dll".
       Task "AllowEmptyTelemetry"
       Done executing task "AllowEmptyTelemetry".
     1>Done building target "_CollectTargetFrameworkForTelemetry" in project "Jarvis.Core.csproj".
       Target "_CheckForUnsupportedTargetPlatformIdentifier" skipped, due to false condition; ('$(TargetPlatformIdentifier)' != '' and '$(TargetFrameworkIdentifier)' == '.NETCoreApp' and $([MSBuild]::VersionGreaterThanOrEquals($(TargetFrameworkVersion), 5.0)) And ('$(DesignTimeBuild)' != 'true' Or '@(MissingWorkloadPack)' == '')) was evaluated as ('' != '' and '.NETCoreApp' == '.NETCoreApp' and True And ('' != 'true' Or '' == '')).
       Target "_CheckForMissingWorkload" skipped, due to false condition; ('@(MissingWorkloadPack)' != '' And '$(DesignTimeBuild)' != 'true') was evaluated as ('' != '' And '' != 'true').
     1>Target "_CheckForUnsupportedNETCoreVersion" in file "C:\Users\NoahR\OneDrive\Desktop\Jarvis\tools\dotnet\sdk\8.0.400\Sdks\Microsoft.NET.Sdk\targets\Microsoft.NET.TargetFrameworkInference.targets" from project "C:\Users\NoahR\OneDrive\Desktop\Jarvis\src\Jarvis.Core\Jarvis.Core.csproj" (target "_CheckForInvalidConfigurationAndPlatform" depends on it):
       Task "NETSdkError" skipped, due to false condition; ('$(_TargetFrameworkVersionWithoutV)' > '$(NETCoreAppMaximumVersion)' and '$(DisplayVSMessage)' != 'true') was evaluated as ('8.0' > '8.0' and '' != 'true').
       Task "NETSdkError" skipped, due to false condition; ('$(DisplayVSMessage)' == 'true') was evaluated as ('' == 'true').
     1>Done building target "_CheckForUnsupportedNETCoreVersion" in project "Jarvis.Core.csproj".
       Target "_CheckForEolTargetFrameworks" skipped, due to false condition; ('@(_EolNetCoreTargetFrameworkVersions->AnyHaveMetadataValue('Identity', '$(_TargetFrameworkVersionWithoutV)'))' and '$(TargetFrameworkIdentifier)' == '.NETCoreApp' and '$(CheckEolTargetFramework)' == 'true') was evaluated as ('false' and '.NETCoreApp' == '.NETCoreApp' and '' == 'true').
       Target "_CheckForEolWorkloads" skipped, due to false condition; ('@(EolWorkload)' != '' and '$(CheckEolWorkloads)' == 'true') was evaluated as ('' != '' and 'true' == 'true').
     1>Target "_CheckForUnsupportedCppNETCoreVersion" in file "C:\Users\NoahR\OneDrive\Desktop\Jarvis\tools\dotnet\sdk\8.0.400\Sdks\Microsoft.NET.Sdk\targets\Microsoft.NET.TargetFrameworkInference.targets" from project "C:\Users\NoahR\OneDrive\Desktop\Jarvis\src\Jarvis.Core\Jarvis.Core.csproj" (target "_CheckForInvalidConfigurationAndPlatform" depends on it):
       Task "NETSdkError" skipped, due to false condition; ('$(TargetFrameworkIdentifier)' == '.NETCoreApp' and '$(_TargetFrameworkVersionWithoutV)' < '3.1' and ('$(Language)' == 'C++' and '$(_EnablePackageReferencesInVCProjects)' != 'true')) was evaluated as ('.NETCoreApp' == '.NETCoreApp' and '8.0' < '3.1' and ('C#' == 'C++' and '' != 'true')).
     1>Done building target "_CheckForUnsupportedCppNETCoreVersion" in project "Jarvis.Core.csproj".
       Target "_CheckForUnsupportedNETStandardVersion" skipped, due to false condition; ('$(TargetFrameworkIdentifier)' == '.NETStandard' And '$(NETStandardMaximumVersion)' != '') was evaluated as ('.NETCoreApp' == '.NETStandard' And '' != '').
       Target "_CheckForUnsupportedTargetFrameworkAndFeatureCombination" skipped, due to false condition; ('$(TargetFrameworkIdentifier)' == '.NETFramework') was evaluated as ('.NETCoreApp' == '.NETFramework').
       Target "_CheckForSupportedOSPlatformVersionHigherThanTargetPlatformVersion" skipped, due to false condition; ('$(TargetPlatformVersion)' != '' and '$(TargetFrameworkIdentifier)' == '.NETCoreApp' and $([MSBuild]::VersionGreaterThanOrEquals($(TargetFrameworkVersion), 5.0))) was evaluated as ('' != '' and '.NETCoreApp' == '.NETCoreApp' and True).
       Target "_CheckForInvalidTargetPlatformVersion" skipped, due to false condition; ('$(TargetPlatformVersion)' != '' and '$(TargetFrameworkIdentifier)' == '.NETCoreApp' and $([MSBuild]::VersionGreaterThanOrEquals($(TargetFrameworkVersion), 5.0)) and ('$(Language)' != 'C++' or '$(_EnablePackageReferencesInVCProjects)' == 'true')) was evaluated as ('' != '' and '.NETCoreApp' == '.NETCoreApp' and True and ('C#' != 'C++' or '' == 'true')).
     1>Target "_CheckForUnsupportedArtifactsPath" in file "C:\Users\NoahR\OneDrive\Desktop\Jarvis\tools\dotnet\sdk\8.0.400\Sdks\Microsoft.NET.Sdk\targets\Microsoft.NET.DefaultOutputPaths.targets" from project "C:\Users\NoahR\OneDrive\Desktop\Jarvis\src\Jarvis.Core\Jarvis.Core.csproj" (target "_CheckForInvalidConfigurationAndPlatform" depends on it):
       Task "NetSdkError" skipped, due to false condition; ('$(UseArtifactsOutput)' == 'true' and '$(_ArtifactsPathSetEarly)' != 'true') was evaluated as ('' == 'true' and '' != 'true').
       Task "NetSdkError" skipped, due to false condition; ('$(_ArtifactsPathLocationType)' == 'ProjectFolder') was evaluated as ('' == 'ProjectFolder').
     1>Done building target "_CheckForUnsupportedArtifactsPath" in project "Jarvis.Core.csproj".
       Target "_CheckForMissingWorkload" skipped, due to false condition; ('@(MissingWorkloadPack)' != '' And '$(DesignTimeBuild)' != 'true') was evaluated as ('' != '' And '' != 'true').
       Target "_CheckForUnsupportedAppHostUsage" skipped, due to false condition; ('$(TargetFrameworkIdentifier)' == '.NETCoreApp' and '$(HasRuntimeOutput)' == 'true') was evaluated as ('.NETCoreApp' == '.NETCoreApp' and '' == 'true').
     1>Target "_CheckForUnsupportedHostingUsage" in file "C:\Users\NoahR\OneDrive\Desktop\Jarvis\tools\dotnet\sdk\8.0.400\Sdks\Microsoft.NET.Sdk\targets\Microsoft.NET.RuntimeIdentifierInference.targets" from project "C:\Users\NoahR\OneDrive\Desktop\Jarvis\src\Jarvis.Core\Jarvis.Core.csproj" (target "_CheckForInvalidConfigurationAndPlatform" depends on it):
       Task "NETSdkWarning" skipped, due to false condition; ('$(SelfContained)' == 'true' and '$(EnableComHosting)' == 'true') was evaluated as ('' == 'true' and '' == 'true').
     1>Done building target "_CheckForUnsupportedHostingUsage" in project "Jarvis.Core.csproj".
     1>Target "_CheckAndUnsetUnsupportedPrefer32Bit" in file "C:\Users\NoahR\OneDrive\Desktop\Jarvis\tools\dotnet\sdk\8.0.400\Sdks\Microsoft.NET.Sdk\targets\Microsoft.NET.RuntimeIdentifierInference.targets" from project "C:\Users\NoahR\OneDrive\Desktop\Jarvis\src\Jarvis.Core\Jarvis.Core.csproj" (target "_CheckForInvalidConfigurationAndPlatform" depends on it):
       Task "NETSdkWarning" skipped, due to false condition; ('$(Prefer32Bit)' == 'true') was evaluated as ('false' == 'true').
     1>Done building target "_CheckAndUnsetUnsupportedPrefer32Bit" in project "Jarvis.Core.csproj".
       Target "_CheckForMismatchingPlatform" skipped, due to false condition; ('$(RuntimeIdentifier)' != '' and '$(PlatformTarget)' != '') was evaluated as ('' != '' and '' != '').
     1>Target "_CheckForLanguageAndFeatureCombinationSupport" in file "C:\Users\NoahR\OneDrive\Desktop\Jarvis\tools\dotnet\sdk\8.0.400\Sdks\Microsoft.NET.Sdk\targets\Microsoft.NET.RuntimeIdentifierInference.targets" from project "C:\Users\NoahR\OneDrive\Desktop\Jarvis\src\Jarvis.Core\Jarvis.Core.csproj" (target "_CheckForInvalidConfigurationAndPlatform" depends on it):
       Task "NETSdkError" skipped, due to false condition; (('$(Language)' == 'C++' and '$(_EnablePackageReferencesInVCProjects)' != 'true') and $(OutputType) != 'library' and '$(TargetFrameworkIdentifier)' == '.NETCoreApp') was evaluated as (('C#' == 'C++' and '' != 'true') and Library != 'library' and '.NETCoreApp' == '.NETCoreApp').
       Task "NETSdkError" skipped, due to false condition; (('$(Language)' == 'C++' and '$(_EnablePackageReferencesInVCProjects)' != 'true') and $(EnableComHosting) == 'true') was evaluated as (('C#' == 'C++' and '' != 'true') and  == 'true').
       Task "NETSdkError" skipped, due to false condition; (('$(Language)' == 'C++' and '$(_EnablePackageReferencesInVCProjects)' != 'true') and $(SelfContained) == 'true') was evaluated as (('C#' == 'C++' and '' != 'true') and  == 'true').
     1>Done building target "_CheckForLanguageAndFeatureCombinationSupport" in project "Jarvis.Core.csproj".
       Target "_CheckForNETCoreSdkIsPreview" skipped, due to false condition; ( '$(_NETCoreSdkIsPreview)' == 'true' AND '$(SuppressNETCoreSdkPreviewMessage)' != 'true' ) was evaluated as ( 'false' == 'true' AND '' != 'true' ).
     1>Target "_GetProjectJsonPath" in file "C:\Users\NoahR\OneDrive\Desktop\Jarvis\tools\dotnet\sdk\8.0.400\NuGet.targets" from project "C:\Users\NoahR\OneDrive\Desktop\Jarvis\src\Jarvis.Core\Jarvis.Core.csproj" (target "_GetRestoreProjectStyle" depends on it):
       Task "GetRestoreProjectJsonPathTask" skipped, due to false condition; ( '$(RestoreProjectStyle)' == 'ProjectJson' OR '$(RestoreProjectStyle)' == '' ) was evaluated as ( 'PackageReference' == 'ProjectJson' OR 'PackageReference' == '' ).
     1>Done building target "_GetProjectJsonPath" in project "Jarvis.Core.csproj".
       Target "_CheckForUnsupportedTargetPlatformIdentifier" skipped, due to false condition; ('$(TargetPlatformIdentifier)' != '' and '$(TargetFrameworkIdentifier)' == '.NETCoreApp' and $([MSBuild]::VersionGreaterThanOrEquals($(TargetFrameworkVersion), 5.0)) And ('$(DesignTimeBuild)' != 'true' Or '@(MissingWorkloadPack)' == '')) was evaluated as ('' != '' and '.NETCoreApp' == '.NETCoreApp' and True And ('' != 'true' Or '' == '')).
       Target "_CheckForMissingWorkload" skipped, due to false condition; ('@(MissingWorkloadPack)' != '' And '$(DesignTimeBuild)' != 'true') was evaluated as ('' != '' And '' != 'true').
       Target "_CheckForUnsupportedNETStandardVersion" skipped, due to false condition; ('$(TargetFrameworkIdentifier)' == '.NETStandard' And '$(NETStandardMaximumVersion)' != '') was evaluated as ('.NETCoreApp' == '.NETStandard' And '' != '').
       Target "_CheckForUnsupportedTargetFrameworkAndFeatureCombination" skipped, due to false condition; ('$(TargetFrameworkIdentifier)' == '.NETFramework') was evaluated as ('.NETCoreApp' == '.NETFramework').
       Target "ApplyImplicitVersions" skipped, due to false condition; ('@(PackageReference)' != '') was evaluated as ('' != '').
       Target "IncludeTargetingPackReference" skipped, due to false condition; ('$(TargetFrameworkMoniker)' != '' and '$(TargetFrameworkIdentifier)' == '.NETFramework' and '$(AutomaticallyUseReferenceAssemblyPackages)' == 'true') was evaluated as ('.NETCoreApp,Version=v8.0' != '' and '.NETCoreApp' == '.NETFramework' and 'true' == 'true').
     1>Target "CheckForImplicitPackageReferenceOverrides" in file "C:\Users\NoahR\OneDrive\Desktop\Jarvis\tools\dotnet\sdk\8.0.400\Sdks\Microsoft.NET.Sdk\targets\Microsoft.NET.Sdk.DefaultItems.Shared.targets" from project "C:\Users\NoahR\OneDrive\Desktop\Jarvis\src\Jarvis.Core\Jarvis.Core.csproj" (target "CollectPackageReferences" depends on it):
       Using "CheckForImplicitPackageReferenceOverrides" task from assembly "C:\Users\NoahR\OneDrive\Desktop\Jarvis\tools\dotnet\sdk\8.0.400\Sdks\Microsoft.NET.Sdk\targets\..\tools\net8.0\Microsoft.NET.Build.Tasks.dll".
       Task "CheckForImplicitPackageReferenceOverrides"
       Done executing task "CheckForImplicitPackageReferenceOverrides".
     1>Done building target "CheckForImplicitPackageReferenceOverrides" in project "Jarvis.Core.csproj".
       Target "AddWindowsSdkKnownFrameworkReferences" skipped, due to false condition; ('$(TargetFrameworkIdentifier)' == '.NETCoreApp' And '$(TargetPlatformIdentifier)' == 'Windows') was evaluated as ('.NETCoreApp' == '.NETCoreApp' And '' == 'Windows').
       Target "_NormalizeTargetPlatformVersion" skipped, due to false condition; ('$(TargetPlatformVersion)' != '' and '$(TargetFrameworkIdentifier)' == '.NETCoreApp' and $([MSBuild]::VersionGreaterThanOrEquals($(TargetFrameworkVersion), 5.0)) and ('$(Language)' != 'C++' or '$(_EnablePackageReferencesInVCProjects)' == 'true')) was evaluated as ('' != '' and '.NETCoreApp' == '.NETCoreApp' and True and ('C#' != 'C++' or '' == 'true')).
       Target "ApplyImplicitVersions" skipped, due to false condition; ('@(PackageReference)' != '') was evaluated as ('' != '').
     1>Target "_ComputeToolPackInputsToProcessFrameworkReferences" in file "C:\Users\NoahR\OneDrive\Desktop\Jarvis\tools\dotnet\sdk\8.0.400\Sdks\Microsoft.NET.Sdk\targets\Microsoft.NET.Publish.targets" from project "C:\Users\NoahR\OneDrive\Desktop\Jarvis\src\Jarvis.Core\Jarvis.Core.csproj" (target "ProcessFrameworkReferences" depends on it):
     1>Done building target "_ComputeToolPackInputsToProcessFrameworkReferences" in project "Jarvis.Core.csproj".
     1>Target "ProcessFrameworkReferences" in file "C:\Users\NoahR\OneDrive\Desktop\Jarvis\tools\dotnet\sdk\8.0.400\Sdks\Microsoft.NET.Sdk\targets\Microsoft.NET.Sdk.FrameworkReferenceResolution.targets" from project "C:\Users\NoahR\OneDrive\Desktop\Jarvis\src\Jarvis.Core\Jarvis.Core.csproj" (target "CollectPackageReferences" depends on it):
       Using "CheckForDuplicateFrameworkReferences" task from assembly "C:\Users\NoahR\OneDrive\Desktop\Jarvis\tools\dotnet\sdk\8.0.400\Sdks\Microsoft.NET.Sdk\targets\..\tools\net8.0\Microsoft.NET.Build.Tasks.dll".
       Task "CheckForDuplicateFrameworkReferences"
       Done executing task "CheckForDuplicateFrameworkReferences".
       Using "ProcessFrameworkReferences" task from assembly "C:\Users\NoahR\OneDrive\Desktop\Jarvis\tools\dotnet\sdk\8.0.400\Sdks\Microsoft.NET.Sdk\targets\..\tools\net8.0\Microsoft.NET.Build.Tasks.dll".
       Task "ProcessFrameworkReferences"
       Done executing task "ProcessFrameworkReferences".
       Using "ResolveAppHosts" task from assembly "C:\Users\NoahR\OneDrive\Desktop\Jarvis\tools\dotnet\sdk\8.0.400\Sdks\Microsoft.NET.Sdk\targets\..\tools\net8.0\Microsoft.NET.Build.Tasks.dll".
       Task "ResolveAppHosts"
       Done executing task "ResolveAppHosts".
     1>Done building target "ProcessFrameworkReferences" in project "Jarvis.Core.csproj".
       Target "IncludeTargetingPackReference" skipped, due to false condition; ('$(TargetFrameworkMoniker)' != '' and '$(TargetFrameworkIdentifier)' == '.NETFramework' and '$(AutomaticallyUseReferenceAssemblyPackages)' == 'true') was evaluated as ('.NETCoreApp,Version=v8.0' != '' and '.NETCoreApp' == '.NETFramework' and 'true' == 'true').
     1>Target "_AddMicrosoftNetCompilerToolsetFrameworkPackage" in file "C:\Users\NoahR\OneDrive\Desktop\Jarvis\tools\dotnet\sdk\8.0.400\Sdks\Microsoft.NET.Sdk\targets\Microsoft.NET.Sdk.targets" from project "C:\Users\NoahR\OneDrive\Desktop\Jarvis\src\Jarvis.Core\Jarvis.Core.csproj" (target "CollectPackageReferences" depends on it):
       Task "NETSdkWarning" skipped, due to false condition; ('@(PackageReference->AnyHaveMetadataValue('Identity', 'Microsoft.Net.Compilers.Toolset.Framework'))' == 'true') was evaluated as ('false' == 'true').
     1>Done building target "_AddMicrosoftNetCompilerToolsetFrameworkPackage" in project "Jarvis.Core.csproj".
     1>Target "_CheckForObsoleteDotNetCliToolReferences" in file "C:\Users\NoahR\OneDrive\Desktop\Jarvis\tools\dotnet\sdk\8.0.400\Sdks\Microsoft.NET.Sdk\targets\Microsoft.NET.ObsoleteReferences.targets" from project "C:\Users\NoahR\OneDrive\Desktop\Jarvis\src\Jarvis.Core\Jarvis.Core.csproj" (target "CollectPackageReferences" depends on it):
       Task "NETSdkWarning" skipped, due to false condition; ( '%(_ReferenceToObsoleteDotNetCliTool.Identity)' != '' ) was evaluated as ( '' != '' ).
     1>Done building target "_CheckForObsoleteDotNetCliToolReferences" in project "Jarvis.Core.csproj".
     1>Target "CollectPackageReferences" in file "C:\Users\NoahR\OneDrive\Desktop\Jarvis\tools\dotnet\sdk\8.0.400\NuGet.targets" from project "C:\Users\NoahR\OneDrive\Desktop\Jarvis\src\Jarvis.Core\Jarvis.Core.csproj" (target "_GetRestoreProjectStyle" depends on it):
       Assembly loaded during TaskRun: NuGet.Build.Tasks, Version=6.11.0.122, Culture=neutral, PublicKeyToken=31bf3856ad364e35 (location: C:\Users\NoahR\OneDrive\Desktop\Jarvis\tools\dotnet\sdk\8.0.400\NuGet.Build.Tasks.dll, MVID: 4d404562-f83a-4395-9811-c805633a12f0, AssemblyLoadContext: MSBuild plugin C:\Users\NoahR\OneDrive\Desktop\Jarvis\tools\dotnet\sdk\8.0.400\NuGet.Build.Tasks.dll)
       Assembly loaded during TaskRun: NuGet.Common, Version=6.11.0.122, Culture=neutral, PublicKeyToken=31bf3856ad364e35 (location: C:\Users\NoahR\OneDrive\Desktop\Jarvis\tools\dotnet\sdk\8.0.400\NuGet.Common.dll, MVID: 697be56d-9006-4c0a-b9a6-da909188ab01, AssemblyLoadContext: MSBuild plugin C:\Users\NoahR\OneDrive\Desktop\Jarvis\tools\dotnet\sdk\8.0.400\NuGet.Build.Tasks.dll)
       Assembly loaded during TaskRun: NuGet.Commands, Version=6.11.0.122, Culture=neutral, PublicKeyToken=31bf3856ad364e35 (location: C:\Users\NoahR\OneDrive\Desktop\Jarvis\tools\dotnet\sdk\8.0.400\NuGet.Commands.dll, MVID: bfe959a7-94a1-4221-b49d-10e582ed92eb, AssemblyLoadContext: MSBuild plugin C:\Users\NoahR\OneDrive\Desktop\Jarvis\tools\dotnet\sdk\8.0.400\NuGet.Build.Tasks.dll)
       Assembly loaded during TaskRun: NuGet.ProjectModel, Version=6.11.0.122, Culture=neutral, PublicKeyToken=31bf3856ad364e35 (location: C:\Users\NoahR\OneDrive\Desktop\Jarvis\tools\dotnet\sdk\8.0.400\NuGet.ProjectModel.dll, MVID: 1cfdf709-3861-4966-acfd-bef9da616f95, AssemblyLoadContext: MSBuild plugin C:\Users\NoahR\OneDrive\Desktop\Jarvis\tools\dotnet\sdk\8.0.400\NuGet.Build.Tasks.dll)
       Using "CheckForDuplicateNuGetItemsTask" task from assembly "C:\Users\NoahR\OneDrive\Desktop\Jarvis\tools\dotnet\sdk\8.0.400\NuGet.Build.Tasks.dll".
       Task "CheckForDuplicateNuGetItemsTask"
       Done executing task "CheckForDuplicateNuGetItemsTask".
     1>Done building target "CollectPackageReferences" in project "Jarvis.Core.csproj".
     1>Target "_GetRestoreProjectStyle" in file "C:\Users\NoahR\OneDrive\Desktop\Jarvis\tools\dotnet\sdk\8.0.400\NuGet.targets" from project "C:\Users\NoahR\OneDrive\Desktop\Jarvis\src\Jarvis.Core\Jarvis.Core.csproj" (target "EnableIntermediateOutputPathMismatchWarning" depends on it):
       Using "GetRestoreProjectStyleTask" task from assembly "C:\Users\NoahR\OneDrive\Desktop\Jarvis\tools\dotnet\sdk\8.0.400\NuGet.Build.Tasks.dll".
       Task "GetRestoreProjectStyleTask"
       Done executing task "GetRestoreProjectStyleTask".
     1>Done building target "_GetRestoreProjectStyle" in project "Jarvis.Core.csproj".
     1>Target "EnableIntermediateOutputPathMismatchWarning" in file "C:\Users\NoahR\OneDrive\Desktop\Jarvis\tools\dotnet\sdk\8.0.400\NuGet.targets" from project "C:\Users\NoahR\OneDrive\Desktop\Jarvis\src\Jarvis.Core\Jarvis.Core.csproj" (target "_CheckForInvalidConfigurationAndPlatform" depends on it):
     1>Done building target "EnableIntermediateOutputPathMismatchWarning" in project "Jarvis.Core.csproj".
       Target "ApplyImplicitVersions" skipped, due to false condition; ('@(PackageReference)' != '') was evaluated as ('' != '').
       Target "CheckForImplicitPackageReferenceOverrides" skipped. Previously built successfully.
     1>Target "CheckForDuplicateItems" in file "C:\Users\NoahR\OneDrive\Desktop\Jarvis\tools\dotnet\sdk\8.0.400\Sdks\Microsoft.NET.Sdk\targets\Microsoft.NET.Sdk.DefaultItems.Shared.targets" from project "C:\Users\NoahR\OneDrive\Desktop\Jarvis\src\Jarvis.Core\Jarvis.Core.csproj" (target "_CheckForInvalidConfigurationAndPlatform" depends on it):
       Using "CheckForDuplicateItems" task from assembly "C:\Users\NoahR\OneDrive\Desktop\Jarvis\tools\dotnet\sdk\8.0.400\Sdks\Microsoft.NET.Sdk\targets\..\tools\net8.0\Microsoft.NET.Build.Tasks.dll".
       Task "CheckForDuplicateItems"
       Done executing task "CheckForDuplicateItems".
       Task "CheckForDuplicateItems"
       Done executing task "CheckForDuplicateItems".
       Task "CheckForDuplicateItems"
       Done executing task "CheckForDuplicateItems".
     1>Done building target "CheckForDuplicateItems" in project "Jarvis.Core.csproj".
       Target "WarnForExplicitVersions" skipped, due to false condition; ('@(SdkBuildWarning)' != '') was evaluated as ('' != '').
       Target "_CheckForFailedSDKResolution" skipped, due to false condition; ('$(SdkResolverHonoredGlobalJson)' == 'false') was evaluated as ('' == 'false').
       Target "_WarnWhenUsingNET8AndVSPriorTo178" skipped, due to false condition; ($([MSBuild]::VersionLessThan($(MSBuildVersion), '17.8.0')) and '$(TargetFrameworkIdentifier)' == '.NETCoreApp' and $([MSBuild]::VersionGreaterThanOrEquals($(_TargetFrameworkVersionWithoutV), '8.0'))) was evaluated as (False and '.NETCoreApp' == '.NETCoreApp' and True).
       Target "_CheckForInvalidWindowsDesktopTargetingConfiguration" skipped, due to false condition; ('$(TargetFrameworkIdentifier)' == '.NETCoreApp' and $([MSBuild]::VersionGreaterThanOrEquals($(_TargetFrameworkVersionWithoutV), '5.0')) and ('$(UseWindowsForms)' == 'true' or '$(UseWPF)' == 'true')) was evaluated as ('.NETCoreApp' == '.NETCoreApp' and True and ('' == 'true' or '' == 'true')).
       Target "_CheckForUnnecessaryWindowsDesktopSDK" skipped, due to false condition; ('$(TargetFrameworkIdentifier)' == '.NETCoreApp' and $([MSBuild]::VersionGreaterThanOrEquals($(_TargetFrameworkVersionWithoutV), '5.0')) and '$(_MicrosoftWindowsDesktopSdkImported)' == 'true' and '$(TargetFrameworks)' == '') was evaluated as ('.NETCoreApp' == '.NETCoreApp' and True and '' == 'true' and '' == '').
       Target "ProcessFrameworkReferences" skipped. Previously built successfully.
       Target "IncludeTargetingPackReference" skipped, due to false condition; ('$(TargetFrameworkMoniker)' != '' and '$(TargetFrameworkIdentifier)' == '.NETFramework' and '$(AutomaticallyUseReferenceAssemblyPackages)' == 'true') was evaluated as ('.NETCoreApp,Version=v8.0' != '' and '.NETCoreApp' == '.NETFramework' and 'true' == 'true').
     1>Target "_CheckForInvalidConfigurationAndPlatform" in file "C:\Users\NoahR\OneDrive\Desktop\Jarvis\tools\dotnet\sdk\8.0.400\Microsoft.Common.CurrentVersion.targets" from project "C:\Users\NoahR\OneDrive\Desktop\Jarvis\src\Jarvis.Core\Jarvis.Core.csproj" (target "BeforeBuild" depends on it):
       Task "Error" skipped, due to false condition; ( '$(_InvalidConfigurationError)' == 'true' ) was evaluated as ( '' == 'true' ).
       Task "Warning" skipped, due to false condition; ( '$(_InvalidConfigurationWarning)' == 'true' ) was evaluated as ( '' == 'true' ).
       Using "Message" task from assembly "Microsoft.Build.Tasks.Core, Version=15.1.0.0, Culture=neutral, PublicKeyToken=b03f5f7f11d50a3a".
       Task "Message"
         Configuration=Release
       Done executing task "Message".
       Task "Message"
         Platform=AnyCPU
       Done executing task "Message".
       Task "Error" skipped, due to false condition; ('$(OutDir)' != '' and !HasTrailingSlash('$(OutDir)')) was evaluated as ('bin\Release\net8.0\' != '' and !HasTrailingSlash('bin\Release\net8.0\')).
       Task "Error" skipped, due to false condition; ('$(IntermediateOutputPath)' != '' and !HasTrailingSlash('$(IntermediateOutputPath)')) was evaluated as ('obj\Release\net8.0\' != '' and !HasTrailingSlash('obj\Release\net8.0\')).
       Task "Error" skipped, due to false condition; ('$(BaseIntermediateOutputPath)' != '' and !HasTrailingSlash('$(BaseIntermediateOutputPath)')) was evaluated as ('obj\' != '' and !HasTrailingSlash('obj\')).
       Task "MSBuildInternalMessage" skipped, due to false condition; ( '$(Prefer32Bit)' == 'true' and '$(PreferNativeArm64)' == 'true' ) was evaluated as ( 'false' == 'true' and '' == 'true' ).
       Task "MSBuildInternalMessage" skipped, due to false condition; ( '$(NoWin32Manifest)' == 'true' and '$(PreferNativeArm64)' == 'true' ) was evaluated as ( '' == 'true' and '' == 'true' ).
       Task "MSBuildInternalMessage" skipped, due to false condition; ( '$(PreferNativeArm64)' == 'true' and '$(Platform)' != 'AnyCPU' ) was evaluated as ( '' == 'true' and 'AnyCPU' != 'AnyCPU' ).
       Task "Error" skipped, due to false condition; ( '$(_InitialMSBuildProjectExtensionsPath)' != '' And '$(MSBuildProjectExtensionsPath)' != '$(_InitialMSBuildProjectExtensionsPath)' ) was evaluated as ( 'C:\Users\NoahR\OneDrive\Desktop\Jarvis\src\Jarvis.Core\obj\' != '' And 'C:\Users\NoahR\OneDrive\Desktop\Jarvis\src\Jarvis.Core\obj\' != 'C:\Users\NoahR\OneDrive\Desktop\Jarvis\src\Jarvis.Core\obj\' ).
       Task "Warning" skipped, due to false condition; ( '$(EnableBaseIntermediateOutputPathMismatchWarning)' == 'true' And '$(_InitialBaseIntermediateOutputPath)' != '$(BaseIntermediateOutputPath)' And '$(BaseIntermediateOutputPath)' != '$(MSBuildProjectExtensionsPath)' ) was evaluated as ( 'true' == 'true' And 'obj\' != 'obj\' And 'obj\' != 'C:\Users\NoahR\OneDrive\Desktop\Jarvis\src\Jarvis.Core\obj\' ).
     1>Done building target "_CheckForInvalidConfigurationAndPlatform" in project "Jarvis.Core.csproj".
     1>Target "ValidateCommandLineProperties" in file "C:\Users\NoahR\OneDrive\Desktop\Jarvis\tools\dotnet\sdk\8.0.400\Sdks\Microsoft.NET.Sdk\targets\Microsoft.NET.Sdk.targets" from project "C:\Users\NoahR\OneDrive\Desktop\Jarvis\src\Jarvis.Core\Jarvis.Core.csproj" (target "BeforeBuild" depends on it):
     1>Done building target "ValidateCommandLineProperties" in project "Jarvis.Core.csproj".
     1>Target "BeforeBuild" in file "C:\Users\NoahR\OneDrive\Desktop\Jarvis\tools\dotnet\sdk\8.0.400\Microsoft.Common.CurrentVersion.targets" from project "C:\Users\NoahR\OneDrive\Desktop\Jarvis\src\Jarvis.Core\Jarvis.Core.csproj" (target "Build" depends on it):
     1>Done building target "BeforeBuild" in project "Jarvis.Core.csproj".
       Target "_CheckForBuildWithNoBuild" skipped, due to false condition; ('$(NoBuild)' == 'true' and '$(GeneratePackageOnBuild)' != 'true') was evaluated as ('' == 'true' and 'false' != 'true').
     1>Target "BuildOnlySettings" in file "C:\Users\NoahR\OneDrive\Desktop\Jarvis\tools\dotnet\sdk\8.0.400\Microsoft.Common.CurrentVersion.targets" from project "C:\Users\NoahR\OneDrive\Desktop\Jarvis\src\Jarvis.Core\Jarvis.Core.csproj" (target "CoreBuild" depends on it):
     1>Done building target "BuildOnlySettings" in project "Jarvis.Core.csproj".
       Target "_CheckForUnsupportedTargetFramework" skipped, due to false condition; ('$(_UnsupportedTargetFrameworkError)' == 'true') was evaluated as ('' == 'true').
       Target "_CheckForUnsupportedTargetPlatformIdentifier" skipped, due to false condition; ('$(TargetPlatformIdentifier)' != '' and '$(TargetFrameworkIdentifier)' == '.NETCoreApp' and $([MSBuild]::VersionGreaterThanOrEquals($(TargetFrameworkVersion), 5.0)) And ('$(DesignTimeBuild)' != 'true' Or '@(MissingWorkloadPack)' == '')) was evaluated as ('' != '' and '.NETCoreApp' == '.NETCoreApp' and True And ('' != 'true' Or '' == '')).
       Target "_CheckForMissingWorkload" skipped, due to false condition; ('@(MissingWorkloadPack)' != '' And '$(DesignTimeBuild)' != 'true') was evaluated as ('' != '' And '' != 'true').
     1>Target "GetFrameworkPaths" in file "C:\Users\NoahR\OneDrive\Desktop\Jarvis\tools\dotnet\sdk\8.0.400\Sdks\Microsoft.NET.Sdk\targets\Microsoft.NET.DisableStandardFrameworkResolution.targets" from project "C:\Users\NoahR\OneDrive\Desktop\Jarvis\src\Jarvis.Core\Jarvis.Core.csproj" (target "PrepareForBuild" depends on it):
     1>Done building target "GetFrameworkPaths" in project "Jarvis.Core.csproj".
       Target "_CheckForUnsupportedTargetFramework" skipped, due to false condition; ('$(_UnsupportedTargetFrameworkError)' == 'true') was evaluated as ('' == 'true').
       Target "_CheckForUnsupportedTargetPlatformIdentifier" skipped, due to false condition; ('$(TargetPlatformIdentifier)' != '' and '$(TargetFrameworkIdentifier)' == '.NETCoreApp' and $([MSBuild]::VersionGreaterThanOrEquals($(TargetFrameworkVersion), 5.0)) And ('$(DesignTimeBuild)' != 'true' Or '@(MissingWorkloadPack)' == '')) was evaluated as ('' != '' and '.NETCoreApp' == '.NETCoreApp' and True And ('' != 'true' Or '' == '')).
       Target "_CheckForMissingWorkload" skipped, due to false condition; ('@(MissingWorkloadPack)' != '' And '$(DesignTimeBuild)' != 'true') was evaluated as ('' != '' And '' != 'true').
     1>Target "GetReferenceAssemblyPaths" in file "C:\Users\NoahR\OneDrive\Desktop\Jarvis\tools\dotnet\sdk\8.0.400\Sdks\Microsoft.NET.Sdk\targets\Microsoft.NET.DisableStandardFrameworkResolution.targets" from project "C:\Users\NoahR\OneDrive\Desktop\Jarvis\src\Jarvis.Core\Jarvis.Core.csproj" (target "PrepareForBuild" depends on it):
     1>Done building target "GetReferenceAssemblyPaths" in project "Jarvis.Core.csproj".
       Target "AssignLinkMetadata" skipped, due to false condition; ( '$(SynthesizeLinkMetadata)' == 'true' ) was evaluated as ( '' == 'true' ).
       Target "_VerifyPackReleaseConfigurations" skipped, due to false condition; ('$(_IsPacking)' == 'true' and '$(DOTNET_CLI_DISABLE_PUBLISH_AND_PACK_RELEASE)' != 'true' and '$(DOTNET_CLI_LAZY_PUBLISH_AND_PACK_RELEASE_FOR_SOLUTIONS)' == 'true') was evaluated as ('' == 'true' and '' != 'true' and '' == 'true').
     1>Target "PrepareForBuild" in file "C:\Users\NoahR\OneDrive\Desktop\Jarvis\tools\dotnet\sdk\8.0.400\Microsoft.Common.CurrentVersion.targets" from project "C:\Users\NoahR\OneDrive\Desktop\Jarvis\src\Jarvis.Core\Jarvis.Core.csproj" (target "CoreBuild" depends on it):
       Using "FindAppConfigFile" task from assembly "Microsoft.Build.Tasks.Core, Version=15.1.0.0, Culture=neutral, PublicKeyToken=b03f5f7f11d50a3a".
       Task "FindAppConfigFile"
       Done executing task "FindAppConfigFile".
       Using "MakeDir" task from assembly "Microsoft.Build.Tasks.Core, Version=15.1.0.0, Culture=neutral, PublicKeyToken=b03f5f7f11d50a3a".
       Task "MakeDir"
       Done executing task "MakeDir".
     1>Done building target "PrepareForBuild" in project "Jarvis.Core.csproj".
     1>Target "GenerateGlobalUsings" in file "C:\Users\NoahR\OneDrive\Desktop\Jarvis\tools\dotnet\sdk\8.0.400\Sdks\Microsoft.NET.Sdk\targets\Microsoft.NET.GenerateGlobalUsings.targets" from project "C:\Users\NoahR\OneDrive\Desktop\Jarvis\src\Jarvis.Core\Jarvis.Core.csproj" (target "CoreBuild" depends on it):
       Using "GenerateGlobalUsings" task from assembly "C:\Users\NoahR\OneDrive\Desktop\Jarvis\tools\dotnet\sdk\8.0.400\Sdks\Microsoft.NET.Sdk\targets\..\tools\net8.0\Microsoft.NET.Build.Tasks.dll".
       Task "GenerateGlobalUsings"
       Done executing task "GenerateGlobalUsings".
       Using "WriteLinesToFile" task from assembly "Microsoft.Build.Tasks.Core, Version=15.1.0.0, Culture=neutral, PublicKeyToken=b03f5f7f11d50a3a".
       Task "WriteLinesToFile"
         Skipping write to file "obj\Release\net8.0\Jarvis.Core.GlobalUsings.g.cs" because content would not change.
       Done executing task "WriteLinesToFile".
     1>Done building target "GenerateGlobalUsings" in project "Jarvis.Core.csproj".
       Target "PreBuildEvent" skipped, due to false condition; ('$(PreBuildEvent)'!='') was evaluated as (''!='').
     1>Target "BeforeResolveReferences" in file "C:\Users\NoahR\OneDrive\Desktop\Jarvis\tools\dotnet\sdk\8.0.400\Microsoft.Common.CurrentVersion.targets" from project "C:\Users\NoahR\OneDrive\Desktop\Jarvis\src\Jarvis.Core\Jarvis.Core.csproj" (target "ResolveReferences" depends on it):
     1>Done building target "BeforeResolveReferences" in project "Jarvis.Core.csproj".
       Target "AssignProjectConfiguration" skipped, due to false condition; ('$(CurrentSolutionConfigurationContents)' != '' or '@(ProjectReference)'!='') was evaluated as ('' != '' or ''!='').
     1>Target "IgnoreJavaScriptOutputAssembly" in file "C:\Users\NoahR\OneDrive\Desktop\Jarvis\tools\dotnet\sdk\8.0.400\Microsoft.Common.CurrentVersion.targets" from project "C:\Users\NoahR\OneDrive\Desktop\Jarvis\src\Jarvis.Core\Jarvis.Core.csproj" (target "AssignProjectConfiguration" depends on it):
     1>Done building target "IgnoreJavaScriptOutputAssembly" in project "Jarvis.Core.csproj".
       Target "ProcessFrameworkReferences" skipped. Previously built successfully.
     1>Target "_DefaultMicrosoftNETPlatformLibrary" in file "C:\Users\NoahR\OneDrive\Desktop\Jarvis\tools\dotnet\sdk\8.0.400\Sdks\Microsoft.NET.Sdk\targets\Microsoft.NET.Sdk.Shared.targets" from project "C:\Users\NoahR\OneDrive\Desktop\Jarvis\src\Jarvis.Core\Jarvis.Core.csproj" (target "ResolvePackageAssets" depends on it):
     1>Done building target "_DefaultMicrosoftNETPlatformLibrary" in project "Jarvis.Core.csproj".
     1>Target "_ComputePackageReferencePublish" in file "C:\Users\NoahR\OneDrive\Desktop\Jarvis\tools\dotnet\sdk\8.0.400\Sdks\Microsoft.NET.Sdk\targets\Microsoft.NET.Sdk.Shared.targets" from project "C:\Users\NoahR\OneDrive\Desktop\Jarvis\src\Jarvis.Core\Jarvis.Core.csproj" (target "ResolvePackageAssets" depends on it):
     1>Done building target "_ComputePackageReferencePublish" in project "Jarvis.Core.csproj".
       Target "_ResolveCompilerVersion" skipped, due to false condition; ('$(CompilerApiVersion)' == '' And
                            ('$(Language)' == 'C#' Or '$(Language)' == 'VB') And
                            Exists('$(RoslynTargetsPath)\Microsoft.Build.Tasks.CodeAnalysis.dll')) was evaluated as ('roslyn4.11' == '' And
                            ('C#' == 'C#' Or 'C#' == 'VB') And
                            Exists('C:\Users\NoahR\OneDrive\Desktop\Jarvis\tools\dotnet\sdk\8.0.400\Roslyn\Microsoft.Build.Tasks.CodeAnalysis.dll')).
     1>Target "ResolvePackageAssets" in file "C:\Users\NoahR\OneDrive\Desktop\Jarvis\tools\dotnet\sdk\8.0.400\Sdks\Microsoft.NET.Sdk\targets\Microsoft.PackageDependencyResolution.targets" from project "C:\Users\NoahR\OneDrive\Desktop\Jarvis\src\Jarvis.Core\Jarvis.Core.csproj" (target "ResolveLockFileReferences" depends on it):
       Using "ResolvePackageAssets" task from assembly "C:\Users\NoahR\OneDrive\Desktop\Jarvis\tools\dotnet\sdk\8.0.400\Sdks\Microsoft.NET.Sdk\targets\..\tools\net8.0\Microsoft.NET.Build.Tasks.dll".
       Task "ResolvePackageAssets"
       Done executing task "ResolvePackageAssets".
     1>Done building target "ResolvePackageAssets" in project "Jarvis.Core.csproj".
       Target "AdjustDefaultPlatformTargetForNetFrameworkExeWithNoNativeCopyLocalItems" skipped, due to false condition; ('$(_UsingDefaultPlatformTarget)' == 'true' and
                            '$(_UsingDefaultRuntimeIdentifier)' == 'true') was evaluated as ('true' == 'true' and
                            '' == 'true').
       Target "_CheckForTransitiveWindowsDesktopDependencies" skipped, due to false condition; ('$(TargetFrameworkIdentifier)' == '.NETCoreApp' and $([MSBuild]::VersionGreaterThanOrEquals($(_TargetFrameworkVersionWithoutV), '5.0')) and '$(TargetPlatformIdentifier)' != 'Windows' and '@(TransitiveFrameworkReference)' != '') was evaluated as ('.NETCoreApp' == '.NETCoreApp' and True and '' != 'Windows' and '' != '').
       Target "AddTransitiveFrameworkReferences" skipped, due to false condition; ('@(TransitiveFrameworkReference)' != '') was evaluated as ('' != '').
     1>Target "ResolveLockFileReferences" in file "C:\Users\NoahR\OneDrive\Desktop\Jarvis\tools\dotnet\sdk\8.0.400\Sdks\Microsoft.NET.Sdk\targets\Microsoft.PackageDependencyResolution.targets" from project "C:\Users\NoahR\OneDrive\Desktop\Jarvis\src\Jarvis.Core\Jarvis.Core.csproj" (target "ResolvePackageDependenciesForBuild" depends on it):
       Using "JoinItems" task from assembly "C:\Users\NoahR\OneDrive\Desktop\Jarvis\tools\dotnet\sdk\8.0.400\Sdks\Microsoft.NET.Sdk\targets\..\tools\net8.0\Microsoft.NET.Build.Tasks.dll".
       Task "JoinItems"
       Done executing task "JoinItems".
     1>Done building target "ResolveLockFileReferences" in project "Jarvis.Core.csproj".
       Target "ResolvePackageAssets" skipped. Previously built successfully.
     1>Target "ResolveLockFileAnalyzers" in file "C:\Users\NoahR\OneDrive\Desktop\Jarvis\tools\dotnet\sdk\8.0.400\Sdks\Microsoft.NET.Sdk\targets\Microsoft.PackageDependencyResolution.targets" from project "C:\Users\NoahR\OneDrive\Desktop\Jarvis\src\Jarvis.Core\Jarvis.Core.csproj" (target "ResolvePackageDependenciesForBuild" depends on it):
     1>Done building target "ResolveLockFileAnalyzers" in project "Jarvis.Core.csproj".
       Target "ResolvePackageAssets" skipped. Previously built successfully.
       Target "RunProduceContentAssets" skipped, due to false condition; ('@(_ContentFilesToPreprocess)' != '' and '$(_CleaningWithoutRebuilding)' != 'true') was evaluated as ('' != '' and '' != 'true').
     1>Target "ResolveLockFileCopyLocalFiles" in file "C:\Users\NoahR\OneDrive\Desktop\Jarvis\tools\dotnet\sdk\8.0.400\Sdks\Microsoft.NET.Sdk\targets\Microsoft.PackageDependencyResolution.targets" from project "C:\Users\NoahR\OneDrive\Desktop\Jarvis\src\Jarvis.Core\Jarvis.Core.csproj" (target "ResolvePackageDependenciesForBuild" depends on it):
     1>Done building target "ResolveLockFileCopyLocalFiles" in project "Jarvis.Core.csproj".
       Target "ResolveRuntimePackAssets" skipped, due to false condition; ('@(RuntimePack)' != '') was evaluated as ('' != '').
       Target "RunProduceContentAssets" skipped, due to false condition; ('@(_ContentFilesToPreprocess)' != '' and '$(_CleaningWithoutRebuilding)' != 'true') was evaluated as ('' != '' and '' != 'true').
       Target "ResolvePackageAssets" skipped. Previously built successfully.
     1>Target "IncludeTransitiveProjectReferences" in file "C:\Users\NoahR\OneDrive\Desktop\Jarvis\tools\dotnet\sdk\8.0.400\Sdks\Microsoft.NET.Sdk\targets\Microsoft.PackageDependencyResolution.targets" from project "C:\Users\NoahR\OneDrive\Desktop\Jarvis\src\Jarvis.Core\Jarvis.Core.csproj" (target "ResolvePackageDependenciesForBuild" depends on it):
     1>Done building target "IncludeTransitiveProjectReferences" in project "Jarvis.Core.csproj".
     1>Target "ResolvePackageDependenciesForBuild" in file "C:\Users\NoahR\OneDrive\Desktop\Jarvis\tools\dotnet\sdk\8.0.400\Sdks\Microsoft.NET.Sdk\targets\Microsoft.PackageDependencyResolution.targets" from project "C:\Users\NoahR\OneDrive\Desktop\Jarvis\src\Jarvis.Core\Jarvis.Core.csproj" (target "AssignProjectConfiguration" depends on it):
     1>Done building target "ResolvePackageDependenciesForBuild" in project "Jarvis.Core.csproj".
       Target "AssignProjectConfiguration" skipped, due to false condition; ('$(CurrentSolutionConfigurationContents)' != '' or '@(ProjectReference)'!='') was evaluated as ('' != '' or ''!='').
     1>Target "_SplitProjectReferencesByFileExistence" in file "C:\Users\NoahR\OneDrive\Desktop\Jarvis\tools\dotnet\sdk\8.0.400\Microsoft.Common.CurrentVersion.targets" from project "C:\Users\NoahR\OneDrive\Desktop\Jarvis\src\Jarvis.Core\Jarvis.Core.csproj" (target "PrepareProjectReferences" depends on it):
       Task "ResolveNonMSBuildProjectOutput" skipped, due to false condition; ('$(BuildingInsideVisualStudio)'=='true' and '@(ProjectReferenceWithConfiguration)'!='') was evaluated as (''=='true' and ''!='').
     1>Done building target "_SplitProjectReferencesByFileExistence" in project "Jarvis.Core.csproj".
     1>Target "_AddOutputPathToGlobalPropertiesToRemove" in file "C:\Users\NoahR\OneDrive\Desktop\Jarvis\tools\dotnet\sdk\8.0.400\Microsoft.Common.CurrentVersion.targets" from project "C:\Users\NoahR\OneDrive\Desktop\Jarvis\src\Jarvis.Core\Jarvis.Core.csproj" (target "_GetProjectReferenceTargetFrameworkProperties" depends on it):
     1>Done building target "_AddOutputPathToGlobalPropertiesToRemove" in project "Jarvis.Core.csproj".
     1>Target "_GetProjectReferenceTargetFrameworkProperties" in file "C:\Users\NoahR\OneDrive\Desktop\Jarvis\tools\dotnet\sdk\8.0.400\Microsoft.Common.CurrentVersion.targets" from project "C:\Users\NoahR\OneDrive\Desktop\Jarvis\src\Jarvis.Core\Jarvis.Core.csproj" (target "PrepareProjectReferences" depends on it):
       Using "MSBuild" task from assembly "Microsoft.Build.Tasks.Core, Version=15.1.0.0, Culture=neutral, PublicKeyToken=b03f5f7f11d50a3a".
       Task "MSBuild"
       Done executing task "MSBuild".
       Task "MSBuild" skipped, due to false condition; ('%(_MSBuildProjectReferenceExistent.SkipGetTargetFrameworkProperties)' != 'true' and '$(EnableDynamicPlatformResolution)' == 'true') was evaluated as ('' != 'true' and '' == 'true').
       Task "GetReferenceNearestTargetFrameworkTask" skipped, due to false condition; ('@(_ProjectReferenceTargetFrameworkPossibilities)' != '' and '$(ReferringTargetFrameworkForProjectReferences)' != ''
                                                               And '$(GetReferenceNearestTargetFrameworkTaskSupportsTargetPlatformParameter)' == 'true' and '%(_ProjectReferenceTargetFrameworkPossibilities.IsVcxOrNativeProj)' != 'true') was evaluated as ('' != '' and '.NETCoreApp,Version=v8.0' != ''
                                                               And 'true' == 'true' and '' != 'true').
       Task "GetReferenceNearestTargetFrameworkTask" skipped, due to false condition; ('@(_ProjectReferenceTargetFrameworkPossibilities)' != '' and '$(ReferringTargetFrameworkForProjectReferences)' != ''
                                                               And '$(GetReferenceNearestTargetFrameworkTaskSupportsTargetPlatformParameter)' != 'true' and '%(_ProjectReferenceTargetFrameworkPossibilities.IsVcxOrNativeProj)' != 'true') was evaluated as ('' != '' and '.NETCoreApp,Version=v8.0' != ''
                                                               And 'true' != 'true' and '' != 'true').
       Using "SetRidAgnosticValueForProjects" task from assembly "Microsoft.Build.Tasks.Core, Version=15.1.0.0, Culture=neutral, PublicKeyToken=b03f5f7f11d50a3a".
       Task "SetRidAgnosticValueForProjects"
       Done executing task "SetRidAgnosticValueForProjects".
     1>Done building target "_GetProjectReferenceTargetFrameworkProperties" in project "Jarvis.Core.csproj".
     1>Target "ValidateExecutableReferences" in file "C:\Users\NoahR\OneDrive\Desktop\Jarvis\tools\dotnet\sdk\8.0.400\Sdks\Microsoft.NET.Sdk\targets\Microsoft.NET.Sdk.targets" from project "C:\Users\NoahR\OneDrive\Desktop\Jarvis\src\Jarvis.Core\Jarvis.Core.csproj" (target "PrepareProjectReferences" depends on it):
       Using "ValidateExecutableReferences" task from assembly "C:\Users\NoahR\OneDrive\Desktop\Jarvis\tools\dotnet\sdk\8.0.400\Sdks\Microsoft.NET.Sdk\targets\..\tools\net8.0\Microsoft.NET.Build.Tasks.dll".
       Task "ValidateExecutableReferences"
       Done executing task "ValidateExecutableReferences".
     1>Done building target "ValidateExecutableReferences" in project "Jarvis.Core.csproj".
       Target "_GetProjectReferencePlatformProperties" skipped, due to false condition; ('$(EnableDynamicPlatformResolution)' == 'true'
                            and '@(_MSBuildProjectReferenceExistent)' != '') was evaluated as ('' == 'true'
                            and '' != '').
     1>Target "PrepareProjectReferences" in file "C:\Users\NoahR\OneDrive\Desktop\Jarvis\tools\dotnet\sdk\8.0.400\Microsoft.Common.CurrentVersion.targets" from project "C:\Users\NoahR\OneDrive\Desktop\Jarvis\src\Jarvis.Core\Jarvis.Core.csproj" (target "ResolveProjectReferences" depends on it):
     1>Done building target "PrepareProjectReferences" in project "Jarvis.Core.csproj".
     1>Target "ResolveProjectReferences" in file "C:\Users\NoahR\OneDrive\Desktop\Jarvis\tools\dotnet\sdk\8.0.400\Microsoft.Common.CurrentVersion.targets" from project "C:\Users\NoahR\OneDrive\Desktop\Jarvis\src\Jarvis.Core\Jarvis.Core.csproj" (target "ResolveReferences" depends on it):
       Task "MSBuild" skipped, due to false condition; ('%(_MSBuildProjectReferenceExistent.BuildReference)' == 'true' and '@(ProjectReferenceWithConfiguration)' != '' and ('$(BuildingInsideVisualStudio)' == 'true' or '$(BuildProjectReferences)' != 'true') and '$(VisualStudioVersion)' != '10.0' and '@(_MSBuildProjectReferenceExistent)' != '') was evaluated as ('' == 'true' and '' != '' and ('' == 'true' or 'true' != 'true') and '17.0' != '10.0' and '' != '').
       Task "MSBuild" skipped, due to false condition; ('%(_MSBuildProjectReferenceExistent.BuildReference)' == 'true' and '@(ProjectReferenceWithConfiguration)' != '' and '$(BuildingInsideVisualStudio)' != 'true' and '$(BuildProjectReferences)' == 'true' and '@(_MSBuildProjectReferenceExistent)' != '') was evaluated as ('' == 'true' and '' != '' and '' != 'true' and 'true' == 'true' and '' != '').
       Task "MSBuild" skipped, due to false condition; ('%(_MSBuildProjectReferenceExistent.BuildReference)' == 'true' and '@(ProjectReferenceWithConfiguration)' != '' and '$(BuildingProject)' == 'true' and '@(_MSBuildProjectReferenceExistent)' != '') was evaluated as ('' == 'true' and '' != '' and 'true' == 'true' and '' != '').
       Task "Warning" skipped, due to false condition; ('@(ProjectReferenceWithConfiguration)' != '' and '@(_MSBuildProjectReferenceNonexistent)' != '') was evaluated as ('' != '' and '' != '').
     1>Done building target "ResolveProjectReferences" in project "Jarvis.Core.csproj".
       Target "FindInvalidProjectReferences" skipped, due to false condition; ('$(FindInvalidProjectReferences)' == 'true') was evaluated as ('' == 'true').
       Target "ResolveNativeReferences" skipped, due to false condition; ('@(NativeReference)'!='') was evaluated as (''!='').
       Target "ResolveProjectReferences" skipped. Previously built successfully.
       Target "FindInvalidProjectReferences" skipped, due to false condition; ('$(FindInvalidProjectReferences)' == 'true') was evaluated as ('' == 'true').
       Target "GetFrameworkPaths" skipped. Previously built successfully.
       Target "GetReferenceAssemblyPaths" skipped. Previously built successfully.
       Target "PrepareForBuild" skipped. Previously built successfully.
       Target "GetInstalledSDKLocations" skipped, due to false condition; ('@(SDKReference)' != '') was evaluated as ('' != '').
     1>Target "ResolveSDKReferences" in file "C:\Users\NoahR\OneDrive\Desktop\Jarvis\tools\dotnet\sdk\8.0.400\Microsoft.Common.CurrentVersion.targets" from project "C:\Users\NoahR\OneDrive\Desktop\Jarvis\src\Jarvis.Core\Jarvis.Core.csproj" (target "ResolveAssemblyReferences" depends on it):
       Task "ResolveSDKReference" skipped, due to false condition; ('@(SDKReference)'!='') was evaluated as (''!='').
     1>Done building target "ResolveSDKReferences" in project "Jarvis.Core.csproj".
       Target "ResolveSDKReferences" skipped. Previously built successfully.
     1>Target "ExpandSDKReferences" in file "C:\Users\NoahR\OneDrive\Desktop\Jarvis\tools\dotnet\sdk\8.0.400\Microsoft.Common.CurrentVersion.targets" from project "C:\Users\NoahR\OneDrive\Desktop\Jarvis\src\Jarvis.Core\Jarvis.Core.csproj" (target "ResolveAssemblyReferences" depends on it):
       Task "GetSDKReferenceFiles" skipped, due to false condition; ('@(ResolvedSDKReference)'!='') was evaluated as (''!='').
     1>Done building target "ExpandSDKReferences" in project "Jarvis.Core.csproj".
       Target "ResolvePackageDependenciesForBuild" skipped. Previously built successfully.
       Target "GetFrameworkPaths" skipped. Previously built successfully.
       Target "GetReferenceAssemblyPaths" skipped. Previously built successfully.
       Target "ProcessFrameworkReferences" skipped. Previously built successfully.
       Target "ResolvePackageAssets" skipped. Previously built successfully.
     1>Target "ResolveFrameworkReferences" in file "C:\Users\NoahR\OneDrive\Desktop\Jarvis\tools\dotnet\sdk\8.0.400\Sdks\Microsoft.NET.Sdk\targets\Microsoft.NET.Sdk.FrameworkReferenceResolution.targets" from project "C:\Users\NoahR\OneDrive\Desktop\Jarvis\src\Jarvis.Core\Jarvis.Core.csproj" (target "ResolveTargetingPackAssets" depends on it):
       Using "GetPackageDirectory" task from assembly "C:\Users\NoahR\OneDrive\Desktop\Jarvis\tools\dotnet\sdk\8.0.400\Sdks\Microsoft.NET.Sdk\targets\..\tools\net8.0\Microsoft.NET.Build.Tasks.dll".
       Task "GetPackageDirectory"
       Done executing task "GetPackageDirectory".
       Task "GetPackageDirectory"
       Done executing task "GetPackageDirectory".
       Task "GetPackageDirectory"
       Done executing task "GetPackageDirectory".
       Task "GetPackageDirectory"
       Done executing task "GetPackageDirectory".
       Task "GetPackageDirectory"
       Done executing task "GetPackageDirectory".
       Task "GetPackageDirectory"
       Done executing task "GetPackageDirectory".
       Task "GetPackageDirectory"
       Done executing task "GetPackageDirectory".
       Task "GetPackageDirectory"
       Done executing task "GetPackageDirectory".
       Task "GetPackageDirectory"
       Done executing task "GetPackageDirectory".
       Task "GetPackageDirectory"
       Done executing task "GetPackageDirectory".
       Using "ResolveFrameworkReferences" task from assembly "C:\Users\NoahR\OneDrive\Desktop\Jarvis\tools\dotnet\sdk\8.0.400\Sdks\Microsoft.NET.Sdk\targets\..\tools\net8.0\Microsoft.NET.Build.Tasks.dll".
       Task "ResolveFrameworkReferences"
       Done executing task "ResolveFrameworkReferences".
     1>Done building target "ResolveFrameworkReferences" in project "Jarvis.Core.csproj".
     1>Target "ResolveTargetingPackAssets" in file "C:\Users\NoahR\OneDrive\Desktop\Jarvis\tools\dotnet\sdk\8.0.400\Sdks\Microsoft.NET.Sdk\targets\Microsoft.NET.Sdk.FrameworkReferenceResolution.targets" from project "C:\Users\NoahR\OneDrive\Desktop\Jarvis\src\Jarvis.Core\Jarvis.Core.csproj" (target "_HandlePackageFileConflicts" depends on it):
       Using "ResolveTargetingPackAssets" task from assembly "C:\Users\NoahR\OneDrive\Desktop\Jarvis\tools\dotnet\sdk\8.0.400\Sdks\Microsoft.NET.Sdk\targets\..\tools\net8.0\Microsoft.NET.Build.Tasks.dll".
       Task "ResolveTargetingPackAssets"
       Done executing task "ResolveTargetingPackAssets".
     1>Done building target "ResolveTargetingPackAssets" in project "Jarvis.Core.csproj".
     1>Target "ResolveOffByDefaultAnalyzers" in file "C:\Users\NoahR\OneDrive\Desktop\Jarvis\tools\dotnet\sdk\8.0.400\Sdks\Microsoft.NET.Sdk\targets\Microsoft.NET.Sdk.FrameworkReferenceResolution.targets" from project "C:\Users\NoahR\OneDrive\Desktop\Jarvis\src\Jarvis.Core\Jarvis.Core.csproj" (target "_HandlePackageFileConflicts" depends on it):
     1>Done building target "ResolveOffByDefaultAnalyzers" in project "Jarvis.Core.csproj".
     1>Target "_HandlePackageFileConflicts" in file "C:\Users\NoahR\OneDrive\Desktop\Jarvis\tools\dotnet\sdk\8.0.400\Sdks\Microsoft.NET.Sdk\targets\Microsoft.NET.ConflictResolution.targets" from project "C:\Users\NoahR\OneDrive\Desktop\Jarvis\src\Jarvis.Core\Jarvis.Core.csproj" (target "ResolveAssemblyReferences" depends on it):
       Using "ResolvePackageFileConflicts" task from assembly "C:\Users\NoahR\OneDrive\Desktop\Jarvis\tools\dotnet\sdk\8.0.400\Sdks\Microsoft.NET.Sdk\targets\..\tools\net8.0\Microsoft.NET.Build.Tasks.dll".
       Task "ResolvePackageFileConflicts"
         Encountered conflict between 'Platform:mscorlib.dll' and 'Platform:mscorlib.dll'. Could not determine winner due to equal file and assembly versions.
         Encountered conflict between 'Platform:Microsoft.VisualBasic.dll' and 'Platform:Microsoft.VisualBasic.dll'. Could not determine winner due to equal file and assembly versions.
         Encountered conflict between 'Platform:System.dll' and 'Platform:System.dll'. Could not determine winner due to equal file and assembly versions.
         Encountered conflict between 'Platform:System.ComponentModel.DataAnnotations.dll' and 'Platform:System.ComponentModel.DataAnnotations.dll'. Could not determine winner due to equal file and assembly versions.
         Encountered conflict between 'Platform:System.Configuration.dll' and 'Platform:System.Configuration.dll'. Could not determine winner due to equal file and assembly versions.
         Encountered conflict between 'Platform:System.Core.dll' and 'Platform:System.Core.dll'. Could not determine winner due to equal file and assembly versions.
         Encountered conflict between 'Platform:System.Data.dll' and 'Platform:System.Data.dll'. Could not determine winner due to equal file and assembly versions.
         Encountered conflict between 'Platform:System.Drawing.dll' and 'Platform:System.Drawing.dll'. Could not determine winner due to equal file and assembly versions.
         Encountered conflict between 'Platform:System.IO.Compression.FileSystem.dll' and 'Platform:System.IO.Compression.FileSystem.dll'. Could not determine winner due to equal file and assembly versions.
         Encountered conflict between 'Platform:System.Net.dll' and 'Platform:System.Net.dll'. Could not determine winner due to equal file and assembly versions.
         Encountered conflict between 'Platform:System.Numerics.dll' and 'Platform:System.Numerics.dll'. Could not determine winner due to equal file and assembly versions.
         Encountered conflict between 'Platform:System.Runtime.Serialization.dll' and 'Platform:System.Runtime.Serialization.dll'. Could not determine winner due to equal file and assembly versions.
         Encountered conflict between 'Platform:System.Security.dll' and 'Platform:System.Security.dll'. Could not determine winner due to equal file and assembly versions.
         Encountered conflict between 'Platform:System.ServiceProcess.dll' and 'Platform:System.ServiceProcess.dll'. Could not determine winner due to equal file and assembly versions.
         Encountered conflict between 'Platform:System.ServiceModel.Web.dll' and 'Platform:System.ServiceModel.Web.dll'. Could not determine winner due to equal file and assembly versions.
         Encountered conflict between 'Platform:System.Transactions.dll' and 'Platform:System.Transactions.dll'. Could not determine winner due to equal file and assembly versions.
         Encountered conflict between 'Platform:System.Web.dll' and 'Platform:System.Web.dll'. Could not determine winner due to equal file and assembly versions.
         Encountered conflict between 'Platform:System.Windows.dll' and 'Platform:System.Windows.dll'. Could not determine winner due to equal file and assembly versions.
         Encountered conflict between 'Platform:System.Xml.dll' and 'Platform:System.Xml.dll'. Could not determine winner due to equal file and assembly versions.
         Encountered conflict between 'Platform:System.Xml.Serialization.dll' and 'Platform:System.Xml.Serialization.dll'. Could not determine winner due to equal file and assembly versions.
         Encountered conflict between 'Platform:System.Xml.Linq.dll' and 'Platform:System.Xml.Linq.dll'. Could not determine winner due to equal file and assembly versions.
         Encountered conflict between 'Platform:WindowsBase.dll' and 'Platform:WindowsBase.dll'. Could not determine winner due to equal file and assembly versions.
         Encountered conflict between 'Platform:netstandard.dll' and 'Platform:netstandard.dll'. Could not determine winner due to equal file and assembly versions.
         Encountered conflict between 'Platform:System.Private.CoreLib.dll' and 'Platform:System.Private.CoreLib.dll'. Could not determine winner due to equal file and assembly versions.
         Encountered conflict between 'Platform:System.Private.DataContractSerialization.dll' and 'Platform:System.Private.DataContractSerialization.dll'. Could not determine winner due to equal file and assembly versions.
         Encountered conflict between 'Platform:System.Private.Uri.dll' and 'Platform:System.Private.Uri.dll'. Could not determine winner due to equal file and assembly versions.
         Encountered conflict between 'Platform:System.Private.Xml.dll' and 'Platform:System.Private.Xml.dll'. Could not determine winner due to equal file and assembly versions.
         Encountered conflict between 'Platform:System.Private.Xml.Linq.dll' and 'Platform:System.Private.Xml.Linq.dll'. Could not determine winner due to equal file and assembly versions.
         Encountered conflict between 'Platform:mscordaccore_amd64_amd64_8.0.824.36612.dll' and 'Platform:mscordaccore_amd64_amd64_8.0.824.36612.dll'. Could not determine winner due to equal file and assembly versions.
       Done executing task "ResolvePackageFileConflicts".
     1>Done building target "_HandlePackageFileConflicts" in project "Jarvis.Core.csproj".
       Target "ResolveTargetingPackAssets" skipped. Previously built successfully.
     1>Target "ResolveAssemblyReferences" in file "C:\Users\NoahR\OneDrive\Desktop\Jarvis\tools\dotnet\sdk\8.0.400\Microsoft.Common.CurrentVersion.targets" from project "C:\Users\NoahR\OneDrive\Desktop\Jarvis\src\Jarvis.Core\Jarvis.Core.csproj" (target "ResolveReferences" depends on it):
       Using "ResolveAssemblyReference" task from assembly "Microsoft.Build.Tasks.Core, Version=15.1.0.0, Culture=neutral, PublicKeyToken=b03f5f7f11d50a3a".
       Task "ResolveAssemblyReference"
         TargetFrameworkMoniker:
             .NETCoreApp,Version=v8.0
         TargetFrameworkMonikerDisplayName:
             .NET 8.0
         TargetedRuntimeVersion:
             
         Assemblies:
             C:\Users\NoahR\OneDrive\Desktop\Jarvis\tools\dotnet\packs\Microsoft.NETCore.App.Ref\8.0.8\ref/net8.0/Microsoft.CSharp.dll
                 Private = 'false'
             C:\Users\NoahR\OneDrive\Desktop\Jarvis\tools\dotnet\packs\Microsoft.NETCore.App.Ref\8.0.8\ref/net8.0/Microsoft.VisualBasic.Core.dll
                 Private = 'false'
             C:\Users\NoahR\OneDrive\Desktop\Jarvis\tools\dotnet\packs\Microsoft.NETCore.App.Ref\8.0.8\ref/net8.0/Microsoft.VisualBasic.dll
                 Private = 'false'
             C:\Users\NoahR\OneDrive\Desktop\Jarvis\tools\dotnet\packs\Microsoft.NETCore.App.Ref\8.0.8\ref/net8.0/Microsoft.Win32.Primitives.dll
                 Private = 'false'
             C:\Users\NoahR\OneDrive\Desktop\Jarvis\tools\dotnet\packs\Microsoft.NETCore.App.Ref\8.0.8\ref/net8.0/Microsoft.Win32.Registry.dll
                 Private = 'false'
             C:\Users\NoahR\OneDrive\Desktop\Jarvis\tools\dotnet\packs\Microsoft.NETCore.App.Ref\8.0.8\ref/net8.0/System.AppContext.dll
                 Private = 'false'
             C:\Users\NoahR\OneDrive\Desktop\Jarvis\tools\dotnet\packs\Microsoft.NETCore.App.Ref\8.0.8\ref/net8.0/System.Buffers.dll
                 Private = 'false'
             C:\Users\NoahR\OneDrive\Desktop\Jarvis\tools\dotnet\packs\Microsoft.NETCore.App.Ref\8.0.8\ref/net8.0/System.Collections.Concurrent.dll
                 Private = 'false'
             C:\Users\NoahR\OneDrive\Desktop\Jarvis\tools\dotnet\packs\Microsoft.NETCore.App.Ref\8.0.8\ref/net8.0/System.Collections.Immutable.dll
                 Private = 'false'
             C:\Users\NoahR\OneDrive\Desktop\Jarvis\tools\dotnet\packs\Microsoft.NETCore.App.Ref\8.0.8\ref/net8.0/System.Collections.NonGeneric.dll
                 Private = 'false'
             C:\Users\NoahR\OneDrive\Desktop\Jarvis\tools\dotnet\packs\Microsoft.NETCore.App.Ref\8.0.8\ref/net8.0/System.Collections.Specialized.dll
                 Private = 'false'
             C:\Users\NoahR\OneDrive\Desktop\Jarvis\tools\dotnet\packs\Microsoft.NETCore.App.Ref\8.0.8\ref/net8.0/System.Collections.dll
                 Private = 'false'
             C:\Users\NoahR\OneDrive\Desktop\Jarvis\tools\dotnet\packs\Microsoft.NETCore.App.Ref\8.0.8\ref/net8.0/System.ComponentModel.Annotations.dll
                 Private = 'false'
             C:\Users\NoahR\OneDrive\Desktop\Jarvis\tools\dotnet\packs\Microsoft.NETCore.App.Ref\8.0.8\ref/net8.0/System.ComponentModel.DataAnnotations.dll
                 Private = 'false'
             C:\Users\NoahR\OneDrive\Desktop\Jarvis\tools\dotnet\packs\Microsoft.NETCore.App.Ref\8.0.8\ref/net8.0/System.ComponentModel.EventBasedAsync.dll
                 Private = 'false'
             C:\Users\NoahR\OneDrive\Desktop\Jarvis\tools\dotnet\packs\Microsoft.NETCore.App.Ref\8.0.8\ref/net8.0/System.ComponentModel.Primitives.dll
                 Private = 'false'
             C:\Users\NoahR\OneDrive\Desktop\Jarvis\tools\dotnet\packs\Microsoft.NETCore.App.Ref\8.0.8\ref/net8.0/System.ComponentModel.TypeConverter.dll
                 Private = 'false'
             C:\Users\NoahR\OneDrive\Desktop\Jarvis\tools\dotnet\packs\Microsoft.NETCore.App.Ref\8.0.8\ref/net8.0/System.ComponentModel.dll
                 Private = 'false'
             C:\Users\NoahR\OneDrive\Desktop\Jarvis\tools\dotnet\packs\Microsoft.NETCore.App.Ref\8.0.8\ref/net8.0/System.Configuration.dll
                 Private = 'false'
             C:\Users\NoahR\OneDrive\Desktop\Jarvis\tools\dotnet\packs\Microsoft.NETCore.App.Ref\8.0.8\ref/net8.0/System.Console.dll
                 Private = 'false'
             C:\Users\NoahR\OneDrive\Desktop\Jarvis\tools\dotnet\packs\Microsoft.NETCore.App.Ref\8.0.8\ref/net8.0/System.Core.dll
                 Private = 'false'
             C:\Users\NoahR\OneDrive\Desktop\Jarvis\tools\dotnet\packs\Microsoft.NETCore.App.Ref\8.0.8\ref/net8.0/System.Data.Common.dll
                 Private = 'false'
             C:\Users\NoahR\OneDrive\Desktop\Jarvis\tools\dotnet\packs\Microsoft.NETCore.App.Ref\8.0.8\ref/net8.0/System.Data.DataSetExtensions.dll
                 Private = 'false'
             C:\Users\NoahR\OneDrive\Desktop\Jarvis\tools\dotnet\packs\Microsoft.NETCore.App.Ref\8.0.8\ref/net8.0/System.Data.dll
                 Private = 'false'
             C:\Users\NoahR\OneDrive\Desktop\Jarvis\tools\dotnet\packs\Microsoft.NETCore.App.Ref\8.0.8\ref/net8.0/System.Diagnostics.Contracts.dll
                 Private = 'false'
             C:\Users\NoahR\OneDrive\Desktop\Jarvis\tools\dotnet\packs\Microsoft.NETCore.App.Ref\8.0.8\ref/net8.0/System.Diagnostics.Debug.dll
                 Private = 'false'
             C:\Users\NoahR\OneDrive\Desktop\Jarvis\tools\dotnet\packs\Microsoft.NETCore.App.Ref\8.0.8\ref/net8.0/System.Diagnostics.DiagnosticSource.dll
                 Private = 'false'
             C:\Users\NoahR\OneDrive\Desktop\Jarvis\tools\dotnet\packs\Microsoft.NETCore.App.Ref\8.0.8\ref/net8.0/System.Diagnostics.FileVersionInfo.dll
                 Private = 'false'
             C:\Users\NoahR\OneDrive\Desktop\Jarvis\tools\dotnet\packs\Microsoft.NETCore.App.Ref\8.0.8\ref/net8.0/System.Diagnostics.Process.dll
                 Private = 'false'
             C:\Users\NoahR\OneDrive\Desktop\Jarvis\tools\dotnet\packs\Microsoft.NETCore.App.Ref\8.0.8\ref/net8.0/System.Diagnostics.StackTrace.dll
                 Private = 'false'
             C:\Users\NoahR\OneDrive\Desktop\Jarvis\tools\dotnet\packs\Microsoft.NETCore.App.Ref\8.0.8\ref/net8.0/System.Diagnostics.TextWriterTraceListener.dll
                 Private = 'false'
             C:\Users\NoahR\OneDrive\Desktop\Jarvis\tools\dotnet\packs\Microsoft.NETCore.App.Ref\8.0.8\ref/net8.0/System.Diagnostics.Tools.dll
                 Private = 'false'
             C:\Users\NoahR\OneDrive\Desktop\Jarvis\tools\dotnet\packs\Microsoft.NETCore.App.Ref\8.0.8\ref/net8.0/System.Diagnostics.TraceSource.dll
                 Private = 'false'
             C:\Users\NoahR\OneDrive\Desktop\Jarvis\tools\dotnet\packs\Microsoft.NETCore.App.Ref\8.0.8\ref/net8.0/System.Diagnostics.Tracing.dll
                 Private = 'false'
             C:\Users\NoahR\OneDrive\Desktop\Jarvis\tools\dotnet\packs\Microsoft.NETCore.App.Ref\8.0.8\ref/net8.0/System.Drawing.Primitives.dll
                 Private = 'false'
             C:\Users\NoahR\OneDrive\Desktop\Jarvis\tools\dotnet\packs\Microsoft.NETCore.App.Ref\8.0.8\ref/net8.0/System.Drawing.dll
                 Private = 'false'
             C:\Users\NoahR\OneDrive\Desktop\Jarvis\tools\dotnet\packs\Microsoft.NETCore.App.Ref\8.0.8\ref/net8.0/System.Dynamic.Runtime.dll
                 Private = 'false'
             C:\Users\NoahR\OneDrive\Desktop\Jarvis\tools\dotnet\packs\Microsoft.NETCore.App.Ref\8.0.8\ref/net8.0/System.Formats.Asn1.dll
                 Private = 'false'
             C:\Users\NoahR\OneDrive\Desktop\Jarvis\tools\dotnet\packs\Microsoft.NETCore.App.Ref\8.0.8\ref/net8.0/System.Formats.Tar.dll
                 Private = 'false'
             C:\Users\NoahR\OneDrive\Desktop\Jarvis\tools\dotnet\packs\Microsoft.NETCore.App.Ref\8.0.8\ref/net8.0/System.Globalization.Calendars.dll
                 Private = 'false'
             C:\Users\NoahR\OneDrive\Desktop\Jarvis\tools\dotnet\packs\Microsoft.NETCore.App.Ref\8.0.8\ref/net8.0/System.Globalization.Extensions.dll
                 Private = 'false'
             C:\Users\NoahR\OneDrive\Desktop\Jarvis\tools\dotnet\packs\Microsoft.NETCore.App.Ref\8.0.8\ref/net8.0/System.Globalization.dll
                 Private = 'false'
             C:\Users\NoahR\OneDrive\Desktop\Jarvis\tools\dotnet\packs\Microsoft.NETCore.App.Ref\8.0.8\ref/net8.0/System.IO.Compression.Brotli.dll
                 Private = 'false'
             C:\Users\NoahR\OneDrive\Desktop\Jarvis\tools\dotnet\packs\Microsoft.NETCore.App.Ref\8.0.8\ref/net8.0/System.IO.Compression.FileSystem.dll
                 Private = 'false'
             C:\Users\NoahR\OneDrive\Desktop\Jarvis\tools\dotnet\packs\Microsoft.NETCore.App.Ref\8.0.8\ref/net8.0/System.IO.Compression.ZipFile.dll
                 Private = 'false'
             C:\Users\NoahR\OneDrive\Desktop\Jarvis\tools\dotnet\packs\Microsoft.NETCore.App.Ref\8.0.8\ref/net8.0/System.IO.Compression.dll
                 Private = 'false'
             C:\Users\NoahR\OneDrive\Desktop\Jarvis\tools\dotnet\packs\Microsoft.NETCore.App.Ref\8.0.8\ref/net8.0/System.IO.FileSystem.AccessControl.dll
                 Private = 'false'
             C:\Users\NoahR\OneDrive\Desktop\Jarvis\tools\dotnet\packs\Microsoft.NETCore.App.Ref\8.0.8\ref/net8.0/System.IO.FileSystem.DriveInfo.dll
                 Private = 'false'
             C:\Users\NoahR\OneDrive\Desktop\Jarvis\tools\dotnet\packs\Microsoft.NETCore.App.Ref\8.0.8\ref/net8.0/System.IO.FileSystem.Primitives.dll
                 Private = 'false'
             C:\Users\NoahR\OneDrive\Desktop\Jarvis\tools\dotnet\packs\Microsoft.NETCore.App.Ref\8.0.8\ref/net8.0/System.IO.FileSystem.Watcher.dll
                 Private = 'false'
             C:\Users\NoahR\OneDrive\Desktop\Jarvis\tools\dotnet\packs\Microsoft.NETCore.App.Ref\8.0.8\ref/net8.0/System.IO.FileSystem.dll
                 Private = 'false'
             C:\Users\NoahR\OneDrive\Desktop\Jarvis\tools\dotnet\packs\Microsoft.NETCore.App.Ref\8.0.8\ref/net8.0/System.IO.IsolatedStorage.dll
                 Private = 'false'
             C:\Users\NoahR\OneDrive\Desktop\Jarvis\tools\dotnet\packs\Microsoft.NETCore.App.Ref\8.0.8\ref/net8.0/System.IO.MemoryMappedFiles.dll
                 Private = 'false'
             C:\Users\NoahR\OneDrive\Desktop\Jarvis\tools\dotnet\packs\Microsoft.NETCore.App.Ref\8.0.8\ref/net8.0/System.IO.Pipes.AccessControl.dll
                 Private = 'false'
             C:\Users\NoahR\OneDrive\Desktop\Jarvis\tools\dotnet\packs\Microsoft.NETCore.App.Ref\8.0.8\ref/net8.0/System.IO.Pipes.dll
                 Private = 'false'
             C:\Users\NoahR\OneDrive\Desktop\Jarvis\tools\dotnet\packs\Microsoft.NETCore.App.Ref\8.0.8\ref/net8.0/System.IO.UnmanagedMemoryStream.dll
                 Private = 'false'
             C:\Users\NoahR\OneDrive\Desktop\Jarvis\tools\dotnet\packs\Microsoft.NETCore.App.Ref\8.0.8\ref/net8.0/System.IO.dll
                 Private = 'false'
             C:\Users\NoahR\OneDrive\Desktop\Jarvis\tools\dotnet\packs\Microsoft.NETCore.App.Ref\8.0.8\ref/net8.0/System.Linq.Expressions.dll
                 Private = 'false'
             C:\Users\NoahR\OneDrive\Desktop\Jarvis\tools\dotnet\packs\Microsoft.NETCore.App.Ref\8.0.8\ref/net8.0/System.Linq.Parallel.dll
                 Private = 'false'
             C:\Users\NoahR\OneDrive\Desktop\Jarvis\tools\dotnet\packs\Microsoft.NETCore.App.Ref\8.0.8\ref/net8.0/System.Linq.Queryable.dll
                 Private = 'false'
             C:\Users\NoahR\OneDrive\Desktop\Jarvis\tools\dotnet\packs\Microsoft.NETCore.App.Ref\8.0.8\ref/net8.0/System.Linq.dll
                 Private = 'false'
             C:\Users\NoahR\OneDrive\Desktop\Jarvis\tools\dotnet\packs\Microsoft.NETCore.App.Ref\8.0.8\ref/net8.0/System.Memory.dll
                 Private = 'false'
             C:\Users\NoahR\OneDrive\Desktop\Jarvis\tools\dotnet\packs\Microsoft.NETCore.App.Ref\8.0.8\ref/net8.0/System.Net.Http.Json.dll
                 Private = 'false'
             C:\Users\NoahR\OneDrive\Desktop\Jarvis\tools\dotnet\packs\Microsoft.NETCore.App.Ref\8.0.8\ref/net8.0/System.Net.Http.dll
                 Private = 'false'
             C:\Users\NoahR\OneDrive\Desktop\Jarvis\tools\dotnet\packs\Microsoft.NETCore.App.Ref\8.0.8\ref/net8.0/System.Net.HttpListener.dll
                 Private = 'false'
             C:\Users\NoahR\OneDrive\Desktop\Jarvis\tools\dotnet\packs\Microsoft.NETCore.App.Ref\8.0.8\ref/net8.0/System.Net.Mail.dll
                 Private = 'false'
             C:\Users\NoahR\OneDrive\Desktop\Jarvis\tools\dotnet\packs\Microsoft.NETCore.App.Ref\8.0.8\ref/net8.0/System.Net.NameResolution.dll
                 Private = 'false'
             C:\Users\NoahR\OneDrive\Desktop\Jarvis\tools\dotnet\packs\Microsoft.NETCore.App.Ref\8.0.8\ref/net8.0/System.Net.NetworkInformation.dll
                 Private = 'false'
             C:\Users\NoahR\OneDrive\Desktop\Jarvis\tools\dotnet\packs\Microsoft.NETCore.App.Ref\8.0.8\ref/net8.0/System.Net.Ping.dll
                 Private = 'false'
             C:\Users\NoahR\OneDrive\Desktop\Jarvis\tools\dotnet\packs\Microsoft.NETCore.App.Ref\8.0.8\ref/net8.0/System.Net.Primitives.dll
                 Private = 'false'
             C:\Users\NoahR\OneDrive\Desktop\Jarvis\tools\dotnet\packs\Microsoft.NETCore.App.Ref\8.0.8\ref/net8.0/System.Net.Quic.dll
                 Private = 'false'
             C:\Users\NoahR\OneDrive\Desktop\Jarvis\tools\dotnet\packs\Microsoft.NETCore.App.Ref\8.0.8\ref/net8.0/System.Net.Requests.dll
                 Private = 'false'
             C:\Users\NoahR\OneDrive\Desktop\Jarvis\tools\dotnet\packs\Microsoft.NETCore.App.Ref\8.0.8\ref/net8.0/System.Net.Security.dll
                 Private = 'false'
             C:\Users\NoahR\OneDrive\Desktop\Jarvis\tools\dotnet\packs\Microsoft.NETCore.App.Ref\8.0.8\ref/net8.0/System.Net.ServicePoint.dll
                 Private = 'false'
             C:\Users\NoahR\OneDrive\Desktop\Jarvis\tools\dotnet\packs\Microsoft.NETCore.App.Ref\8.0.8\ref/net8.0/System.Net.Sockets.dll
                 Private = 'false'
             C:\Users\NoahR\OneDrive\Desktop\Jarvis\tools\dotnet\packs\Microsoft.NETCore.App.Ref\8.0.8\ref/net8.0/System.Net.WebClient.dll
                 Private = 'false'
             C:\Users\NoahR\OneDrive\Desktop\Jarvis\tools\dotnet\packs\Microsoft.NETCore.App.Ref\8.0.8\ref/net8.0/System.Net.WebHeaderCollection.dll
                 Private = 'false'
             C:\Users\NoahR\OneDrive\Desktop\Jarvis\tools\dotnet\packs\Microsoft.NETCore.App.Ref\8.0.8\ref/net8.0/System.Net.WebProxy.dll
                 Private = 'false'
             C:\Users\NoahR\OneDrive\Desktop\Jarvis\tools\dotnet\packs\Microsoft.NETCore.App.Ref\8.0.8\ref/net8.0/System.Net.WebSockets.Client.dll
                 Private = 'false'
             C:\Users\NoahR\OneDrive\Desktop\Jarvis\tools\dotnet\packs\Microsoft.NETCore.App.Ref\8.0.8\ref/net8.0/System.Net.WebSockets.dll
                 Private = 'false'
             C:\Users\NoahR\OneDrive\Desktop\Jarvis\tools\dotnet\packs\Microsoft.NETCore.App.Ref\8.0.8\ref/net8.0/System.Net.dll
                 Private = 'false'
             C:\Users\NoahR\OneDrive\Desktop\Jarvis\tools\dotnet\packs\Microsoft.NETCore.App.Ref\8.0.8\ref/net8.0/System.Numerics.Vectors.dll
                 Private = 'false'
             C:\Users\NoahR\OneDrive\Desktop\Jarvis\tools\dotnet\packs\Microsoft.NETCore.App.Ref\8.0.8\ref/net8.0/System.Numerics.dll
                 Private = 'false'
             C:\Users\NoahR\OneDrive\Desktop\Jarvis\tools\dotnet\packs\Microsoft.NETCore.App.Ref\8.0.8\ref/net8.0/System.ObjectModel.dll
                 Private = 'false'
             C:\Users\NoahR\OneDrive\Desktop\Jarvis\tools\dotnet\packs\Microsoft.NETCore.App.Ref\8.0.8\ref/net8.0/System.Reflection.DispatchProxy.dll
                 Private = 'false'
             C:\Users\NoahR\OneDrive\Desktop\Jarvis\tools\dotnet\packs\Microsoft.NETCore.App.Ref\8.0.8\ref/net8.0/System.Reflection.Emit.ILGeneration.dll
                 Private = 'false'
             C:\Users\NoahR\OneDrive\Desktop\Jarvis\tools\dotnet\packs\Microsoft.NETCore.App.Ref\8.0.8\ref/net8.0/System.Reflection.Emit.Lightweight.dll
                 Private = 'false'
             C:\Users\NoahR\OneDrive\Desktop\Jarvis\tools\dotnet\packs\Microsoft.NETCore.App.Ref\8.0.8\ref/net8.0/System.Reflection.Emit.dll
                 Private = 'false'
             C:\Users\NoahR\OneDrive\Desktop\Jarvis\tools\dotnet\packs\Microsoft.NETCore.App.Ref\8.0.8\ref/net8.0/System.Reflection.Extensions.dll
                 Private = 'false'
             C:\Users\NoahR\OneDrive\Desktop\Jarvis\tools\dotnet\packs\Microsoft.NETCore.App.Ref\8.0.8\ref/net8.0/System.Reflection.Metadata.dll
                 Private = 'false'
             C:\Users\NoahR\OneDrive\Desktop\Jarvis\tools\dotnet\packs\Microsoft.NETCore.App.Ref\8.0.8\ref/net8.0/System.Reflection.Primitives.dll
                 Private = 'false'
             C:\Users\NoahR\OneDrive\Desktop\Jarvis\tools\dotnet\packs\Microsoft.NETCore.App.Ref\8.0.8\ref/net8.0/System.Reflection.TypeExtensions.dll
                 Private = 'false'
             C:\Users\NoahR\OneDrive\Desktop\Jarvis\tools\dotnet\packs\Microsoft.NETCore.App.Ref\8.0.8\ref/net8.0/System.Reflection.dll
                 Private = 'false'
             C:\Users\NoahR\OneDrive\Desktop\Jarvis\tools\dotnet\packs\Microsoft.NETCore.App.Ref\8.0.8\ref/net8.0/System.Resources.Reader.dll
                 Private = 'false'
             C:\Users\NoahR\OneDrive\Desktop\Jarvis\tools\dotnet\packs\Microsoft.NETCore.App.Ref\8.0.8\ref/net8.0/System.Resources.ResourceManager.dll
                 Private = 'false'
             C:\Users\NoahR\OneDrive\Desktop\Jarvis\tools\dotnet\packs\Microsoft.NETCore.App.Ref\8.0.8\ref/net8.0/System.Resources.Writer.dll
                 Private = 'false'
             C:\Users\NoahR\OneDrive\Desktop\Jarvis\tools\dotnet\packs\Microsoft.NETCore.App.Ref\8.0.8\ref/net8.0/System.Runtime.CompilerServices.Unsafe.dll
                 Private = 'false'
             C:\Users\NoahR\OneDrive\Desktop\Jarvis\tools\dotnet\packs\Microsoft.NETCore.App.Ref\8.0.8\ref/net8.0/System.Runtime.CompilerServices.VisualC.dll
                 Private = 'false'
             C:\Users\NoahR\OneDrive\Desktop\Jarvis\tools\dotnet\packs\Microsoft.NETCore.App.Ref\8.0.8\ref/net8.0/System.Runtime.Extensions.dll
                 Private = 'false'
             C:\Users\NoahR\OneDrive\Desktop\Jarvis\tools\dotnet\packs\Microsoft.NETCore.App.Ref\8.0.8\ref/net8.0/System.Runtime.Handles.dll
                 Private = 'false'
             C:\Users\NoahR\OneDrive\Desktop\Jarvis\tools\dotnet\packs\Microsoft.NETCore.App.Ref\8.0.8\ref/net8.0/System.Runtime.InteropServices.JavaScript.dll
                 Private = 'false'
             C:\Users\NoahR\OneDrive\Desktop\Jarvis\tools\dotnet\packs\Microsoft.NETCore.App.Ref\8.0.8\ref/net8.0/System.Runtime.InteropServices.RuntimeInformation.dll
                 Private = 'false'
             C:\Users\NoahR\OneDrive\Desktop\Jarvis\tools\dotnet\packs\Microsoft.NETCore.App.Ref\8.0.8\ref/net8.0/System.Runtime.InteropServices.dll
                 Private = 'false'
             C:\Users\NoahR\OneDrive\Desktop\Jarvis\tools\dotnet\packs\Microsoft.NETCore.App.Ref\8.0.8\ref/net8.0/System.Runtime.Intrinsics.dll
                 Private = 'false'
             C:\Users\NoahR\OneDrive\Desktop\Jarvis\tools\dotnet\packs\Microsoft.NETCore.App.Ref\8.0.8\ref/net8.0/System.Runtime.Loader.dll
                 Private = 'false'
             C:\Users\NoahR\OneDrive\Desktop\Jarvis\tools\dotnet\packs\Microsoft.NETCore.App.Ref\8.0.8\ref/net8.0/System.Runtime.Numerics.dll
                 Private = 'false'
             C:\Users\NoahR\OneDrive\Desktop\Jarvis\tools\dotnet\packs\Microsoft.NETCore.App.Ref\8.0.8\ref/net8.0/System.Runtime.Serialization.Formatters.dll
                 Private = 'false'
             C:\Users\NoahR\OneDrive\Desktop\Jarvis\tools\dotnet\packs\Microsoft.NETCore.App.Ref\8.0.8\ref/net8.0/System.Runtime.Serialization.Json.dll
                 Private = 'false'
             C:\Users\NoahR\OneDrive\Desktop\Jarvis\tools\dotnet\packs\Microsoft.NETCore.App.Ref\8.0.8\ref/net8.0/System.Runtime.Serialization.Primitives.dll
                 Private = 'false'
             C:\Users\NoahR\OneDrive\Desktop\Jarvis\tools\dotnet\packs\Microsoft.NETCore.App.Ref\8.0.8\ref/net8.0/System.Runtime.Serialization.Xml.dll
                 Private = 'false'
             C:\Users\NoahR\OneDrive\Desktop\Jarvis\tools\dotnet\packs\Microsoft.NETCore.App.Ref\8.0.8\ref/net8.0/System.Runtime.Serialization.dll
                 Private = 'false'
             C:\Users\NoahR\OneDrive\Desktop\Jarvis\tools\dotnet\packs\Microsoft.NETCore.App.Ref\8.0.8\ref/net8.0/System.Runtime.dll
                 Private = 'false'
             C:\Users\NoahR\OneDrive\Desktop\Jarvis\tools\dotnet\packs\Microsoft.NETCore.App.Ref\8.0.8\ref/net8.0/System.Security.AccessControl.dll
                 Private = 'false'
             C:\Users\NoahR\OneDrive\Desktop\Jarvis\tools\dotnet\packs\Microsoft.NETCore.App.Ref\8.0.8\ref/net8.0/System.Security.Claims.dll
                 Private = 'false'
             C:\Users\NoahR\OneDrive\Desktop\Jarvis\tools\dotnet\packs\Microsoft.NETCore.App.Ref\8.0.8\ref/net8.0/System.Security.Cryptography.Algorithms.dll
                 Private = 'false'
             C:\Users\NoahR\OneDrive\Desktop\Jarvis\tools\dotnet\packs\Microsoft.NETCore.App.Ref\8.0.8\ref/net8.0/System.Security.Cryptography.Cng.dll
                 Private = 'false'
             C:\Users\NoahR\OneDrive\Desktop\Jarvis\tools\dotnet\packs\Microsoft.NETCore.App.Ref\8.0.8\ref/net8.0/System.Security.Cryptography.Csp.dll
                 Private = 'false'
             C:\Users\NoahR\OneDrive\Desktop\Jarvis\tools\dotnet\packs\Microsoft.NETCore.App.Ref\8.0.8\ref/net8.0/System.Security.Cryptography.Encoding.dll
                 Private = 'false'
             C:\Users\NoahR\OneDrive\Desktop\Jarvis\tools\dotnet\packs\Microsoft.NETCore.App.Ref\8.0.8\ref/net8.0/System.Security.Cryptography.OpenSsl.dll
                 Private = 'false'
             C:\Users\NoahR\OneDrive\Desktop\Jarvis\tools\dotnet\packs\Microsoft.NETCore.App.Ref\8.0.8\ref/net8.0/System.Security.Cryptography.Primitives.dll
                 Private = 'false'
             C:\Users\NoahR\OneDrive\Desktop\Jarvis\tools\dotnet\packs\Microsoft.NETCore.App.Ref\8.0.8\ref/net8.0/System.Security.Cryptography.X509Certificates.dll
                 Private = 'false'
             C:\Users\NoahR\OneDrive\Desktop\Jarvis\tools\dotnet\packs\Microsoft.NETCore.App.Ref\8.0.8\ref/net8.0/System.Security.Cryptography.dll
                 Private = 'false'
             C:\Users\NoahR\OneDrive\Desktop\Jarvis\tools\dotnet\packs\Microsoft.NETCore.App.Ref\8.0.8\ref/net8.0/System.Security.Principal.Windows.dll
                 Private = 'false'
             C:\Users\NoahR\OneDrive\Desktop\Jarvis\tools\dotnet\packs\Microsoft.NETCore.App.Ref\8.0.8\ref/net8.0/System.Security.Principal.dll
                 Private = 'false'
             C:\Users\NoahR\OneDrive\Desktop\Jarvis\tools\dotnet\packs\Microsoft.NETCore.App.Ref\8.0.8\ref/net8.0/System.Security.SecureString.dll
                 Private = 'false'
             C:\Users\NoahR\OneDrive\Desktop\Jarvis\tools\dotnet\packs\Microsoft.NETCore.App.Ref\8.0.8\ref/net8.0/System.Security.dll
                 Private = 'false'
             C:\Users\NoahR\OneDrive\Desktop\Jarvis\tools\dotnet\packs\Microsoft.NETCore.App.Ref\8.0.8\ref/net8.0/System.ServiceModel.Web.dll
                 Private = 'false'
             C:\Users\NoahR\OneDrive\Desktop\Jarvis\tools\dotnet\packs\Microsoft.NETCore.App.Ref\8.0.8\ref/net8.0/System.ServiceProcess.dll
                 Private = 'false'
             C:\Users\NoahR\OneDrive\Desktop\Jarvis\tools\dotnet\packs\Microsoft.NETCore.App.Ref\8.0.8\ref/net8.0/System.Text.Encoding.CodePages.dll
                 Private = 'false'
             C:\Users\NoahR\OneDrive\Desktop\Jarvis\tools\dotnet\packs\Microsoft.NETCore.App.Ref\8.0.8\ref/net8.0/System.Text.Encoding.Extensions.dll
                 Private = 'false'
             C:\Users\NoahR\OneDrive\Desktop\Jarvis\tools\dotnet\packs\Microsoft.NETCore.App.Ref\8.0.8\ref/net8.0/System.Text.Encoding.dll
                 Private = 'false'
             C:\Users\NoahR\OneDrive\Desktop\Jarvis\tools\dotnet\packs\Microsoft.NETCore.App.Ref\8.0.8\ref/net8.0/System.Text.Encodings.Web.dll
                 Private = 'false'
             C:\Users\NoahR\OneDrive\Desktop\Jarvis\tools\dotnet\packs\Microsoft.NETCore.App.Ref\8.0.8\ref/net8.0/System.Text.Json.dll
                 Private = 'false'
             C:\Users\NoahR\OneDrive\Desktop\Jarvis\tools\dotnet\packs\Microsoft.NETCore.App.Ref\8.0.8\ref/net8.0/System.Text.RegularExpressions.dll
                 Private = 'false'
             C:\Users\NoahR\OneDrive\Desktop\Jarvis\tools\dotnet\packs\Microsoft.NETCore.App.Ref\8.0.8\ref/net8.0/System.Threading.Channels.dll
                 Private = 'false'
             C:\Users\NoahR\OneDrive\Desktop\Jarvis\tools\dotnet\packs\Microsoft.NETCore.App.Ref\8.0.8\ref/net8.0/System.Threading.Overlapped.dll
                 Private = 'false'
             C:\Users\NoahR\OneDrive\Desktop\Jarvis\tools\dotnet\packs\Microsoft.NETCore.App.Ref\8.0.8\ref/net8.0/System.Threading.Tasks.Dataflow.dll
                 Private = 'false'
             C:\Users\NoahR\OneDrive\Desktop\Jarvis\tools\dotnet\packs\Microsoft.NETCore.App.Ref\8.0.8\ref/net8.0/System.Threading.Tasks.Extensions.dll
                 Private = 'false'
             C:\Users\NoahR\OneDrive\Desktop\Jarvis\tools\dotnet\packs\Microsoft.NETCore.App.Ref\8.0.8\ref/net8.0/System.Threading.Tasks.Parallel.dll
                 Private = 'false'
             C:\Users\NoahR\OneDrive\Desktop\Jarvis\tools\dotnet\packs\Microsoft.NETCore.App.Ref\8.0.8\ref/net8.0/System.Threading.Tasks.dll
                 Private = 'false'
             C:\Users\NoahR\OneDrive\Desktop\Jarvis\tools\dotnet\packs\Microsoft.NETCore.App.Ref\8.0.8\ref/net8.0/System.Threading.Thread.dll
                 Private = 'false'
             C:\Users\NoahR\OneDrive\Desktop\Jarvis\tools\dotnet\packs\Microsoft.NETCore.App.Ref\8.0.8\ref/net8.0/System.Threading.ThreadPool.dll
                 Private = 'false'
             C:\Users\NoahR\OneDrive\Desktop\Jarvis\tools\dotnet\packs\Microsoft.NETCore.App.Ref\8.0.8\ref/net8.0/System.Threading.Timer.dll
                 Private = 'false'
             C:\Users\NoahR\OneDrive\Desktop\Jarvis\tools\dotnet\packs\Microsoft.NETCore.App.Ref\8.0.8\ref/net8.0/System.Threading.dll
                 Private = 'false'
             C:\Users\NoahR\OneDrive\Desktop\Jarvis\tools\dotnet\packs\Microsoft.NETCore.App.Ref\8.0.8\ref/net8.0/System.Transactions.Local.dll
                 Private = 'false'
             C:\Users\NoahR\OneDrive\Desktop\Jarvis\tools\dotnet\packs\Microsoft.NETCore.App.Ref\8.0.8\ref/net8.0/System.Transactions.dll
                 Private = 'false'
             C:\Users\NoahR\OneDrive\Desktop\Jarvis\tools\dotnet\packs\Microsoft.NETCore.App.Ref\8.0.8\ref/net8.0/System.ValueTuple.dll
                 Private = 'false'
             C:\Users\NoahR\OneDrive\Desktop\Jarvis\tools\dotnet\packs\Microsoft.NETCore.App.Ref\8.0.8\ref/net8.0/System.Web.HttpUtility.dll
                 Private = 'false'
             C:\Users\NoahR\OneDrive\Desktop\Jarvis\tools\dotnet\packs\Microsoft.NETCore.App.Ref\8.0.8\ref/net8.0/System.Web.dll
                 Private = 'false'
             C:\Users\NoahR\OneDrive\Desktop\Jarvis\tools\dotnet\packs\Microsoft.NETCore.App.Ref\8.0.8\ref/net8.0/System.Windows.dll
                 Private = 'false'
             C:\Users\NoahR\OneDrive\Desktop\Jarvis\tools\dotnet\packs\Microsoft.NETCore.App.Ref\8.0.8\ref/net8.0/System.Xml.Linq.dll
                 Private = 'false'
             C:\Users\NoahR\OneDrive\Desktop\Jarvis\tools\dotnet\packs\Microsoft.NETCore.App.Ref\8.0.8\ref/net8.0/System.Xml.ReaderWriter.dll
                 Private = 'false'
             C:\Users\NoahR\OneDrive\Desktop\Jarvis\tools\dotnet\packs\Microsoft.NETCore.App.Ref\8.0.8\ref/net8.0/System.Xml.Serialization.dll
                 Private = 'false'
             C:\Users\NoahR\OneDrive\Desktop\Jarvis\tools\dotnet\packs\Microsoft.NETCore.App.Ref\8.0.8\ref/net8.0/System.Xml.XDocument.dll
                 Private = 'false'
             C:\Users\NoahR\OneDrive\Desktop\Jarvis\tools\dotnet\packs\Microsoft.NETCore.App.Ref\8.0.8\ref/net8.0/System.Xml.XPath.XDocument.dll
                 Private = 'false'
             C:\Users\NoahR\OneDrive\Desktop\Jarvis\tools\dotnet\packs\Microsoft.NETCore.App.Ref\8.0.8\ref/net8.0/System.Xml.XPath.dll
                 Private = 'false'
             C:\Users\NoahR\OneDrive\Desktop\Jarvis\tools\dotnet\packs\Microsoft.NETCore.App.Ref\8.0.8\ref/net8.0/System.Xml.XmlDocument.dll
                 Private = 'false'
             C:\Users\NoahR\OneDrive\Desktop\Jarvis\tools\dotnet\packs\Microsoft.NETCore.App.Ref\8.0.8\ref/net8.0/System.Xml.XmlSerializer.dll
                 Private = 'false'
             C:\Users\NoahR\OneDrive\Desktop\Jarvis\tools\dotnet\packs\Microsoft.NETCore.App.Ref\8.0.8\ref/net8.0/System.Xml.dll
                 Private = 'false'
             C:\Users\NoahR\OneDrive\Desktop\Jarvis\tools\dotnet\packs\Microsoft.NETCore.App.Ref\8.0.8\ref/net8.0/System.dll
                 Private = 'false'
             C:\Users\NoahR\OneDrive\Desktop\Jarvis\tools\dotnet\packs\Microsoft.NETCore.App.Ref\8.0.8\ref/net8.0/WindowsBase.dll
                 Private = 'false'
             C:\Users\NoahR\OneDrive\Desktop\Jarvis\tools\dotnet\packs\Microsoft.NETCore.App.Ref\8.0.8\ref/net8.0/mscorlib.dll
                 Private = 'false'
             C:\Users\NoahR\OneDrive\Desktop\Jarvis\tools\dotnet\packs\Microsoft.NETCore.App.Ref\8.0.8\ref/net8.0/netstandard.dll
                 Private = 'false'
         AssemblyFiles:
         CandidateAssemblyFiles:
         TargetFrameworkDirectories:
             
         InstalledAssemblyTables:
         IgnoreInstalledAssemblyTable:
             False
         SearchPaths:
             {CandidateAssemblyFiles}
             {HintPathFromItem}
             {TargetFrameworkDirectory}
             {RawFileName}
         AllowedAssemblyExtensions:
             .winmd
             .dll
             .exe
         AllowedRelatedFileExtensions:
             .pdb
             .xml
             .pri
             .dll.config
             .exe.config
         AppConfigFile:
             
         AutoUnify:
             True
         CopyLocalDependenciesWhenParentReferenceInGac:
             True
         FindDependencies:
             True
         TargetProcessorArchitecture:
             msil
         StateFile:
             obj\Release\net8.0\Jarvis.Core.csproj.AssemblyReference.cache
         InstalledAssemblySubsetTables:
         IgnoreInstalledAssemblySubsetTable:
             False
         TargetFrameworkSubsets:
         FullTargetFrameworkSubsetNames:
             Full
         ProfileName:
             
         FullFrameworkFolders:
         LatestTargetFrameworkDirectories:
         ProfileTablesLocation:
         Primary reference "Microsoft.CSharp, Version=8.0.0.0, Culture=neutral, PublicKeyToken=b03f5f7f11d50a3a".
             Resolved file path is "C:\Users\NoahR\OneDrive\Desktop\Jarvis\tools\dotnet\packs\Microsoft.NETCore.App.Ref\8.0.8\ref\net8.0\Microsoft.CSharp.dll".
             Reference found at search path location "{RawFileName}".
             This reference is not "CopyLocal" because at least one source item had "Private" set to "false" and no source items had "Private" set to "true".
         Primary reference "Microsoft.VisualBasic.Core, Version=13.0.0.0, Culture=neutral, PublicKeyToken=b03f5f7f11d50a3a".
             Resolved file path is "C:\Users\NoahR\OneDrive\Desktop\Jarvis\tools\dotnet\packs\Microsoft.NETCore.App.Ref\8.0.8\ref\net8.0\Microsoft.VisualBasic.Core.dll".
             Reference found at search path location "{RawFileName}".
             This reference is not "CopyLocal" because at least one source item had "Private" set to "false" and no source items had "Private" set to "true".
         Primary reference "Microsoft.VisualBasic, Version=10.0.0.0, Culture=neutral, PublicKeyToken=b03f5f7f11d50a3a".
             Resolved file path is "C:\Users\NoahR\OneDrive\Desktop\Jarvis\tools\dotnet\packs\Microsoft.NETCore.App.Ref\8.0.8\ref\net8.0\Microsoft.VisualBasic.dll".
             Reference found at search path location "{RawFileName}".
             This reference is not "CopyLocal" because at least one source item had "Private" set to "false" and no source items had "Private" set to "true".
         Primary reference "Microsoft.Win32.Primitives, Version=8.0.0.0, Culture=neutral, PublicKeyToken=b03f5f7f11d50a3a".
             Resolved file path is "C:\Users\NoahR\OneDrive\Desktop\Jarvis\tools\dotnet\packs\Microsoft.NETCore.App.Ref\8.0.8\ref\net8.0\Microsoft.Win32.Primitives.dll".
             Reference found at search path location "{RawFileName}".
             This reference is not "CopyLocal" because at least one source item had "Private" set to "false" and no source items had "Private" set to "true".
         Primary reference "Microsoft.Win32.Registry, Version=8.0.0.0, Culture=neutral, PublicKeyToken=b03f5f7f11d50a3a".
             Resolved file path is "C:\Users\NoahR\OneDrive\Desktop\Jarvis\tools\dotnet\packs\Microsoft.NETCore.App.Ref\8.0.8\ref\net8.0\Microsoft.Win32.Registry.dll".
             Reference found at search path location "{RawFileName}".
             This reference is not "CopyLocal" because at least one source item had "Private" set to "false" and no source items had "Private" set to "true".
         Primary reference "System.AppContext, Version=8.0.0.0, Culture=neutral, PublicKeyToken=b03f5f7f11d50a3a".
             Resolved file path is "C:\Users\NoahR\OneDrive\Desktop\Jarvis\tools\dotnet\packs\Microsoft.NETCore.App.Ref\8.0.8\ref\net8.0\System.AppContext.dll".
             Reference found at search path location "{RawFileName}".
             This reference is not "CopyLocal" because at least one source item had "Private" set to "false" and no source items had "Private" set to "true".
         Primary reference "System.Buffers, Version=8.0.0.0, Culture=neutral, PublicKeyToken=cc7b13ffcd2ddd51".
             Resolved file path is "C:\Users\NoahR\OneDrive\Desktop\Jarvis\tools\dotnet\packs\Microsoft.NETCore.App.Ref\8.0.8\ref\net8.0\System.Buffers.dll".
             Reference found at search path location "{RawFileName}".
             This reference is not "CopyLocal" because at least one source item had "Private" set to "false" and no source items had "Private" set to "true".
         Primary reference "System.Collections.Concurrent, Version=8.0.0.0, Culture=neutral, PublicKeyToken=b03f5f7f11d50a3a".
             Resolved file path is "C:\Users\NoahR\OneDrive\Desktop\Jarvis\tools\dotnet\packs\Microsoft.NETCore.App.Ref\8.0.8\ref\net8.0\System.Collections.Concurrent.dll".
             Reference found at search path location "{RawFileName}".
             This reference is not "CopyLocal" because at least one source item had "Private" set to "false" and no source items had "Private" set to "true".
         Primary reference "System.Collections.Immutable, Version=8.0.0.0, Culture=neutral, PublicKeyToken=b03f5f7f11d50a3a".
             Resolved file path is "C:\Users\NoahR\OneDrive\Desktop\Jarvis\tools\dotnet\packs\Microsoft.NETCore.App.Ref\8.0.8\ref\net8.0\System.Collections.Immutable.dll".
             Reference found at search path location "{RawFileName}".
             This reference is not "CopyLocal" because at least one source item had "Private" set to "false" and no source items had "Private" set to "true".
         Primary reference "System.Collections.NonGeneric, Version=8.0.0.0, Culture=neutral, PublicKeyToken=b03f5f7f11d50a3a".
             Resolved file path is "C:\Users\NoahR\OneDrive\Desktop\Jarvis\tools\dotnet\packs\Microsoft.NETCore.App.Ref\8.0.8\ref\net8.0\System.Collections.NonGeneric.dll".
             Reference found at search path location "{RawFileName}".
             This reference is not "CopyLocal" because at least one source item had "Private" set to "false" and no source items had "Private" set to "true".
         Primary reference "System.Collections.Specialized, Version=8.0.0.0, Culture=neutral, PublicKeyToken=b03f5f7f11d50a3a".
             Resolved file path is "C:\Users\NoahR\OneDrive\Desktop\Jarvis\tools\dotnet\packs\Microsoft.NETCore.App.Ref\8.0.8\ref\net8.0\System.Collections.Specialized.dll".
             Reference found at search path location "{RawFileName}".
             This reference is not "CopyLocal" because at least one source item had "Private" set to "false" and no source items had "Private" set to "true".
         Primary reference "System.Collections, Version=8.0.0.0, Culture=neutral, PublicKeyToken=b03f5f7f11d50a3a".
             Resolved file path is "C:\Users\NoahR\OneDrive\Desktop\Jarvis\tools\dotnet\packs\Microsoft.NETCore.App.Ref\8.0.8\ref\net8.0\System.Collections.dll".
             Reference found at search path location "{RawFileName}".
             This reference is not "CopyLocal" because at least one source item had "Private" set to "false" and no source items had "Private" set to "true".
         Primary reference "System.ComponentModel.Annotations, Version=8.0.0.0, Culture=neutral, PublicKeyToken=b03f5f7f11d50a3a".
             Resolved file path is "C:\Users\NoahR\OneDrive\Desktop\Jarvis\tools\dotnet\packs\Microsoft.NETCore.App.Ref\8.0.8\ref\net8.0\System.ComponentModel.Annotations.dll".
             Reference found at search path location "{RawFileName}".
             This reference is not "CopyLocal" because at least one source item had "Private" set to "false" and no source items had "Private" set to "true".
         Primary reference "System.ComponentModel.DataAnnotations, Version=4.0.0.0, Culture=neutral, PublicKeyToken=31bf3856ad364e35".
             Resolved file path is "C:\Users\NoahR\OneDrive\Desktop\Jarvis\tools\dotnet\packs\Microsoft.NETCore.App.Ref\8.0.8\ref\net8.0\System.ComponentModel.DataAnnotations.dll".
             Reference found at search path location "{RawFileName}".
             This reference is not "CopyLocal" because at least one source item had "Private" set to "false" and no source items had "Private" set to "true".
         Primary reference "System.ComponentModel.EventBasedAsync, Version=8.0.0.0, Culture=neutral, PublicKeyToken=b03f5f7f11d50a3a".
             Resolved file path is "C:\Users\NoahR\OneDrive\Desktop\Jarvis\tools\dotnet\packs\Microsoft.NETCore.App.Ref\8.0.8\ref\net8.0\System.ComponentModel.EventBasedAsync.dll".
             Reference found at search path location "{RawFileName}".
             This reference is not "CopyLocal" because at least one source item had "Private" set to "false" and no source items had "Private" set to "true".
         Primary reference "System.ComponentModel.Primitives, Version=8.0.0.0, Culture=neutral, PublicKeyToken=b03f5f7f11d50a3a".
             Resolved file path is "C:\Users\NoahR\OneDrive\Desktop\Jarvis\tools\dotnet\packs\Microsoft.NETCore.App.Ref\8.0.8\ref\net8.0\System.ComponentModel.Primitives.dll".
             Reference found at search path location "{RawFileName}".
             This reference is not "CopyLocal" because at least one source item had "Private" set to "false" and no source items had "Private" set to "true".
         Primary reference "System.ComponentModel.TypeConverter, Version=8.0.0.0, Culture=neutral, PublicKeyToken=b03f5f7f11d50a3a".
             Resolved file path is "C:\Users\NoahR\OneDrive\Desktop\Jarvis\tools\dotnet\packs\Microsoft.NETCore.App.Ref\8.0.8\ref\net8.0\System.ComponentModel.TypeConverter.dll".
             Reference found at search path location "{RawFileName}".
             This reference is not "CopyLocal" because at least one source item had "Private" set to "false" and no source items had "Private" set to "true".
         Primary reference "System.ComponentModel, Version=8.0.0.0, Culture=neutral, PublicKeyToken=b03f5f7f11d50a3a".
             Resolved file path is "C:\Users\NoahR\OneDrive\Desktop\Jarvis\tools\dotnet\packs\Microsoft.NETCore.App.Ref\8.0.8\ref\net8.0\System.ComponentModel.dll".
             Reference found at search path location "{RawFileName}".
             This reference is not "CopyLocal" because at least one source item had "Private" set to "false" and no source items had "Private" set to "true".
         Primary reference "System.Configuration, Version=4.0.0.0, Culture=neutral, PublicKeyToken=b03f5f7f11d50a3a".
             Resolved file path is "C:\Users\NoahR\OneDrive\Desktop\Jarvis\tools\dotnet\packs\Microsoft.NETCore.App.Ref\8.0.8\ref\net8.0\System.Configuration.dll".
             Reference found at search path location "{RawFileName}".
             This reference is not "CopyLocal" because at least one source item had "Private" set to "false" and no source items had "Private" set to "true".
         Primary reference "System.Console, Version=8.0.0.0, Culture=neutral, PublicKeyToken=b03f5f7f11d50a3a".
             Resolved file path is "C:\Users\NoahR\OneDrive\Desktop\Jarvis\tools\dotnet\packs\Microsoft.NETCore.App.Ref\8.0.8\ref\net8.0\System.Console.dll".
             Reference found at search path location "{RawFileName}".
             This reference is not "CopyLocal" because at least one source item had "Private" set to "false" and no source items had "Private" set to "true".
         Primary reference "System.Core, Version=4.0.0.0, Culture=neutral, PublicKeyToken=b77a5c561934e089".
             Resolved file path is "C:\Users\NoahR\OneDrive\Desktop\Jarvis\tools\dotnet\packs\Microsoft.NETCore.App.Ref\8.0.8\ref\net8.0\System.Core.dll".
             Reference found at search path location "{RawFileName}".
             This reference is not "CopyLocal" because at least one source item had "Private" set to "false" and no source items had "Private" set to "true".
         Primary reference "System.Data.Common, Version=8.0.0.0, Culture=neutral, PublicKeyToken=b03f5f7f11d50a3a".
             Resolved file path is "C:\Users\NoahR\OneDrive\Desktop\Jarvis\tools\dotnet\packs\Microsoft.NETCore.App.Ref\8.0.8\ref\net8.0\System.Data.Common.dll".
             Reference found at search path location "{RawFileName}".
             This reference is not "CopyLocal" because at least one source item had "Private" set to "false" and no source items had "Private" set to "true".
         Primary reference "System.Data.DataSetExtensions, Version=8.0.0.0, Culture=neutral, PublicKeyToken=b77a5c561934e089".
             Resolved file path is "C:\Users\NoahR\OneDrive\Desktop\Jarvis\tools\dotnet\packs\Microsoft.NETCore.App.Ref\8.0.8\ref\net8.0\System.Data.DataSetExtensions.dll".
             Reference found at search path location "{RawFileName}".
             This reference is not "CopyLocal" because at least one source item had "Private" set to "false" and no source items had "Private" set to "true".
         Primary reference "System.Data, Version=4.0.0.0, Culture=neutral, PublicKeyToken=b77a5c561934e089".
             Resolved file path is "C:\Users\NoahR\OneDrive\Desktop\Jarvis\tools\dotnet\packs\Microsoft.NETCore.App.Ref\8.0.8\ref\net8.0\System.Data.dll".
             Reference found at search path location "{RawFileName}".
             This reference is not "CopyLocal" because at least one source item had "Private" set to "false" and no source items had "Private" set to "true".
         Primary reference "System.Diagnostics.Contracts, Version=8.0.0.0, Culture=neutral, PublicKeyToken=b03f5f7f11d50a3a".
             Resolved file path is "C:\Users\NoahR\OneDrive\Desktop\Jarvis\tools\dotnet\packs\Microsoft.NETCore.App.Ref\8.0.8\ref\net8.0\System.Diagnostics.Contracts.dll".
             Reference found at search path location "{RawFileName}".
             This reference is not "CopyLocal" because at least one source item had "Private" set to "false" and no source items had "Private" set to "true".
         Primary reference "System.Diagnostics.Debug, Version=8.0.0.0, Culture=neutral, PublicKeyToken=b03f5f7f11d50a3a".
             Resolved file path is "C:\Users\NoahR\OneDrive\Desktop\Jarvis\tools\dotnet\packs\Microsoft.NETCore.App.Ref\8.0.8\ref\net8.0\System.Diagnostics.Debug.dll".
             Reference found at search path location "{RawFileName}".
             This reference is not "CopyLocal" because at least one source item had "Private" set to "false" and no source items had "Private" set to "true".
         Primary reference "System.Diagnostics.DiagnosticSource, Version=8.0.0.0, Culture=neutral, PublicKeyToken=cc7b13ffcd2ddd51".
             Resolved file path is "C:\Users\NoahR\OneDrive\Desktop\Jarvis\tools\dotnet\packs\Microsoft.NETCore.App.Ref\8.0.8\ref\net8.0\System.Diagnostics.DiagnosticSource.dll".
             Reference found at search path location "{RawFileName}".
             This reference is not "CopyLocal" because at least one source item had "Private" set to "false" and no source items had "Private" set to "true".
         Primary reference "System.Diagnostics.FileVersionInfo, Version=8.0.0.0, Culture=neutral, PublicKeyToken=b03f5f7f11d50a3a".
             Resolved file path is "C:\Users\NoahR\OneDrive\Desktop\Jarvis\tools\dotnet\packs\Microsoft.NETCore.App.Ref\8.0.8\ref\net8.0\System.Diagnostics.FileVersionInfo.dll".
             Reference found at search path location "{RawFileName}".
             This reference is not "CopyLocal" because at least one source item had "Private" set to "false" and no source items had "Private" set to "true".
         Primary reference "System.Diagnostics.Process, Version=8.0.0.0, Culture=neutral, PublicKeyToken=b03f5f7f11d50a3a".
             Resolved file path is "C:\Users\NoahR\OneDrive\Desktop\Jarvis\tools\dotnet\packs\Microsoft.NETCore.App.Ref\8.0.8\ref\net8.0\System.Diagnostics.Process.dll".
             Reference found at search path location "{RawFileName}".
             This reference is not "CopyLocal" because at least one source item had "Private" set to "false" and no source items had "Private" set to "true".
         Primary reference "System.Diagnostics.StackTrace, Version=8.0.0.0, Culture=neutral, PublicKeyToken=b03f5f7f11d50a3a".
             Resolved file path is "C:\Users\NoahR\OneDrive\Desktop\Jarvis\tools\dotnet\packs\Microsoft.NETCore.App.Ref\8.0.8\ref\net8.0\System.Diagnostics.StackTrace.dll".
             Reference found at search path location "{RawFileName}".
             This reference is not "CopyLocal" because at least one source item had "Private" set to "false" and no source items had "Private" set to "true".
         Primary reference "System.Diagnostics.TextWriterTraceListener, Version=8.0.0.0, Culture=neutral, PublicKeyToken=b03f5f7f11d50a3a".
             Resolved file path is "C:\Users\NoahR\OneDrive\Desktop\Jarvis\tools\dotnet\packs\Microsoft.NETCore.App.Ref\8.0.8\ref\net8.0\System.Diagnostics.TextWriterTraceListener.dll".
             Reference found at search path location "{RawFileName}".
             This reference is not "CopyLocal" because at least one source item had "Private" set to "false" and no source items had "Private" set to "true".
         Primary reference "System.Diagnostics.Tools, Version=8.0.0.0, Culture=neutral, PublicKeyToken=b03f5f7f11d50a3a".
             Resolved file path is "C:\Users\NoahR\OneDrive\Desktop\Jarvis\tools\dotnet\packs\Microsoft.NETCore.App.Ref\8.0.8\ref\net8.0\System.Diagnostics.Tools.dll".
             Reference found at search path location "{RawFileName}".
             This reference is not "CopyLocal" because at least one source item had "Private" set to "false" and no source items had "Private" set to "true".
         Primary reference "System.Diagnostics.TraceSource, Version=8.0.0.0, Culture=neutral, PublicKeyToken=b03f5f7f11d50a3a".
             Resolved file path is "C:\Users\NoahR\OneDrive\Desktop\Jarvis\tools\dotnet\packs\Microsoft.NETCore.App.Ref\8.0.8\ref\net8.0\System.Diagnostics.TraceSource.dll".
             Reference found at search path location "{RawFileName}".
             This reference is not "CopyLocal" because at least one source item had "Private" set to "false" and no source items had "Private" set to "true".
         Primary reference "System.Diagnostics.Tracing, Version=8.0.0.0, Culture=neutral, PublicKeyToken=b03f5f7f11d50a3a".
             Resolved file path is "C:\Users\NoahR\OneDrive\Desktop\Jarvis\tools\dotnet\packs\Microsoft.NETCore.App.Ref\8.0.8\ref\net8.0\System.Diagnostics.Tracing.dll".
             Reference found at search path location "{RawFileName}".
             This reference is not "CopyLocal" because at least one source item had "Private" set to "false" and no source items had "Private" set to "true".
         Primary reference "System.Drawing.Primitives, Version=8.0.0.0, Culture=neutral, PublicKeyToken=b03f5f7f11d50a3a".
             Resolved file path is "C:\Users\NoahR\OneDrive\Desktop\Jarvis\tools\dotnet\packs\Microsoft.NETCore.App.Ref\8.0.8\ref\net8.0\System.Drawing.Primitives.dll".
             Reference found at search path location "{RawFileName}".
             This reference is not "CopyLocal" because at least one source item had "Private" set to "false" and no source items had "Private" set to "true".
         Primary reference "System.Drawing, Version=4.0.0.0, Culture=neutral, PublicKeyToken=b03f5f7f11d50a3a".
             Resolved file path is "C:\Users\NoahR\OneDrive\Desktop\Jarvis\tools\dotnet\packs\Microsoft.NETCore.App.Ref\8.0.8\ref\net8.0\System.Drawing.dll".
             Reference found at search path location "{RawFileName}".
             This reference is not "CopyLocal" because at least one source item had "Private" set to "false" and no source items had "Private" set to "true".
         Primary reference "System.Dynamic.Runtime, Version=8.0.0.0, Culture=neutral, PublicKeyToken=b03f5f7f11d50a3a".
             Resolved file path is "C:\Users\NoahR\OneDrive\Desktop\Jarvis\tools\dotnet\packs\Microsoft.NETCore.App.Ref\8.0.8\ref\net8.0\System.Dynamic.Runtime.dll".
             Reference found at search path location "{RawFileName}".
             This reference is not "CopyLocal" because at least one source item had "Private" set to "false" and no source items had "Private" set to "true".
         Primary reference "System.Formats.Asn1, Version=8.0.0.0, Culture=neutral, PublicKeyToken=cc7b13ffcd2ddd51".
             Resolved file path is "C:\Users\NoahR\OneDrive\Desktop\Jarvis\tools\dotnet\packs\Microsoft.NETCore.App.Ref\8.0.8\ref\net8.0\System.Formats.Asn1.dll".
             Reference found at search path location "{RawFileName}".
             This reference is not "CopyLocal" because at least one source item had "Private" set to "false" and no source items had "Private" set to "true".
         Primary reference "System.Formats.Tar, Version=8.0.0.0, Culture=neutral, PublicKeyToken=cc7b13ffcd2ddd51".
             Resolved file path is "C:\Users\NoahR\OneDrive\Desktop\Jarvis\tools\dotnet\packs\Microsoft.NETCore.App.Ref\8.0.8\ref\net8.0\System.Formats.Tar.dll".
             Reference found at search path location "{RawFileName}".
             This reference is not "CopyLocal" because at least one source item had "Private" set to "false" and no source items had "Private" set to "true".
         Primary reference "System.Globalization.Calendars, Version=8.0.0.0, Culture=neutral, PublicKeyToken=b03f5f7f11d50a3a".
             Resolved file path is "C:\Users\NoahR\OneDrive\Desktop\Jarvis\tools\dotnet\packs\Microsoft.NETCore.App.Ref\8.0.8\ref\net8.0\System.Globalization.Calendars.dll".
             Reference found at search path location "{RawFileName}".
             This reference is not "CopyLocal" because at least one source item had "Private" set to "false" and no source items had "Private" set to "true".
         Primary reference "System.Globalization.Extensions, Version=8.0.0.0, Culture=neutral, PublicKeyToken=b03f5f7f11d50a3a".
             Resolved file path is "C:\Users\NoahR\OneDrive\Desktop\Jarvis\tools\dotnet\packs\Microsoft.NETCore.App.Ref\8.0.8\ref\net8.0\System.Globalization.Extensions.dll".
             Reference found at search path location "{RawFileName}".
             This reference is not "CopyLocal" because at least one source item had "Private" set to "false" and no source items had "Private" set to "true".
         Primary reference "System.Globalization, Version=8.0.0.0, Culture=neutral, PublicKeyToken=b03f5f7f11d50a3a".
             Resolved file path is "C:\Users\NoahR\OneDrive\Desktop\Jarvis\tools\dotnet\packs\Microsoft.NETCore.App.Ref\8.0.8\ref\net8.0\System.Globalization.dll".
             Reference found at search path location "{RawFileName}".
             This reference is not "CopyLocal" because at least one source item had "Private" set to "false" and no source items had "Private" set to "true".
         Primary reference "System.IO.Compression.Brotli, Version=8.0.0.0, Culture=neutral, PublicKeyToken=b77a5c561934e089".
             Resolved file path is "C:\Users\NoahR\OneDrive\Desktop\Jarvis\tools\dotnet\packs\Microsoft.NETCore.App.Ref\8.0.8\ref\net8.0\System.IO.Compression.Brotli.dll".
             Reference found at search path location "{RawFileName}".
             This reference is not "CopyLocal" because at least one source item had "Private" set to "false" and no source items had "Private" set to "true".
         Primary reference "System.IO.Compression.FileSystem, Version=4.0.0.0, Culture=neutral, PublicKeyToken=b77a5c561934e089".
             Resolved file path is "C:\Users\NoahR\OneDrive\Desktop\Jarvis\tools\dotnet\packs\Microsoft.NETCore.App.Ref\8.0.8\ref\net8.0\System.IO.Compression.FileSystem.dll".
             Reference found at search path location "{RawFileName}".
             This reference is not "CopyLocal" because at least one source item had "Private" set to "false" and no source items had "Private" set to "true".
         Primary reference "System.IO.Compression.ZipFile, Version=8.0.0.0, Culture=neutral, PublicKeyToken=b77a5c561934e089".
             Resolved file path is "C:\Users\NoahR\OneDrive\Desktop\Jarvis\tools\dotnet\packs\Microsoft.NETCore.App.Ref\8.0.8\ref\net8.0\System.IO.Compression.ZipFile.dll".
             Reference found at search path location "{RawFileName}".
             This reference is not "CopyLocal" because at least one source item had "Private" set to "false" and no source items had "Private" set to "true".
         Primary reference "System.IO.Compression, Version=8.0.0.0, Culture=neutral, PublicKeyToken=b77a5c561934e089".
             Resolved file path is "C:\Users\NoahR\OneDrive\Desktop\Jarvis\tools\dotnet\packs\Microsoft.NETCore.App.Ref\8.0.8\ref\net8.0\System.IO.Compression.dll".
             Reference found at search path location "{RawFileName}".
             This reference is not "CopyLocal" because at least one source item had "Private" set to "false" and no source items had "Private" set to "true".
         Primary reference "System.IO.FileSystem.AccessControl, Version=8.0.0.0, Culture=neutral, PublicKeyToken=b03f5f7f11d50a3a".
             Resolved file path is "C:\Users\NoahR\OneDrive\Desktop\Jarvis\tools\dotnet\packs\Microsoft.NETCore.App.Ref\8.0.8\ref\net8.0\System.IO.FileSystem.AccessControl.dll".
             Reference found at search path location "{RawFileName}".
             This reference is not "CopyLocal" because at least one source item had "Private" set to "false" and no source items had "Private" set to "true".
         Primary reference "System.IO.FileSystem.DriveInfo, Version=8.0.0.0, Culture=neutral, PublicKeyToken=b03f5f7f11d50a3a".
             Resolved file path is "C:\Users\NoahR\OneDrive\Desktop\Jarvis\tools\dotnet\packs\Microsoft.NETCore.App.Ref\8.0.8\ref\net8.0\System.IO.FileSystem.DriveInfo.dll".
             Reference found at search path location "{RawFileName}".
             This reference is not "CopyLocal" because at least one source item had "Private" set to "false" and no source items had "Private" set to "true".
         Primary reference "System.IO.FileSystem.Primitives, Version=8.0.0.0, Culture=neutral, PublicKeyToken=b03f5f7f11d50a3a".
             Resolved file path is "C:\Users\NoahR\OneDrive\Desktop\Jarvis\tools\dotnet\packs\Microsoft.NETCore.App.Ref\8.0.8\ref\net8.0\System.IO.FileSystem.Primitives.dll".
             Reference found at search path location "{RawFileName}".
             This reference is not "CopyLocal" because at least one source item had "Private" set to "false" and no source items had "Private" set to "true".
         Primary reference "System.IO.FileSystem.Watcher, Version=8.0.0.0, Culture=neutral, PublicKeyToken=b03f5f7f11d50a3a".
             Resolved file path is "C:\Users\NoahR\OneDrive\Desktop\Jarvis\tools\dotnet\packs\Microsoft.NETCore.App.Ref\8.0.8\ref\net8.0\System.IO.FileSystem.Watcher.dll".
             Reference found at search path location "{RawFileName}".
             This reference is not "CopyLocal" because at least one source item had "Private" set to "false" and no source items had "Private" set to "true".
         Primary reference "System.IO.FileSystem, Version=8.0.0.0, Culture=neutral, PublicKeyToken=b03f5f7f11d50a3a".
             Resolved file path is "C:\Users\NoahR\OneDrive\Desktop\Jarvis\tools\dotnet\packs\Microsoft.NETCore.App.Ref\8.0.8\ref\net8.0\System.IO.FileSystem.dll".
             Reference found at search path location "{RawFileName}".
             This reference is not "CopyLocal" because at least one source item had "Private" set to "false" and no source items had "Private" set to "true".
         Primary reference "System.IO.IsolatedStorage, Version=8.0.0.0, Culture=neutral, PublicKeyToken=b03f5f7f11d50a3a".
             Resolved file path is "C:\Users\NoahR\OneDrive\Desktop\Jarvis\tools\dotnet\packs\Microsoft.NETCore.App.Ref\8.0.8\ref\net8.0\System.IO.IsolatedStorage.dll".
             Reference found at search path location "{RawFileName}".
             This reference is not "CopyLocal" because at least one source item had "Private" set to "false" and no source items had "Private" set to "true".
         Primary reference "System.IO.MemoryMappedFiles, Version=8.0.0.0, Culture=neutral, PublicKeyToken=b03f5f7f11d50a3a".
             Resolved file path is "C:\Users\NoahR\OneDrive\Desktop\Jarvis\tools\dotnet\packs\Microsoft.NETCore.App.Ref\8.0.8\ref\net8.0\System.IO.MemoryMappedFiles.dll".
             Reference found at search path location "{RawFileName}".
             This reference is not "CopyLocal" because at least one source item had "Private" set to "false" and no source items had "Private" set to "true".
         Primary reference "System.IO.Pipes.AccessControl, Version=8.0.0.0, Culture=neutral, PublicKeyToken=b03f5f7f11d50a3a".
             Resolved file path is "C:\Users\NoahR\OneDrive\Desktop\Jarvis\tools\dotnet\packs\Microsoft.NETCore.App.Ref\8.0.8\ref\net8.0\System.IO.Pipes.AccessControl.dll".
             Reference found at search path location "{RawFileName}".
             This reference is not "CopyLocal" because at least one source item had "Private" set to "false" and no source items had "Private" set to "true".
         Primary reference "System.IO.Pipes, Version=8.0.0.0, Culture=neutral, PublicKeyToken=b03f5f7f11d50a3a".
             Resolved file path is "C:\Users\NoahR\OneDrive\Desktop\Jarvis\tools\dotnet\packs\Microsoft.NETCore.App.Ref\8.0.8\ref\net8.0\System.IO.Pipes.dll".
             Reference found at search path location "{RawFileName}".
             This reference is not "CopyLocal" because at least one source item had "Private" set to "false" and no source items had "Private" set to "true".
         Primary reference "System.IO.UnmanagedMemoryStream, Version=8.0.0.0, Culture=neutral, PublicKeyToken=b03f5f7f11d50a3a".
             Resolved file path is "C:\Users\NoahR\OneDrive\Desktop\Jarvis\tools\dotnet\packs\Microsoft.NETCore.App.Ref\8.0.8\ref\net8.0\System.IO.UnmanagedMemoryStream.dll".
             Reference found at search path location "{RawFileName}".
             This reference is not "CopyLocal" because at least one source item had "Private" set to "false" and no source items had "Private" set to "true".
         Primary reference "System.IO, Version=8.0.0.0, Culture=neutral, PublicKeyToken=b03f5f7f11d50a3a".
             Resolved file path is "C:\Users\NoahR\OneDrive\Desktop\Jarvis\tools\dotnet\packs\Microsoft.NETCore.App.Ref\8.0.8\ref\net8.0\System.IO.dll".
             Reference found at search path location "{RawFileName}".
             This reference is not "CopyLocal" because at least one source item had "Private" set to "false" and no source items had "Private" set to "true".
         Primary reference "System.Linq.Expressions, Version=8.0.0.0, Culture=neutral, PublicKeyToken=b03f5f7f11d50a3a".
             Resolved file path is "C:\Users\NoahR\OneDrive\Desktop\Jarvis\tools\dotnet\packs\Microsoft.NETCore.App.Ref\8.0.8\ref\net8.0\System.Linq.Expressions.dll".
             Reference found at search path location "{RawFileName}".
             This reference is not "CopyLocal" because at least one source item had "Private" set to "false" and no source items had "Private" set to "true".
         Primary reference "System.Linq.Parallel, Version=8.0.0.0, Culture=neutral, PublicKeyToken=b03f5f7f11d50a3a".
             Resolved file path is "C:\Users\NoahR\OneDrive\Desktop\Jarvis\tools\dotnet\packs\Microsoft.NETCore.App.Ref\8.0.8\ref\net8.0\System.Linq.Parallel.dll".
             Reference found at search path location "{RawFileName}".
             This reference is not "CopyLocal" because at least one source item had "Private" set to "false" and no source items had "Private" set to "true".
         Primary reference "System.Linq.Queryable, Version=8.0.0.0, Culture=neutral, PublicKeyToken=b03f5f7f11d50a3a".
             Resolved file path is "C:\Users\NoahR\OneDrive\Desktop\Jarvis\tools\dotnet\packs\Microsoft.NETCore.App.Ref\8.0.8\ref\net8.0\System.Linq.Queryable.dll".
             Reference found at search path location "{RawFileName}".
             This reference is not "CopyLocal" because at least one source item had "Private" set to "false" and no source items had "Private" set to "true".
         Primary reference "System.Linq, Version=8.0.0.0, Culture=neutral, PublicKeyToken=b03f5f7f11d50a3a".
             Resolved file path is "C:\Users\NoahR\OneDrive\Desktop\Jarvis\tools\dotnet\packs\Microsoft.NETCore.App.Ref\8.0.8\ref\net8.0\System.Linq.dll".
             Reference found at search path location "{RawFileName}".
             This reference is not "CopyLocal" because at least one source item had "Private" set to "false" and no source items had "Private" set to "true".
         Primary reference "System.Memory, Version=8.0.0.0, Culture=neutral, PublicKeyToken=cc7b13ffcd2ddd51".
             Resolved file path is "C:\Users\NoahR\OneDrive\Desktop\Jarvis\tools\dotnet\packs\Microsoft.NETCore.App.Ref\8.0.8\ref\net8.0\System.Memory.dll".
             Reference found at search path location "{RawFileName}".
             This reference is not "CopyLocal" because at least one source item had "Private" set to "false" and no source items had "Private" set to "true".
         Primary reference "System.Net.Http.Json, Version=8.0.0.0, Culture=neutral, PublicKeyToken=cc7b13ffcd2ddd51".
             Resolved file path is "C:\Users\NoahR\OneDrive\Desktop\Jarvis\tools\dotnet\packs\Microsoft.NETCore.App.Ref\8.0.8\ref\net8.0\System.Net.Http.Json.dll".
             Reference found at search path location "{RawFileName}".
             This reference is not "CopyLocal" because at least one source item had "Private" set to "false" and no source items had "Private" set to "true".
         Primary reference "System.Net.Http, Version=8.0.0.0, Culture=neutral, PublicKeyToken=b03f5f7f11d50a3a".
             Resolved file path is "C:\Users\NoahR\OneDrive\Desktop\Jarvis\tools\dotnet\packs\Microsoft.NETCore.App.Ref\8.0.8\ref\net8.0\System.Net.Http.dll".
             Reference found at search path location "{RawFileName}".
             This reference is not "CopyLocal" because at least one source item had "Private" set to "false" and no source items had "Private" set to "true".
         Primary reference "System.Net.HttpListener, Version=8.0.0.0, Culture=neutral, PublicKeyToken=cc7b13ffcd2ddd51".
             Resolved file path is "C:\Users\NoahR\OneDrive\Desktop\Jarvis\tools\dotnet\packs\Microsoft.NETCore.App.Ref\8.0.8\ref\net8.0\System.Net.HttpListener.dll".
             Reference found at search path location "{RawFileName}".
             This reference is not "CopyLocal" because at least one source item had "Private" set to "false" and no source items had "Private" set to "true".
         Primary reference "System.Net.Mail, Version=8.0.0.0, Culture=neutral, PublicKeyToken=cc7b13ffcd2ddd51".
             Resolved file path is "C:\Users\NoahR\OneDrive\Desktop\Jarvis\tools\dotnet\packs\Microsoft.NETCore.App.Ref\8.0.8\ref\net8.0\System.Net.Mail.dll".
             Reference found at search path location "{RawFileName}".
             This reference is not "CopyLocal" because at least one source item had "Private" set to "false" and no source items had "Private" set to "true".
         Primary reference "System.Net.NameResolution, Version=8.0.0.0, Culture=neutral, PublicKeyToken=b03f5f7f11d50a3a".
             Resolved file path is "C:\Users\NoahR\OneDrive\Desktop\Jarvis\tools\dotnet\packs\Microsoft.NETCore.App.Ref\8.0.8\ref\net8.0\System.Net.NameResolution.dll".
             Reference found at search path location "{RawFileName}".
             This reference is not "CopyLocal" because at least one source item had "Private" set to "false" and no source items had "Private" set to "true".
         Primary reference "System.Net.NetworkInformation, Version=8.0.0.0, Culture=neutral, PublicKeyToken=b03f5f7f11d50a3a".
             Resolved file path is "C:\Users\NoahR\OneDrive\Desktop\Jarvis\tools\dotnet\packs\Microsoft.NETCore.App.Ref\8.0.8\ref\net8.0\System.Net.NetworkInformation.dll".
             Reference found at search path location "{RawFileName}".
             This reference is not "CopyLocal" because at least one source item had "Private" set to "false" and no source items had "Private" set to "true".
         Primary reference "System.Net.Ping, Version=8.0.0.0, Culture=neutral, PublicKeyToken=b03f5f7f11d50a3a".
             Resolved file path is "C:\Users\NoahR\OneDrive\Desktop\Jarvis\tools\dotnet\packs\Microsoft.NETCore.App.Ref\8.0.8\ref\net8.0\System.Net.Ping.dll".
             Reference found at search path location "{RawFileName}".
             This reference is not "CopyLocal" because at least one source item had "Private" set to "false" and no source items had "Private" set to "true".
         Primary reference "System.Net.Primitives, Version=8.0.0.0, Culture=neutral, PublicKeyToken=b03f5f7f11d50a3a".
             Resolved file path is "C:\Users\NoahR\OneDrive\Desktop\Jarvis\tools\dotnet\packs\Microsoft.NETCore.App.Ref\8.0.8\ref\net8.0\System.Net.Primitives.dll".
             Reference found at search path location "{RawFileName}".
             This reference is not "CopyLocal" because at least one source item had "Private" set to "false" and no source items had "Private" set to "true".
         Primary reference "System.Net.Quic, Version=8.0.0.0, Culture=neutral, PublicKeyToken=b03f5f7f11d50a3a".
             Resolved file path is "C:\Users\NoahR\OneDrive\Desktop\Jarvis\tools\dotnet\packs\Microsoft.NETCore.App.Ref\8.0.8\ref\net8.0\System.Net.Quic.dll".
             Reference found at search path location "{RawFileName}".
             This reference is not "CopyLocal" because at least one source item had "Private" set to "false" and no source items had "Private" set to "true".
         Primary reference "System.Net.Requests, Version=8.0.0.0, Culture=neutral, PublicKeyToken=b03f5f7f11d50a3a".
             Resolved file path is "C:\Users\NoahR\OneDrive\Desktop\Jarvis\tools\dotnet\packs\Microsoft.NETCore.App.Ref\8.0.8\ref\net8.0\System.Net.Requests.dll".
             Reference found at search path location "{RawFileName}".
             This reference is not "CopyLocal" because at least one source item had "Private" set to "false" and no source items had "Private" set to "true".
         Primary reference "System.Net.Security, Version=8.0.0.0, Culture=neutral, PublicKeyToken=b03f5f7f11d50a3a".
             Resolved file path is "C:\Users\NoahR\OneDrive\Desktop\Jarvis\tools\dotnet\packs\Microsoft.NETCore.App.Ref\8.0.8\ref\net8.0\System.Net.Security.dll".
             Reference found at search path location "{RawFileName}".
             This reference is not "CopyLocal" because at least one source item had "Private" set to "false" and no source items had "Private" set to "true".
         Primary reference "System.Net.ServicePoint, Version=8.0.0.0, Culture=neutral, PublicKeyToken=cc7b13ffcd2ddd51".
             Resolved file path is "C:\Users\NoahR\OneDrive\Desktop\Jarvis\tools\dotnet\packs\Microsoft.NETCore.App.Ref\8.0.8\ref\net8.0\System.Net.ServicePoint.dll".
             Reference found at search path location "{RawFileName}".
             This reference is not "CopyLocal" because at least one source item had "Private" set to "false" and no source items had "Private" set to "true".
         Primary reference "System.Net.Sockets, Version=8.0.0.0, Culture=neutral, PublicKeyToken=b03f5f7f11d50a3a".
             Resolved file path is "C:\Users\NoahR\OneDrive\Desktop\Jarvis\tools\dotnet\packs\Microsoft.NETCore.App.Ref\8.0.8\ref\net8.0\System.Net.Sockets.dll".
             Reference found at search path location "{RawFileName}".
             This reference is not "CopyLocal" because at least one source item had "Private" set to "false" and no source items had "Private" set to "true".
         Primary reference "System.Net.WebClient, Version=8.0.0.0, Culture=neutral, PublicKeyToken=cc7b13ffcd2ddd51".
             Resolved file path is "C:\Users\NoahR\OneDrive\Desktop\Jarvis\tools\dotnet\packs\Microsoft.NETCore.App.Ref\8.0.8\ref\net8.0\System.Net.WebClient.dll".
             Reference found at search path location "{RawFileName}".
             This reference is not "CopyLocal" because at least one source item had "Private" set to "false" and no source items had "Private" set to "true".
         Primary reference "System.Net.WebHeaderCollection, Version=8.0.0.0, Culture=neutral, PublicKeyToken=b03f5f7f11d50a3a".
             Resolved file path is "C:\Users\NoahR\OneDrive\Desktop\Jarvis\tools\dotnet\packs\Microsoft.NETCore.App.Ref\8.0.8\ref\net8.0\System.Net.WebHeaderCollection.dll".
             Reference found at search path location "{RawFileName}".
             This reference is not "CopyLocal" because at least one source item had "Private" set to "false" and no source items had "Private" set to "true".
         Primary reference "System.Net.WebProxy, Version=8.0.0.0, Culture=neutral, PublicKeyToken=cc7b13ffcd2ddd51".
             Resolved file path is "C:\Users\NoahR\OneDrive\Desktop\Jarvis\tools\dotnet\packs\Microsoft.NETCore.App.Ref\8.0.8\ref\net8.0\System.Net.WebProxy.dll".
             Reference found at search path location "{RawFileName}".
             This reference is not "CopyLocal" because at least one source item had "Private" set to "false" and no source items had "Private" set to "true".
         Primary reference "System.Net.WebSockets.Client, Version=8.0.0.0, Culture=neutral, PublicKeyToken=b03f5f7f11d50a3a".
             Resolved file path is "C:\Users\NoahR\OneDrive\Desktop\Jarvis\tools\dotnet\packs\Microsoft.NETCore.App.Ref\8.0.8\ref\net8.0\System.Net.WebSockets.Client.dll".
             Reference found at search path location "{RawFileName}".
             This reference is not "CopyLocal" because at least one source item had "Private" set to "false" and no source items had "Private" set to "true".
         Primary reference "System.Net.WebSockets, Version=8.0.0.0, Culture=neutral, PublicKeyToken=b03f5f7f11d50a3a".
             Resolved file path is "C:\Users\NoahR\OneDrive\Desktop\Jarvis\tools\dotnet\packs\Microsoft.NETCore.App.Ref\8.0.8\ref\net8.0\System.Net.WebSockets.dll".
             Reference found at search path location "{RawFileName}".
             This reference is not "CopyLocal" because at least one source item had "Private" set to "false" and no source items had "Private" set to "true".
         Primary reference "System.Net, Version=4.0.0.0, Culture=neutral, PublicKeyToken=b03f5f7f11d50a3a".
             Resolved file path is "C:\Users\NoahR\OneDrive\Desktop\Jarvis\tools\dotnet\packs\Microsoft.NETCore.App.Ref\8.0.8\ref\net8.0\System.Net.dll".
             Reference found at search path location "{RawFileName}".
             This reference is not "CopyLocal" because at least one source item had "Private" set to "false" and no source items had "Private" set to "true".
         Primary reference "System.Numerics.Vectors, Version=8.0.0.0, Culture=neutral, PublicKeyToken=b03f5f7f11d50a3a".
             Resolved file path is "C:\Users\NoahR\OneDrive\Desktop\Jarvis\tools\dotnet\packs\Microsoft.NETCore.App.Ref\8.0.8\ref\net8.0\System.Numerics.Vectors.dll".
             Reference found at search path location "{RawFileName}".
             This reference is not "CopyLocal" because at least one source item had "Private" set to "false" and no source items had "Private" set to "true".
         Primary reference "System.Numerics, Version=4.0.0.0, Culture=neutral, PublicKeyToken=b77a5c561934e089".
             Resolved file path is "C:\Users\NoahR\OneDrive\Desktop\Jarvis\tools\dotnet\packs\Microsoft.NETCore.App.Ref\8.0.8\ref\net8.0\System.Numerics.dll".
             Reference found at search path location "{RawFileName}".
             This reference is not "CopyLocal" because at least one source item had "Private" set to "false" and no source items had "Private" set to "true".
         Primary reference "System.ObjectModel, Version=8.0.0.0, Culture=neutral, PublicKeyToken=b03f5f7f11d50a3a".
             Resolved file path is "C:\Users\NoahR\OneDrive\Desktop\Jarvis\tools\dotnet\packs\Microsoft.NETCore.App.Ref\8.0.8\ref\net8.0\System.ObjectModel.dll".
             Reference found at search path location "{RawFileName}".
             This reference is not "CopyLocal" because at least one source item had "Private" set to "false" and no source items had "Private" set to "true".
         Primary reference "System.Reflection.DispatchProxy, Version=8.0.0.0, Culture=neutral, PublicKeyToken=b03f5f7f11d50a3a".
             Resolved file path is "C:\Users\NoahR\OneDrive\Desktop\Jarvis\tools\dotnet\packs\Microsoft.NETCore.App.Ref\8.0.8\ref\net8.0\System.Reflection.DispatchProxy.dll".
             Reference found at search path location "{RawFileName}".
             This reference is not "CopyLocal" because at least one source item had "Private" set to "false" and no source items had "Private" set to "true".
         Primary reference "System.Reflection.Emit.ILGeneration, Version=8.0.0.0, Culture=neutral, PublicKeyToken=b03f5f7f11d50a3a".
             Resolved file path is "C:\Users\NoahR\OneDrive\Desktop\Jarvis\tools\dotnet\packs\Microsoft.NETCore.App.Ref\8.0.8\ref\net8.0\System.Reflection.Emit.ILGeneration.dll".
             Reference found at search path location "{RawFileName}".
             This reference is not "CopyLocal" because at least one source item had "Private" set to "false" and no source items had "Private" set to "true".
         Primary reference "System.Reflection.Emit.Lightweight, Version=8.0.0.0, Culture=neutral, PublicKeyToken=b03f5f7f11d50a3a".
             Resolved file path is "C:\Users\NoahR\OneDrive\Desktop\Jarvis\tools\dotnet\packs\Microsoft.NETCore.App.Ref\8.0.8\ref\net8.0\System.Reflection.Emit.Lightweight.dll".
             Reference found at search path location "{RawFileName}".
             This reference is not "CopyLocal" because at least one source item had "Private" set to "false" and no source items had "Private" set to "true".
         Primary reference "System.Reflection.Emit, Version=8.0.0.0, Culture=neutral, PublicKeyToken=b03f5f7f11d50a3a".
             Resolved file path is "C:\Users\NoahR\OneDrive\Desktop\Jarvis\tools\dotnet\packs\Microsoft.NETCore.App.Ref\8.0.8\ref\net8.0\System.Reflection.Emit.dll".
             Reference found at search path location "{RawFileName}".
             This reference is not "CopyLocal" because at least one source item had "Private" set to "false" and no source items had "Private" set to "true".
         Primary reference "System.Reflection.Extensions, Version=8.0.0.0, Culture=neutral, PublicKeyToken=b03f5f7f11d50a3a".
             Resolved file path is "C:\Users\NoahR\OneDrive\Desktop\Jarvis\tools\dotnet\packs\Microsoft.NETCore.App.Ref\8.0.8\ref\net8.0\System.Reflection.Extensions.dll".
             Reference found at search path location "{RawFileName}".
             This reference is not "CopyLocal" because at least one source item had "Private" set to "false" and no source items had "Private" set to "true".
         Primary reference "System.Reflection.Metadata, Version=8.0.0.0, Culture=neutral, PublicKeyToken=b03f5f7f11d50a3a".
             Resolved file path is "C:\Users\NoahR\OneDrive\Desktop\Jarvis\tools\dotnet\packs\Microsoft.NETCore.App.Ref\8.0.8\ref\net8.0\System.Reflection.Metadata.dll".
             Reference found at search path location "{RawFileName}".
             This reference is not "CopyLocal" because at least one source item had "Private" set to "false" and no source items had "Private" set to "true".
         Primary reference "System.Reflection.Primitives, Version=8.0.0.0, Culture=neutral, PublicKeyToken=b03f5f7f11d50a3a".
             Resolved file path is "C:\Users\NoahR\OneDrive\Desktop\Jarvis\tools\dotnet\packs\Microsoft.NETCore.App.Ref\8.0.8\ref\net8.0\System.Reflection.Primitives.dll".
             Reference found at search path location "{RawFileName}".
             This reference is not "CopyLocal" because at least one source item had "Private" set to "false" and no source items had "Private" set to "true".
         Primary reference "System.Reflection.TypeExtensions, Version=8.0.0.0, Culture=neutral, PublicKeyToken=b03f5f7f11d50a3a".
             Resolved file path is "C:\Users\NoahR\OneDrive\Desktop\Jarvis\tools\dotnet\packs\Microsoft.NETCore.App.Ref\8.0.8\ref\net8.0\System.Reflection.TypeExtensions.dll".
             Reference found at search path location "{RawFileName}".
             This reference is not "CopyLocal" because at least one source item had "Private" set to "false" and no source items had "Private" set to "true".
         Primary reference "System.Reflection, Version=8.0.0.0, Culture=neutral, PublicKeyToken=b03f5f7f11d50a3a".
             Resolved file path is "C:\Users\NoahR\OneDrive\Desktop\Jarvis\tools\dotnet\packs\Microsoft.NETCore.App.Ref\8.0.8\ref\net8.0\System.Reflection.dll".
             Reference found at search path location "{RawFileName}".
             This reference is not "CopyLocal" because at least one source item had "Private" set to "false" and no source items had "Private" set to "true".
         Primary reference "System.Resources.Reader, Version=8.0.0.0, Culture=neutral, PublicKeyToken=b03f5f7f11d50a3a".
             Resolved file path is "C:\Users\NoahR\OneDrive\Desktop\Jarvis\tools\dotnet\packs\Microsoft.NETCore.App.Ref\8.0.8\ref\net8.0\System.Resources.Reader.dll".
             Reference found at search path location "{RawFileName}".
             This reference is not "CopyLocal" because at least one source item had "Private" set to "false" and no source items had "Private" set to "true".
         Primary reference "System.Resources.ResourceManager, Version=8.0.0.0, Culture=neutral, PublicKeyToken=b03f5f7f11d50a3a".
             Resolved file path is "C:\Users\NoahR\OneDrive\Desktop\Jarvis\tools\dotnet\packs\Microsoft.NETCore.App.Ref\8.0.8\ref\net8.0\System.Resources.ResourceManager.dll".
             Reference found at search path location "{RawFileName}".
             This reference is not "CopyLocal" because at least one source item had "Private" set to "false" and no source items had "Private" set to "true".
         Primary reference "System.Resources.Writer, Version=8.0.0.0, Culture=neutral, PublicKeyToken=b03f5f7f11d50a3a".
             Resolved file path is "C:\Users\NoahR\OneDrive\Desktop\Jarvis\tools\dotnet\packs\Microsoft.NETCore.App.Ref\8.0.8\ref\net8.0\System.Resources.Writer.dll".
             Reference found at search path location "{RawFileName}".
             This reference is not "CopyLocal" because at least one source item had "Private" set to "false" and no source items had "Private" set to "true".
         Primary reference "System.Runtime.CompilerServices.Unsafe, Version=8.0.0.0, Culture=neutral, PublicKeyToken=b03f5f7f11d50a3a".
             Resolved file path is "C:\Users\NoahR\OneDrive\Desktop\Jarvis\tools\dotnet\packs\Microsoft.NETCore.App.Ref\8.0.8\ref\net8.0\System.Runtime.CompilerServices.Unsafe.dll".
             Reference found at search path location "{RawFileName}".
             This reference is not "CopyLocal" because at least one source item had "Private" set to "false" and no source items had "Private" set to "true".
         Primary reference "System.Runtime.CompilerServices.VisualC, Version=8.0.0.0, Culture=neutral, PublicKeyToken=b03f5f7f11d50a3a".
             Resolved file path is "C:\Users\NoahR\OneDrive\Desktop\Jarvis\tools\dotnet\packs\Microsoft.NETCore.App.Ref\8.0.8\ref\net8.0\System.Runtime.CompilerServices.VisualC.dll".
             Reference found at search path location "{RawFileName}".
             This reference is not "CopyLocal" because at least one source item had "Private" set to "false" and no source items had "Private" set to "true".
         Primary reference "System.Runtime.Extensions, Version=8.0.0.0, Culture=neutral, PublicKeyToken=b03f5f7f11d50a3a".
             Resolved file path is "C:\Users\NoahR\OneDrive\Desktop\Jarvis\tools\dotnet\packs\Microsoft.NETCore.App.Ref\8.0.8\ref\net8.0\System.Runtime.Extensions.dll".
             Reference found at search path location "{RawFileName}".
             This reference is not "CopyLocal" because at least one source item had "Private" set to "false" and no source items had "Private" set to "true".
         Primary reference "System.Runtime.Handles, Version=8.0.0.0, Culture=neutral, PublicKeyToken=b03f5f7f11d50a3a".
             Resolved file path is "C:\Users\NoahR\OneDrive\Desktop\Jarvis\tools\dotnet\packs\Microsoft.NETCore.App.Ref\8.0.8\ref\net8.0\System.Runtime.Handles.dll".
             Reference found at search path location "{RawFileName}".
             This reference is not "CopyLocal" because at least one source item had "Private" set to "false" and no source items had "Private" set to "true".
         Primary reference "System.Runtime.InteropServices.JavaScript, Version=8.0.0.0, Culture=neutral, PublicKeyToken=b03f5f7f11d50a3a".
             Resolved file path is "C:\Users\NoahR\OneDrive\Desktop\Jarvis\tools\dotnet\packs\Microsoft.NETCore.App.Ref\8.0.8\ref\net8.0\System.Runtime.InteropServices.JavaScript.dll".
             Reference found at search path location "{RawFileName}".
             This reference is not "CopyLocal" because at least one source item had "Private" set to "false" and no source items had "Private" set to "true".
         Primary reference "System.Runtime.InteropServices.RuntimeInformation, Version=8.0.0.0, Culture=neutral, PublicKeyToken=b03f5f7f11d50a3a".
             Resolved file path is "C:\Users\NoahR\OneDrive\Desktop\Jarvis\tools\dotnet\packs\Microsoft.NETCore.App.Ref\8.0.8\ref\net8.0\System.Runtime.InteropServices.RuntimeInformation.dll".
             Reference found at search path location "{RawFileName}".
             This reference is not "CopyLocal" because at least one source item had "Private" set to "false" and no source items had "Private" set to "true".
         Primary reference "System.Runtime.InteropServices, Version=8.0.0.0, Culture=neutral, PublicKeyToken=b03f5f7f11d50a3a".
             Resolved file path is "C:\Users\NoahR\OneDrive\Desktop\Jarvis\tools\dotnet\packs\Microsoft.NETCore.App.Ref\8.0.8\ref\net8.0\System.Runtime.InteropServices.dll".
             Reference found at search path location "{RawFileName}".
             This reference is not "CopyLocal" because at least one source item had "Private" set to "false" and no source items had "Private" set to "true".
         Primary reference "System.Runtime.Intrinsics, Version=8.0.0.0, Culture=neutral, PublicKeyToken=cc7b13ffcd2ddd51".
             Resolved file path is "C:\Users\NoahR\OneDrive\Desktop\Jarvis\tools\dotnet\packs\Microsoft.NETCore.App.Ref\8.0.8\ref\net8.0\System.Runtime.Intrinsics.dll".
             Reference found at search path location "{RawFileName}".
             This reference is not "CopyLocal" because at least one source item had "Private" set to "false" and no source items had "Private" set to "true".
         Primary reference "System.Runtime.Loader, Version=8.0.0.0, Culture=neutral, PublicKeyToken=b03f5f7f11d50a3a".
             Resolved file path is "C:\Users\NoahR\OneDrive\Desktop\Jarvis\tools\dotnet\packs\Microsoft.NETCore.App.Ref\8.0.8\ref\net8.0\System.Runtime.Loader.dll".
             Reference found at search path location "{RawFileName}".
             This reference is not "CopyLocal" because at least one source item had "Private" set to "false" and no source items had "Private" set to "true".
         Primary reference "System.Runtime.Numerics, Version=8.0.0.0, Culture=neutral, PublicKeyToken=b03f5f7f11d50a3a".
             Resolved file path is "C:\Users\NoahR\OneDrive\Desktop\Jarvis\tools\dotnet\packs\Microsoft.NETCore.App.Ref\8.0.8\ref\net8.0\System.Runtime.Numerics.dll".
             Reference found at search path location "{RawFileName}".
             This reference is not "CopyLocal" because at least one source item had "Private" set to "false" and no source items had "Private" set to "true".
         Primary reference "System.Runtime.Serialization.Formatters, Version=8.0.0.0, Culture=neutral, PublicKeyToken=b03f5f7f11d50a3a".
             Resolved file path is "C:\Users\NoahR\OneDrive\Desktop\Jarvis\tools\dotnet\packs\Microsoft.NETCore.App.Ref\8.0.8\ref\net8.0\System.Runtime.Serialization.Formatters.dll".
             Reference found at search path location "{RawFileName}".
             This reference is not "CopyLocal" because at least one source item had "Private" set to "false" and no source items had "Private" set to "true".
         Primary reference "System.Runtime.Serialization.Json, Version=8.0.0.0, Culture=neutral, PublicKeyToken=b03f5f7f11d50a3a".
             Resolved file path is "C:\Users\NoahR\OneDrive\Desktop\Jarvis\tools\dotnet\packs\Microsoft.NETCore.App.Ref\8.0.8\ref\net8.0\System.Runtime.Serialization.Json.dll".
             Reference found at search path location "{RawFileName}".
             This reference is not "CopyLocal" because at least one source item had "Private" set to "false" and no source items had "Private" set to "true".
         Primary reference "System.Runtime.Serialization.Primitives, Version=8.0.0.0, Culture=neutral, PublicKeyToken=b03f5f7f11d50a3a".
             Resolved file path is "C:\Users\NoahR\OneDrive\Desktop\Jarvis\tools\dotnet\packs\Microsoft.NETCore.App.Ref\8.0.8\ref\net8.0\System.Runtime.Serialization.Primitives.dll".
             Reference found at search path location "{RawFileName}".
             This reference is not "CopyLocal" because at least one source item had "Private" set to "false" and no source items had "Private" set to "true".
         Primary reference "System.Runtime.Serialization.Xml, Version=8.0.0.0, Culture=neutral, PublicKeyToken=b03f5f7f11d50a3a".
             Resolved file path is "C:\Users\NoahR\OneDrive\Desktop\Jarvis\tools\dotnet\packs\Microsoft.NETCore.App.Ref\8.0.8\ref\net8.0\System.Runtime.Serialization.Xml.dll".
             Reference found at search path location "{RawFileName}".
             This reference is not "CopyLocal" because at least one source item had "Private" set to "false" and no source items had "Private" set to "true".
         Primary reference "System.Runtime.Serialization, Version=4.0.0.0, Culture=neutral, PublicKeyToken=b77a5c561934e089".
             Resolved file path is "C:\Users\NoahR\OneDrive\Desktop\Jarvis\tools\dotnet\packs\Microsoft.NETCore.App.Ref\8.0.8\ref\net8.0\System.Runtime.Serialization.dll".
             Reference found at search path location "{RawFileName}".
             This reference is not "CopyLocal" because at least one source item had "Private" set to "false" and no source items had "Private" set to "true".
         Primary reference "System.Runtime, Version=8.0.0.0, Culture=neutral, PublicKeyToken=b03f5f7f11d50a3a".
             Resolved file path is "C:\Users\NoahR\OneDrive\Desktop\Jarvis\tools\dotnet\packs\Microsoft.NETCore.App.Ref\8.0.8\ref\net8.0\System.Runtime.dll".
             Reference found at search path location "{RawFileName}".
             This reference is not "CopyLocal" because at least one source item had "Private" set to "false" and no source items had "Private" set to "true".
         Primary reference "System.Security.AccessControl, Version=8.0.0.0, Culture=neutral, PublicKeyToken=b03f5f7f11d50a3a".
             Resolved file path is "C:\Users\NoahR\OneDrive\Desktop\Jarvis\tools\dotnet\packs\Microsoft.NETCore.App.Ref\8.0.8\ref\net8.0\System.Security.AccessControl.dll".
             Reference found at search path location "{RawFileName}".
             This reference is not "CopyLocal" because at least one source item had "Private" set to "false" and no source items had "Private" set to "true".
         Primary reference "System.Security.Claims, Version=8.0.0.0, Culture=neutral, PublicKeyToken=b03f5f7f11d50a3a".
             Resolved file path is "C:\Users\NoahR\OneDrive\Desktop\Jarvis\tools\dotnet\packs\Microsoft.NETCore.App.Ref\8.0.8\ref\net8.0\System.Security.Claims.dll".
             Reference found at search path location "{RawFileName}".
             This reference is not "CopyLocal" because at least one source item had "Private" set to "false" and no source items had "Private" set to "true".
         Primary reference "System.Security.Cryptography.Algorithms, Version=8.0.0.0, Culture=neutral, PublicKeyToken=b03f5f7f11d50a3a".
             Resolved file path is "C:\Users\NoahR\OneDrive\Desktop\Jarvis\tools\dotnet\packs\Microsoft.NETCore.App.Ref\8.0.8\ref\net8.0\System.Security.Cryptography.Algorithms.dll".
             Reference found at search path location "{RawFileName}".
             This reference is not "CopyLocal" because at least one source item had "Private" set to "false" and no source items had "Private" set to "true".
         Primary reference "System.Security.Cryptography.Cng, Version=8.0.0.0, Culture=neutral, PublicKeyToken=b03f5f7f11d50a3a".
             Resolved file path is "C:\Users\NoahR\OneDrive\Desktop\Jarvis\tools\dotnet\packs\Microsoft.NETCore.App.Ref\8.0.8\ref\net8.0\System.Security.Cryptography.Cng.dll".
             Reference found at search path location "{RawFileName}".
             This reference is not "CopyLocal" because at least one source item had "Private" set to "false" and no source items had "Private" set to "true".
         Primary reference "System.Security.Cryptography.Csp, Version=8.0.0.0, Culture=neutral, PublicKeyToken=b03f5f7f11d50a3a".
             Resolved file path is "C:\Users\NoahR\OneDrive\Desktop\Jarvis\tools\dotnet\packs\Microsoft.NETCore.App.Ref\8.0.8\ref\net8.0\System.Security.Cryptography.Csp.dll".
             Reference found at search path location "{RawFileName}".
             This reference is not "CopyLocal" because at least one source item had "Private" set to "false" and no source items had "Private" set to "true".
         Primary reference "System.Security.Cryptography.Encoding, Version=8.0.0.0, Culture=neutral, PublicKeyToken=b03f5f7f11d50a3a".
             Resolved file path is "C:\Users\NoahR\OneDrive\Desktop\Jarvis\tools\dotnet\packs\Microsoft.NETCore.App.Ref\8.0.8\ref\net8.0\System.Security.Cryptography.Encoding.dll".
             Reference found at search path location "{RawFileName}".
             This reference is not "CopyLocal" because at least one source item had "Private" set to "false" and no source items had "Private" set to "true".
         Primary reference "System.Security.Cryptography.OpenSsl, Version=8.0.0.0, Culture=neutral, PublicKeyToken=b03f5f7f11d50a3a".
             Resolved file path is "C:\Users\NoahR\OneDrive\Desktop\Jarvis\tools\dotnet\packs\Microsoft.NETCore.App.Ref\8.0.8\ref\net8.0\System.Security.Cryptography.OpenSsl.dll".
             Reference found at search path location "{RawFileName}".
             This reference is not "CopyLocal" because at least one source item had "Private" set to "false" and no source items had "Private" set to "true".
         Primary reference "System.Security.Cryptography.Primitives, Version=8.0.0.0, Culture=neutral, PublicKeyToken=b03f5f7f11d50a3a".
             Resolved file path is "C:\Users\NoahR\OneDrive\Desktop\Jarvis\tools\dotnet\packs\Microsoft.NETCore.App.Ref\8.0.8\ref\net8.0\System.Security.Cryptography.Primitives.dll".
             Reference found at search path location "{RawFileName}".
             This reference is not "CopyLocal" because at least one source item had "Private" set to "false" and no source items had "Private" set to "true".
         Primary reference "System.Security.Cryptography.X509Certificates, Version=8.0.0.0, Culture=neutral, PublicKeyToken=b03f5f7f11d50a3a".
             Resolved file path is "C:\Users\NoahR\OneDrive\Desktop\Jarvis\tools\dotnet\packs\Microsoft.NETCore.App.Ref\8.0.8\ref\net8.0\System.Security.Cryptography.X509Certificates.dll".
             Reference found at search path location "{RawFileName}".
             This reference is not "CopyLocal" because at least one source item had "Private" set to "false" and no source items had "Private" set to "true".
         Primary reference "System.Security.Cryptography, Version=8.0.0.0, Culture=neutral, PublicKeyToken=b03f5f7f11d50a3a".
             Resolved file path is "C:\Users\NoahR\OneDrive\Desktop\Jarvis\tools\dotnet\packs\Microsoft.NETCore.App.Ref\8.0.8\ref\net8.0\System.Security.Cryptography.dll".
             Reference found at search path location "{RawFileName}".
             This reference is not "CopyLocal" because at least one source item had "Private" set to "false" and no source items had "Private" set to "true".
         Primary reference "System.Security.Principal.Windows, Version=8.0.0.0, Culture=neutral, PublicKeyToken=b03f5f7f11d50a3a".
             Resolved file path is "C:\Users\NoahR\OneDrive\Desktop\Jarvis\tools\dotnet\packs\Microsoft.NETCore.App.Ref\8.0.8\ref\net8.0\System.Security.Principal.Windows.dll".
             Reference found at search path location "{RawFileName}".
             This reference is not "CopyLocal" because at least one source item had "Private" set to "false" and no source items had "Private" set to "true".
         Primary reference "System.Security.Principal, Version=8.0.0.0, Culture=neutral, PublicKeyToken=b03f5f7f11d50a3a".
             Resolved file path is "C:\Users\NoahR\OneDrive\Desktop\Jarvis\tools\dotnet\packs\Microsoft.NETCore.App.Ref\8.0.8\ref\net8.0\System.Security.Principal.dll".
             Reference found at search path location "{RawFileName}".
             This reference is not "CopyLocal" because at least one source item had "Private" set to "false" and no source items had "Private" set to "true".
         Primary reference "System.Security.SecureString, Version=8.0.0.0, Culture=neutral, PublicKeyToken=b03f5f7f11d50a3a".
             Resolved file path is "C:\Users\NoahR\OneDrive\Desktop\Jarvis\tools\dotnet\packs\Microsoft.NETCore.App.Ref\8.0.8\ref\net8.0\System.Security.SecureString.dll".
             Reference found at search path location "{RawFileName}".
             This reference is not "CopyLocal" because at least one source item had "Private" set to "false" and no source items had "Private" set to "true".
         Primary reference "System.Security, Version=4.0.0.0, Culture=neutral, PublicKeyToken=b03f5f7f11d50a3a".
             Resolved file path is "C:\Users\NoahR\OneDrive\Desktop\Jarvis\tools\dotnet\packs\Microsoft.NETCore.App.Ref\8.0.8\ref\net8.0\System.Security.dll".
             Reference found at search path location "{RawFileName}".
             This reference is not "CopyLocal" because at least one source item had "Private" set to "false" and no source items had "Private" set to "true".
         Primary reference "System.ServiceModel.Web, Version=4.0.0.0, Culture=neutral, PublicKeyToken=31bf3856ad364e35".
             Resolved file path is "C:\Users\NoahR\OneDrive\Desktop\Jarvis\tools\dotnet\packs\Microsoft.NETCore.App.Ref\8.0.8\ref\net8.0\System.ServiceModel.Web.dll".
             Reference found at search path location "{RawFileName}".
             This reference is not "CopyLocal" because at least one source item had "Private" set to "false" and no source items had "Private" set to "true".
         Primary reference "System.ServiceProcess, Version=4.0.0.0, Culture=neutral, PublicKeyToken=b03f5f7f11d50a3a".
             Resolved file path is "C:\Users\NoahR\OneDrive\Desktop\Jarvis\tools\dotnet\packs\Microsoft.NETCore.App.Ref\8.0.8\ref\net8.0\System.ServiceProcess.dll".
             Reference found at search path location "{RawFileName}".
             This reference is not "CopyLocal" because at least one source item had "Private" set to "false" and no source items had "Private" set to "true".
         Primary reference "System.Text.Encoding.CodePages, Version=8.0.0.0, Culture=neutral, PublicKeyToken=b03f5f7f11d50a3a".
             Resolved file path is "C:\Users\NoahR\OneDrive\Desktop\Jarvis\tools\dotnet\packs\Microsoft.NETCore.App.Ref\8.0.8\ref\net8.0\System.Text.Encoding.CodePages.dll".
             Reference found at search path location "{RawFileName}".
             This reference is not "CopyLocal" because at least one source item had "Private" set to "false" and no source items had "Private" set to "true".
         Primary reference "System.Text.Encoding.Extensions, Version=8.0.0.0, Culture=neutral, PublicKeyToken=b03f5f7f11d50a3a".
             Resolved file path is "C:\Users\NoahR\OneDrive\Desktop\Jarvis\tools\dotnet\packs\Microsoft.NETCore.App.Ref\8.0.8\ref\net8.0\System.Text.Encoding.Extensions.dll".
             Reference found at search path location "{RawFileName}".
             This reference is not "CopyLocal" because at least one source item had "Private" set to "false" and no source items had "Private" set to "true".
         Primary reference "System.Text.Encoding, Version=8.0.0.0, Culture=neutral, PublicKeyToken=b03f5f7f11d50a3a".
             Resolved file path is "C:\Users\NoahR\OneDrive\Desktop\Jarvis\tools\dotnet\packs\Microsoft.NETCore.App.Ref\8.0.8\ref\net8.0\System.Text.Encoding.dll".
             Reference found at search path location "{RawFileName}".
             This reference is not "CopyLocal" because at least one source item had "Private" set to "false" and no source items had "Private" set to "true".
         Primary reference "System.Text.Encodings.Web, Version=8.0.0.0, Culture=neutral, PublicKeyToken=cc7b13ffcd2ddd51".
             Resolved file path is "C:\Users\NoahR\OneDrive\Desktop\Jarvis\tools\dotnet\packs\Microsoft.NETCore.App.Ref\8.0.8\ref\net8.0\System.Text.Encodings.Web.dll".
             Reference found at search path location "{RawFileName}".
             This reference is not "CopyLocal" because at least one source item had "Private" set to "false" and no source items had "Private" set to "true".
         Primary reference "System.Text.Json, Version=8.0.0.0, Culture=neutral, PublicKeyToken=cc7b13ffcd2ddd51".
             Resolved file path is "C:\Users\NoahR\OneDrive\Desktop\Jarvis\tools\dotnet\packs\Microsoft.NETCore.App.Ref\8.0.8\ref\net8.0\System.Text.Json.dll".
             Reference found at search path location "{RawFileName}".
             This reference is not "CopyLocal" because at least one source item had "Private" set to "false" and no source items had "Private" set to "true".
         Primary reference "System.Text.RegularExpressions, Version=8.0.0.0, Culture=neutral, PublicKeyToken=b03f5f7f11d50a3a".
             Resolved file path is "C:\Users\NoahR\OneDrive\Desktop\Jarvis\tools\dotnet\packs\Microsoft.NETCore.App.Ref\8.0.8\ref\net8.0\System.Text.RegularExpressions.dll".
             Reference found at search path location "{RawFileName}".
             This reference is not "CopyLocal" because at least one source item had "Private" set to "false" and no source items had "Private" set to "true".
         Primary reference "System.Threading.Channels, Version=8.0.0.0, Culture=neutral, PublicKeyToken=cc7b13ffcd2ddd51".
             Resolved file path is "C:\Users\NoahR\OneDrive\Desktop\Jarvis\tools\dotnet\packs\Microsoft.NETCore.App.Ref\8.0.8\ref\net8.0\System.Threading.Channels.dll".
             Reference found at search path location "{RawFileName}".
             This reference is not "CopyLocal" because at least one source item had "Private" set to "false" and no source items had "Private" set to "true".
         Primary reference "System.Threading.Overlapped, Version=8.0.0.0, Culture=neutral, PublicKeyToken=b03f5f7f11d50a3a".
             Resolved file path is "C:\Users\NoahR\OneDrive\Desktop\Jarvis\tools\dotnet\packs\Microsoft.NETCore.App.Ref\8.0.8\ref\net8.0\System.Threading.Overlapped.dll".
             Reference found at search path location "{RawFileName}".
             This reference is not "CopyLocal" because at least one source item had "Private" set to "false" and no source items had "Private" set to "true".
         Primary reference "System.Threading.Tasks.Dataflow, Version=8.0.0.0, Culture=neutral, PublicKeyToken=b03f5f7f11d50a3a".
             Resolved file path is "C:\Users\NoahR\OneDrive\Desktop\Jarvis\tools\dotnet\packs\Microsoft.NETCore.App.Ref\8.0.8\ref\net8.0\System.Threading.Tasks.Dataflow.dll".
             Reference found at search path location "{RawFileName}".
             This reference is not "CopyLocal" because at least one source item had "Private" set to "false" and no source items had "Private" set to "true".
         Primary reference "System.Threading.Tasks.Extensions, Version=8.0.0.0, Culture=neutral, PublicKeyToken=cc7b13ffcd2ddd51".
             Resolved file path is "C:\Users\NoahR\OneDrive\Desktop\Jarvis\tools\dotnet\packs\Microsoft.NETCore.App.Ref\8.0.8\ref\net8.0\System.Threading.Tasks.Extensions.dll".
             Reference found at search path location "{RawFileName}".
             This reference is not "CopyLocal" because at least one source item had "Private" set to "false" and no source items had "Private" set to "true".
         Primary reference "System.Threading.Tasks.Parallel, Version=8.0.0.0, Culture=neutral, PublicKeyToken=b03f5f7f11d50a3a".
             Resolved file path is "C:\Users\NoahR\OneDrive\Desktop\Jarvis\tools\dotnet\packs\Microsoft.NETCore.App.Ref\8.0.8\ref\net8.0\System.Threading.Tasks.Parallel.dll".
             Reference found at search path location "{RawFileName}".
             This reference is not "CopyLocal" because at least one source item had "Private" set to "false" and no source items had "Private" set to "true".
         Primary reference "System.Threading.Tasks, Version=8.0.0.0, Culture=neutral, PublicKeyToken=b03f5f7f11d50a3a".
             Resolved file path is "C:\Users\NoahR\OneDrive\Desktop\Jarvis\tools\dotnet\packs\Microsoft.NETCore.App.Ref\8.0.8\ref\net8.0\System.Threading.Tasks.dll".
             Reference found at search path location "{RawFileName}".
             This reference is not "CopyLocal" because at least one source item had "Private" set to "false" and no source items had "Private" set to "true".
         Primary reference "System.Threading.Thread, Version=8.0.0.0, Culture=neutral, PublicKeyToken=b03f5f7f11d50a3a".
             Resolved file path is "C:\Users\NoahR\OneDrive\Desktop\Jarvis\tools\dotnet\packs\Microsoft.NETCore.App.Ref\8.0.8\ref\net8.0\System.Threading.Thread.dll".
             Reference found at search path location "{RawFileName}".
             This reference is not "CopyLocal" because at least one source item had "Private" set to "false" and no source items had "Private" set to "true".
         Primary reference "System.Threading.ThreadPool, Version=8.0.0.0, Culture=neutral, PublicKeyToken=b03f5f7f11d50a3a".
             Resolved file path is "C:\Users\NoahR\OneDrive\Desktop\Jarvis\tools\dotnet\packs\Microsoft.NETCore.App.Ref\8.0.8\ref\net8.0\System.Threading.ThreadPool.dll".
             Reference found at search path location "{RawFileName}".
             This reference is not "CopyLocal" because at least one source item had "Private" set to "false" and no source items had "Private" set to "true".
         Primary reference "System.Threading.Timer, Version=8.0.0.0, Culture=neutral, PublicKeyToken=b03f5f7f11d50a3a".
             Resolved file path is "C:\Users\NoahR\OneDrive\Desktop\Jarvis\tools\dotnet\packs\Microsoft.NETCore.App.Ref\8.0.8\ref\net8.0\System.Threading.Timer.dll".
             Reference found at search path location "{RawFileName}".
             This reference is not "CopyLocal" because at least one source item had "Private" set to "false" and no source items had "Private" set to "true".
         Primary reference "System.Threading, Version=8.0.0.0, Culture=neutral, PublicKeyToken=b03f5f7f11d50a3a".
             Resolved file path is "C:\Users\NoahR\OneDrive\Desktop\Jarvis\tools\dotnet\packs\Microsoft.NETCore.App.Ref\8.0.8\ref\net8.0\System.Threading.dll".
             Reference found at search path location "{RawFileName}".
             This reference is not "CopyLocal" because at least one source item had "Private" set to "false" and no source items had "Private" set to "true".
         Primary reference "System.Transactions.Local, Version=8.0.0.0, Culture=neutral, PublicKeyToken=cc7b13ffcd2ddd51".
             Resolved file path is "C:\Users\NoahR\OneDrive\Desktop\Jarvis\tools\dotnet\packs\Microsoft.NETCore.App.Ref\8.0.8\ref\net8.0\System.Transactions.Local.dll".
             Reference found at search path location "{RawFileName}".
             This reference is not "CopyLocal" because at least one source item had "Private" set to "false" and no source items had "Private" set to "true".
         Primary reference "System.Transactions, Version=4.0.0.0, Culture=neutral, PublicKeyToken=b77a5c561934e089".
             Resolved file path is "C:\Users\NoahR\OneDrive\Desktop\Jarvis\tools\dotnet\packs\Microsoft.NETCore.App.Ref\8.0.8\ref\net8.0\System.Transactions.dll".
             Reference found at search path location "{RawFileName}".
             This reference is not "CopyLocal" because at least one source item had "Private" set to "false" and no source items had "Private" set to "true".
         Primary reference "System.ValueTuple, Version=8.0.0.0, Culture=neutral, PublicKeyToken=cc7b13ffcd2ddd51".
             Resolved file path is "C:\Users\NoahR\OneDrive\Desktop\Jarvis\tools\dotnet\packs\Microsoft.NETCore.App.Ref\8.0.8\ref\net8.0\System.ValueTuple.dll".
             Reference found at search path location "{RawFileName}".
             This reference is not "CopyLocal" because at least one source item had "Private" set to "false" and no source items had "Private" set to "true".
         Primary reference "System.Web.HttpUtility, Version=8.0.0.0, Culture=neutral, PublicKeyToken=cc7b13ffcd2ddd51".
             Resolved file path is "C:\Users\NoahR\OneDrive\Desktop\Jarvis\tools\dotnet\packs\Microsoft.NETCore.App.Ref\8.0.8\ref\net8.0\System.Web.HttpUtility.dll".
             Reference found at search path location "{RawFileName}".
             This reference is not "CopyLocal" because at least one source item had "Private" set to "false" and no source items had "Private" set to "true".
         Primary reference "System.Web, Version=4.0.0.0, Culture=neutral, PublicKeyToken=b03f5f7f11d50a3a".
             Resolved file path is "C:\Users\NoahR\OneDrive\Desktop\Jarvis\tools\dotnet\packs\Microsoft.NETCore.App.Ref\8.0.8\ref\net8.0\System.Web.dll".
             Reference found at search path location "{RawFileName}".
             This reference is not "CopyLocal" because at least one source item had "Private" set to "false" and no source items had "Private" set to "true".
         Primary reference "System.Windows, Version=4.0.0.0, Culture=neutral, PublicKeyToken=b03f5f7f11d50a3a".
             Resolved file path is "C:\Users\NoahR\OneDrive\Desktop\Jarvis\tools\dotnet\packs\Microsoft.NETCore.App.Ref\8.0.8\ref\net8.0\System.Windows.dll".
             Reference found at search path location "{RawFileName}".
             This reference is not "CopyLocal" because at least one source item had "Private" set to "false" and no source items had "Private" set to "true".
         Primary reference "System.Xml.Linq, Version=4.0.0.0, Culture=neutral, PublicKeyToken=b77a5c561934e089".
             Resolved file path is "C:\Users\NoahR\OneDrive\Desktop\Jarvis\tools\dotnet\packs\Microsoft.NETCore.App.Ref\8.0.8\ref\net8.0\System.Xml.Linq.dll".
             Reference found at search path location "{RawFileName}".
             This reference is not "CopyLocal" because at least one source item had "Private" set to "false" and no source items had "Private" set to "true".
         Primary reference "System.Xml.ReaderWriter, Version=8.0.0.0, Culture=neutral, PublicKeyToken=b03f5f7f11d50a3a".
             Resolved file path is "C:\Users\NoahR\OneDrive\Desktop\Jarvis\tools\dotnet\packs\Microsoft.NETCore.App.Ref\8.0.8\ref\net8.0\System.Xml.ReaderWriter.dll".
             Reference found at search path location "{RawFileName}".
             This reference is not "CopyLocal" because at least one source item had "Private" set to "false" and no source items had "Private" set to "true".
         Primary reference "System.Xml.Serialization, Version=4.0.0.0, Culture=neutral, PublicKeyToken=b77a5c561934e089".
             Resolved file path is "C:\Users\NoahR\OneDrive\Desktop\Jarvis\tools\dotnet\packs\Microsoft.NETCore.App.Ref\8.0.8\ref\net8.0\System.Xml.Serialization.dll".
             Reference found at search path location "{RawFileName}".
             This reference is not "CopyLocal" because at least one source item had "Private" set to "false" and no source items had "Private" set to "true".
         Primary reference "System.Xml.XDocument, Version=8.0.0.0, Culture=neutral, PublicKeyToken=b03f5f7f11d50a3a".
             Resolved file path is "C:\Users\NoahR\OneDrive\Desktop\Jarvis\tools\dotnet\packs\Microsoft.NETCore.App.Ref\8.0.8\ref\net8.0\System.Xml.XDocument.dll".
             Reference found at search path location "{RawFileName}".
             This reference is not "CopyLocal" because at least one source item had "Private" set to "false" and no source items had "Private" set to "true".
         Primary reference "System.Xml.XPath.XDocument, Version=8.0.0.0, Culture=neutral, PublicKeyToken=b03f5f7f11d50a3a".
             Resolved file path is "C:\Users\NoahR\OneDrive\Desktop\Jarvis\tools\dotnet\packs\Microsoft.NETCore.App.Ref\8.0.8\ref\net8.0\System.Xml.XPath.XDocument.dll".
             Reference found at search path location "{RawFileName}".
             This reference is not "CopyLocal" because at least one source item had "Private" set to "false" and no source items had "Private" set to "true".
         Primary reference "System.Xml.XPath, Version=8.0.0.0, Culture=neutral, PublicKeyToken=b03f5f7f11d50a3a".
             Resolved file path is "C:\Users\NoahR\OneDrive\Desktop\Jarvis\tools\dotnet\packs\Microsoft.NETCore.App.Ref\8.0.8\ref\net8.0\System.Xml.XPath.dll".
             Reference found at search path location "{RawFileName}".
             This reference is not "CopyLocal" because at least one source item had "Private" set to "false" and no source items had "Private" set to "true".
         Primary reference "System.Xml.XmlDocument, Version=8.0.0.0, Culture=neutral, PublicKeyToken=b03f5f7f11d50a3a".
             Resolved file path is "C:\Users\NoahR\OneDrive\Desktop\Jarvis\tools\dotnet\packs\Microsoft.NETCore.App.Ref\8.0.8\ref\net8.0\System.Xml.XmlDocument.dll".
             Reference found at search path location "{RawFileName}".
             This reference is not "CopyLocal" because at least one source item had "Private" set to "false" and no source items had "Private" set to "true".
         Primary reference "System.Xml.XmlSerializer, Version=8.0.0.0, Culture=neutral, PublicKeyToken=b03f5f7f11d50a3a".
             Resolved file path is "C:\Users\NoahR\OneDrive\Desktop\Jarvis\tools\dotnet\packs\Microsoft.NETCore.App.Ref\8.0.8\ref\net8.0\System.Xml.XmlSerializer.dll".
             Reference found at search path location "{RawFileName}".
             This reference is not "CopyLocal" because at least one source item had "Private" set to "false" and no source items had "Private" set to "true".
         Primary reference "System.Xml, Version=4.0.0.0, Culture=neutral, PublicKeyToken=b77a5c561934e089".
             Resolved file path is "C:\Users\NoahR\OneDrive\Desktop\Jarvis\tools\dotnet\packs\Microsoft.NETCore.App.Ref\8.0.8\ref\net8.0\System.Xml.dll".
             Reference found at search path location "{RawFileName}".
             This reference is not "CopyLocal" because at least one source item had "Private" set to "false" and no source items had "Private" set to "true".
         Primary reference "System, Version=4.0.0.0, Culture=neutral, PublicKeyToken=b77a5c561934e089".
             Resolved file path is "C:\Users\NoahR\OneDrive\Desktop\Jarvis\tools\dotnet\packs\Microsoft.NETCore.App.Ref\8.0.8\ref\net8.0\System.dll".
             Reference found at search path location "{RawFileName}".
             This reference is not "CopyLocal" because at least one source item had "Private" set to "false" and no source items had "Private" set to "true".
         Primary reference "WindowsBase, Version=4.0.0.0, Culture=neutral, PublicKeyToken=31bf3856ad364e35".
             Resolved file path is "C:\Users\NoahR\OneDrive\Desktop\Jarvis\tools\dotnet\packs\Microsoft.NETCore.App.Ref\8.0.8\ref\net8.0\WindowsBase.dll".
             Reference found at search path location "{RawFileName}".
             This reference is not "CopyLocal" because at least one source item had "Private" set to "false" and no source items had "Private" set to "true".
         Primary reference "mscorlib, Version=4.0.0.0, Culture=neutral, PublicKeyToken=b77a5c561934e089".
             Resolved file path is "C:\Users\NoahR\OneDrive\Desktop\Jarvis\tools\dotnet\packs\Microsoft.NETCore.App.Ref\8.0.8\ref\net8.0\mscorlib.dll".
             Reference found at search path location "{RawFileName}".
             This reference is not "CopyLocal" because at least one source item had "Private" set to "false" and no source items had "Private" set to "true".
         Primary reference "netstandard, Version=2.1.0.0, Culture=neutral, PublicKeyToken=cc7b13ffcd2ddd51".
             Resolved file path is "C:\Users\NoahR\OneDrive\Desktop\Jarvis\tools\dotnet\packs\Microsoft.NETCore.App.Ref\8.0.8\ref\net8.0\netstandard.dll".
             Reference found at search path location "{RawFileName}".
             This reference is not "CopyLocal" because at least one source item had "Private" set to "false" and no source items had "Private" set to "true".
       Done executing task "ResolveAssemblyReference".
     1>Done building target "ResolveAssemblyReferences" in project "Jarvis.Core.csproj".
       Target "GenerateBindingRedirects" skipped, due to false condition; ('$(AutoGenerateBindingRedirects)' == 'true' and '$(GenerateBindingRedirectsOutputType)' == 'true' and '@(SuggestedBindingRedirects)' != '' and '$(DesignTimeBuild)' != 'true' and '$(BuildingProject)' == 'true') was evaluated as ('' == 'true' and '' == 'true' and '' != '' and '' != 'true' and 'true' == 'true').
       Target "GenerateSupportedRuntime" skipped, due to false condition; ('$(GenerateSupportedRuntime)' != 'false' and '$(TargetFrameworkIdentifier)' == '.NETFramework' and '$(HasRuntimeOutput)' == 'true') was evaluated as ('' != 'false' and '.NETCoreApp' == '.NETFramework' and '' == 'true').
       Target "GenerateBindingRedirectsUpdateAppConfig" skipped, due to false condition; ('$(AutoGenerateBindingRedirects)' == 'true' and '$(GenerateBindingRedirectsOutputType)' == 'true') was evaluated as ('' == 'true' and '' == 'true').
       Target "ResolveComReferences" skipped, due to false condition; ('@(COMReference)'!='' or '@(COMFileReference)'!='') was evaluated as (''!='' or ''!='').
     1>Target "AfterResolveReferences" in file "C:\Users\NoahR\OneDrive\Desktop\Jarvis\tools\dotnet\sdk\8.0.400\Microsoft.Common.CurrentVersion.targets" from project "C:\Users\NoahR\OneDrive\Desktop\Jarvis\src\Jarvis.Core\Jarvis.Core.csproj" (target "ResolveReferences" depends on it):
     1>Done building target "AfterResolveReferences" in project "Jarvis.Core.csproj".
     1>Target "ResolveReferences" in file "C:\Users\NoahR\OneDrive\Desktop\Jarvis\tools\dotnet\sdk\8.0.400\Microsoft.Common.CurrentVersion.targets" from project "C:\Users\NoahR\OneDrive\Desktop\Jarvis\src\Jarvis.Core\Jarvis.Core.csproj" (target "_BlockWinMDsOnUnsupportedTFMs" depends on it):
     1>Done building target "ResolveReferences" in project "Jarvis.Core.csproj".
     1>Target "_BlockWinMDsOnUnsupportedTFMs" in file "C:\Users\NoahR\OneDrive\Desktop\Jarvis\tools\dotnet\sdk\8.0.400\Sdks\Microsoft.NET.Sdk\targets\Microsoft.NET.Sdk.targets" from project "C:\Users\NoahR\OneDrive\Desktop\Jarvis\src\Jarvis.Core\Jarvis.Core.csproj" (target "CoreBuild" depends on it):
       Using "CheckForUnsupportedWinMDReferences" task from assembly "C:\Users\NoahR\OneDrive\Desktop\Jarvis\tools\dotnet\sdk\8.0.400\Sdks\Microsoft.NET.Sdk\targets\..\tools\net8.0\Microsoft.NET.Build.Tasks.dll".
       Task "CheckForUnsupportedWinMDReferences"
       Done executing task "CheckForUnsupportedWinMDReferences".
       Task "NETSdkError" skipped, due to false condition; ('$(OutputType)' == 'winmdobj') was evaluated as ('Library' == 'winmdobj').
     1>Done building target "_BlockWinMDsOnUnsupportedTFMs" in project "Jarvis.Core.csproj".
       Target "ResolveReferences" skipped. Previously built successfully.
       Target "ResolvePackageDependenciesForBuild" skipped. Previously built successfully.
       Target "_HandlePackageFileConflicts" skipped. Previously built successfully.
     1>Target "CopyAdditionalFiles" in file "C:\Users\NoahR\OneDrive\Desktop\Jarvis\tools\dotnet\sdk\8.0.400\Roslyn\Microsoft.Managed.Core.targets" from project "C:\Users\NoahR\OneDrive\Desktop\Jarvis\src\Jarvis.Core\Jarvis.Core.csproj" (target "AssignTargetPaths" depends on it):
     1>Done building target "CopyAdditionalFiles" in project "Jarvis.Core.csproj".
       Target "_ChooseAppHost" skipped, due to false condition; ('$(UseAppHost)' == 'true' and '$(_IsExecutable)' == 'true') was evaluated as ('' == 'true' and '' == 'true').
       Target "_GetComHostPaths" skipped, due to false condition; ('$(EnableComHosting)' == 'true' and '$(_IsExecutable)' != 'true') was evaluated as ('' == 'true' and '' != 'true').
       Target "_GetIjwHostPaths" skipped, due to false condition; ('$(UseIJWHost)' == 'true') was evaluated as ('' == 'true').
     1>Target "_ComputeNETCoreBuildOutputFiles" in file "C:\Users\NoahR\OneDrive\Desktop\Jarvis\tools\dotnet\sdk\8.0.400\Sdks\Microsoft.NET.Sdk\targets\Microsoft.NET.Sdk.targets" from project "C:\Users\NoahR\OneDrive\Desktop\Jarvis\src\Jarvis.Core\Jarvis.Core.csproj" (target "AssignTargetPaths" depends on it):
     1>Done building target "_ComputeNETCoreBuildOutputFiles" in project "Jarvis.Core.csproj".
     1>Target "AssignTargetPaths" in file "C:\Users\NoahR\OneDrive\Desktop\Jarvis\tools\dotnet\sdk\8.0.400\Microsoft.Common.CurrentVersion.targets" from project "C:\Users\NoahR\OneDrive\Desktop\Jarvis\src\Jarvis.Core\Jarvis.Core.csproj" (target "PrepareResourceNames" depends on it):
       Using "AssignTargetPath" task from assembly "Microsoft.Build.Tasks.Core, Version=15.1.0.0, Culture=neutral, PublicKeyToken=b03f5f7f11d50a3a".
       Task "AssignTargetPath"
       Done executing task "AssignTargetPath".
       Task "AssignTargetPath"
       Done executing task "AssignTargetPath".
       Task "AssignTargetPath"
       Done executing task "AssignTargetPath".
       Task "AssignTargetPath"
       Done executing task "AssignTargetPath".
       Task "AssignTargetPath" skipped, due to false condition; ('@(_DeploymentBaseManifestWithTargetPath)'=='' and '%(None.Extension)'=='.manifest') was evaluated as (''=='' and ''=='.manifest').
     1>Done building target "AssignTargetPaths" in project "Jarvis.Core.csproj".
       Target "AssignTargetPaths" skipped. Previously built successfully.
     1>Target "SplitResourcesByCulture" in file "C:\Users\NoahR\OneDrive\Desktop\Jarvis\tools\dotnet\sdk\8.0.400\Microsoft.Common.CurrentVersion.targets" from project "C:\Users\NoahR\OneDrive\Desktop\Jarvis\src\Jarvis.Core\Jarvis.Core.csproj" (target "PrepareResourceNames" depends on it):
       Task "Warning" skipped, due to false condition; ('@(ResxWithNoCulture)'!='') was evaluated as (''!='').
       Task "Warning" skipped, due to false condition; ('@(ResxWithCulture)'!='') was evaluated as (''!='').
       Task "Warning" skipped, due to false condition; ('@(NonResxWithCulture)'!='') was evaluated as (''!='').
       Task "Warning" skipped, due to false condition; ('@(NonResxWithNoCulture)'!='') was evaluated as (''!='').
       Using "AssignCulture" task from assembly "Microsoft.Build.Tasks.Core, Version=15.1.0.0, Culture=neutral, PublicKeyToken=b03f5f7f11d50a3a".
       Task "AssignCulture"
       Done executing task "AssignCulture".
     1>Done building target "SplitResourcesByCulture" in project "Jarvis.Core.csproj".
       Target "CreateManifestResourceNames" skipped, due to false condition; ('@(EmbeddedResource)' != '') was evaluated as ('' != '').
     1>Target "CreateCustomManifestResourceNames" in file "C:\Users\NoahR\OneDrive\Desktop\Jarvis\tools\dotnet\sdk\8.0.400\Microsoft.Common.CurrentVersion.targets" from project "C:\Users\NoahR\OneDrive\Desktop\Jarvis\src\Jarvis.Core\Jarvis.Core.csproj" (target "PrepareResourceNames" depends on it):
     1>Done building target "CreateCustomManifestResourceNames" in project "Jarvis.Core.csproj".
     1>Target "PrepareResourceNames" in file "C:\Users\NoahR\OneDrive\Desktop\Jarvis\tools\dotnet\sdk\8.0.400\Microsoft.Common.CurrentVersion.targets" from project "C:\Users\NoahR\OneDrive\Desktop\Jarvis\src\Jarvis.Core\Jarvis.Core.csproj" (target "PrepareResources" depends on it):
     1>Done building target "PrepareResourceNames" in project "Jarvis.Core.csproj".
       Target "ResolveAssemblyReferences" skipped. Previously built successfully.
       Target "SplitResourcesByCulture" skipped. Previously built successfully.
     1>Target "BeforeResGen" in file "C:\Users\NoahR\OneDrive\Desktop\Jarvis\tools\dotnet\sdk\8.0.400\Microsoft.Common.CurrentVersion.targets" from project "C:\Users\NoahR\OneDrive\Desktop\Jarvis\src\Jarvis.Core\Jarvis.Core.csproj" (target "ResGen" depends on it):
     1>Done building target "BeforeResGen" in project "Jarvis.Core.csproj".
       Target "ResolveReferences" skipped. Previously built successfully.
     1>Target "FindReferenceAssembliesForReferences" in file "C:\Users\NoahR\OneDrive\Desktop\Jarvis\tools\dotnet\sdk\8.0.400\Microsoft.Common.CurrentVersion.targets" from project "C:\Users\NoahR\OneDrive\Desktop\Jarvis\src\Jarvis.Core\Jarvis.Core.csproj" (target "CoreResGen" depends on it):
     1>Done building target "FindReferenceAssembliesForReferences" in project "Jarvis.Core.csproj".
     1>Target "CoreResGen" in file "C:\Users\NoahR\OneDrive\Desktop\Jarvis\tools\dotnet\sdk\8.0.400\Microsoft.Common.CurrentVersion.targets" from project "C:\Users\NoahR\OneDrive\Desktop\Jarvis\src\Jarvis.Core\Jarvis.Core.csproj" (target "ResGen" depends on it):
       Task "GenerateResource" skipped, due to false condition; ('%(EmbeddedResource.Type)' == 'Resx' and '%(EmbeddedResource.GenerateResource)' != 'false' and '$(GenerateResourceMSBuildRuntime)' != 'CLR2') was evaluated as ('' == 'Resx' and '' != 'false' and 'CurrentRuntime' != 'CLR2').
       Task "GenerateResource" skipped, due to false condition; ('%(EmbeddedResource.Type)' == 'Resx' and '%(EmbeddedResource.GenerateResource)' != 'false' and '$(GenerateResourceMSBuildRuntime)' == 'CLR2') was evaluated as ('' == 'Resx' and '' != 'false' and 'CurrentRuntime' == 'CLR2').
     1>Done building target "CoreResGen" in project "Jarvis.Core.csproj".
     1>Target "AfterResGen" in file "C:\Users\NoahR\OneDrive\Desktop\Jarvis\tools\dotnet\sdk\8.0.400\Microsoft.Common.CurrentVersion.targets" from project "C:\Users\NoahR\OneDrive\Desktop\Jarvis\src\Jarvis.Core\Jarvis.Core.csproj" (target "ResGen" depends on it):
     1>Done building target "AfterResGen" in project "Jarvis.Core.csproj".
     1>Target "ResGen" in file "C:\Users\NoahR\OneDrive\Desktop\Jarvis\tools\dotnet\sdk\8.0.400\Microsoft.Common.CurrentVersion.targets" from project "C:\Users\NoahR\OneDrive\Desktop\Jarvis\src\Jarvis.Core\Jarvis.Core.csproj" (target "PrepareResources" depends on it):
     1>Done building target "ResGen" in project "Jarvis.Core.csproj".
       Target "CompileLicxFiles" skipped, due to false condition; ('@(_LicxFile)'!='') was evaluated as (''!='').
     1>Target "PrepareResources" in file "C:\Users\NoahR\OneDrive\Desktop\Jarvis\tools\dotnet\sdk\8.0.400\Microsoft.Common.CurrentVersion.targets" from project "C:\Users\NoahR\OneDrive\Desktop\Jarvis\src\Jarvis.Core\Jarvis.Core.csproj" (target "CoreBuild" depends on it):
     1>Done building target "PrepareResources" in project "Jarvis.Core.csproj".
       Target "ResolveKeySource" skipped, due to false condition; ($(SignManifests) == 'true' or $(SignAssembly) == 'true') was evaluated as ( == 'true' or false == 'true').
       Target "ResolveReferences" skipped. Previously built successfully.
       Target "ResolveKeySource" skipped, due to false condition; ($(SignManifests) == 'true' or $(SignAssembly) == 'true') was evaluated as ( == 'true' or false == 'true').
       Target "ResolveComReferences" skipped, due to false condition; ('@(COMReference)'!='' or '@(COMFileReference)'!='') was evaluated as (''!='' or ''!='').
       Target "ResolveNativeReferences" skipped, due to false condition; ('@(NativeReference)'!='') was evaluated as (''!='').
       Target "_SetExternalWin32ManifestProperties" skipped, due to false condition; ('$(GenerateClickOnceManifests)'=='true' or '@(NativeReference)'!='' or '@(ResolvedIsolatedComModules)'!='') was evaluated as (''=='true' or ''!='' or ''!='').
     1>Target "_SetEmbeddedWin32ManifestProperties" in file "C:\Users\NoahR\OneDrive\Desktop\Jarvis\tools\dotnet\sdk\8.0.400\Microsoft.Common.CurrentVersion.targets" from project "C:\Users\NoahR\OneDrive\Desktop\Jarvis\src\Jarvis.Core\Jarvis.Core.csproj" (target "SetWin32ManifestProperties" depends on it):
       Using "GetFrameworkPath" task from assembly "Microsoft.Build.Tasks.Core, Version=15.1.0.0, Culture=neutral, PublicKeyToken=b03f5f7f11d50a3a".
       Task "GetFrameworkPath"
       Done executing task "GetFrameworkPath".
     1>Done building target "_SetEmbeddedWin32ManifestProperties" in project "Jarvis.Core.csproj".
     1>Target "SetWin32ManifestProperties" in file "C:\Users\NoahR\OneDrive\Desktop\Jarvis\tools\dotnet\sdk\8.0.400\Microsoft.Common.CurrentVersion.targets" from project "C:\Users\NoahR\OneDrive\Desktop\Jarvis\src\Jarvis.Core\Jarvis.Core.csproj" (target "Compile" depends on it):
     1>Done building target "SetWin32ManifestProperties" in project "Jarvis.Core.csproj".
       Target "_SetPreferNativeArm64Win32ManifestProperties" skipped, due to false condition; ( '$(PreferNativeArm64)'=='true' and '$(NoWin32Manifest)'!='true') was evaluated as ( ''=='true' and ''!='true').
       Target "FindReferenceAssembliesForReferences" skipped. Previously built successfully.
     1>Target "_GenerateCompileInputs" in file "C:\Users\NoahR\OneDrive\Desktop\Jarvis\tools\dotnet\sdk\8.0.400\Microsoft.Common.CurrentVersion.targets" from project "C:\Users\NoahR\OneDrive\Desktop\Jarvis\src\Jarvis.Core\Jarvis.Core.csproj" (target "Compile" depends on it):
       Task "Warning" skipped, due to false condition; ('@(ManifestResourceWithNoCulture)'!='' and '%(ManifestResourceWithNoCulture.EmittedForCompatibilityOnly)'=='') was evaluated as (''!='' and ''=='').
       Task "Warning" skipped, due to false condition; ('@(ManifestNonResxWithNoCultureOnDisk)'!='' and '%(ManifestNonResxWithNoCultureOnDisk.EmittedForCompatibilityOnly)'=='') was evaluated as (''!='' and ''=='').
     1>Done building target "_GenerateCompileInputs" in project "Jarvis.Core.csproj".
       Target "PrepareForBuild" skipped. Previously built successfully.
     1>Target "GenerateMSBuildEditorConfigFileShouldRun" in file "C:\Users\NoahR\OneDrive\Desktop\Jarvis\tools\dotnet\sdk\8.0.400\Roslyn\Microsoft.Managed.Core.targets" from project "C:\Users\NoahR\OneDrive\Desktop\Jarvis\src\Jarvis.Core\Jarvis.Core.csproj" (target "GenerateMSBuildEditorConfigFile" depends on it):
     1>Done building target "GenerateMSBuildEditorConfigFileShouldRun" in project "Jarvis.Core.csproj".
     1>Target "GenerateMSBuildEditorConfigFileCore" in file "C:\Users\NoahR\OneDrive\Desktop\Jarvis\tools\dotnet\sdk\8.0.400\Roslyn\Microsoft.Managed.Core.targets" from project "C:\Users\NoahR\OneDrive\Desktop\Jarvis\src\Jarvis.Core\Jarvis.Core.csproj" (target "GenerateMSBuildEditorConfigFile" depends on it):
       Building target "GenerateMSBuildEditorConfigFileCore" completely.
       No input files were specified.
       Using "GenerateMSBuildEditorConfig" task from assembly "C:\Users\NoahR\OneDrive\Desktop\Jarvis\tools\dotnet\sdk\8.0.400\Roslyn\Microsoft.Build.Tasks.CodeAnalysis.dll".
       Task "GenerateMSBuildEditorConfig"
       Done executing task "GenerateMSBuildEditorConfig".
     1>Done building target "GenerateMSBuildEditorConfigFileCore" in project "Jarvis.Core.csproj".
     1>Target "GenerateMSBuildEditorConfigFile" in file "C:\Users\NoahR\OneDrive\Desktop\Jarvis\tools\dotnet\sdk\8.0.400\Roslyn\Microsoft.Managed.Core.targets" from project "C:\Users\NoahR\OneDrive\Desktop\Jarvis\src\Jarvis.Core\Jarvis.Core.csproj" (target "BeforeCompile" depends on it):
     1>Done building target "GenerateMSBuildEditorConfigFile" in project "Jarvis.Core.csproj".
       Target "PrepareForBuild" skipped. Previously built successfully.
       Target "GetReferenceAssemblyPaths" skipped. Previously built successfully.
     1>Target "_SetTargetFrameworkMonikerAttribute" in file "C:\Users\NoahR\OneDrive\Desktop\Jarvis\tools\dotnet\sdk\8.0.400\Microsoft.CSharp.CurrentVersion.targets" from project "C:\Users\NoahR\OneDrive\Desktop\Jarvis\src\Jarvis.Core\Jarvis.Core.csproj" (target "GenerateTargetFrameworkMonikerAttribute" depends on it):
     1>Done building target "_SetTargetFrameworkMonikerAttribute" in project "Jarvis.Core.csproj".
     1>Target "GenerateTargetFrameworkMonikerAttribute" in file "C:\Users\NoahR\OneDrive\Desktop\Jarvis\tools\dotnet\sdk\8.0.400\Microsoft.Common.CurrentVersion.targets" from project "C:\Users\NoahR\OneDrive\Desktop\Jarvis\src\Jarvis.Core\Jarvis.Core.csproj" (target "BeforeCompile" depends on it):
       Skipping target "GenerateTargetFrameworkMonikerAttribute" because all output files are up-to-date with respect to the input files.
       Input files: C:\Users\NoahR\OneDrive\Desktop\Jarvis\tools\dotnet\sdk\8.0.400\Microsoft.Common.targets
       Output files: obj\Release\net8.0\.NETCoreApp,Version=v8.0.AssemblyAttributes.cs
     1>Done building target "GenerateTargetFrameworkMonikerAttribute" in project "Jarvis.Core.csproj".
       Target "GenerateAdditionalSources" skipped, due to false condition; ('@(AssemblyAttributes)' != '' and '$(GenerateAdditionalSources)' == 'true') was evaluated as ('' != '' and '' == 'true').
       Target "PrepareForBuild" skipped. Previously built successfully.
     1>Target "GetAssemblyVersion" in file "C:\Users\NoahR\OneDrive\Desktop\Jarvis\tools\dotnet\sdk\8.0.400\Sdks\Microsoft.NET.Sdk\targets\Microsoft.NET.GenerateAssemblyInfo.targets" from project "C:\Users\NoahR\OneDrive\Desktop\Jarvis\src\Jarvis.Core\Jarvis.Core.csproj" (target "GetAssemblyAttributes" depends on it):
       Using "GetAssemblyVersion" task from assembly "C:\Users\NoahR\OneDrive\Desktop\Jarvis\tools\dotnet\sdk\8.0.400\Sdks\Microsoft.NET.Sdk\targets\..\tools\net8.0\Microsoft.NET.Build.Tasks.dll".
       Task "GetAssemblyVersion"
       Done executing task "GetAssemblyVersion".
     1>Done building target "GetAssemblyVersion" in project "Jarvis.Core.csproj".
       Target "GetAssemblyVersion" skipped. Previously built successfully.
     1>Target "InitializeSourceControlInformationFromSourceControlManager" in file "C:\Users\NoahR\OneDrive\Desktop\Jarvis\tools\dotnet\sdk\8.0.400\Sdks\Microsoft.Build.Tasks.Git\build\Microsoft.Build.Tasks.Git.targets" from project "C:\Users\NoahR\OneDrive\Desktop\Jarvis\src\Jarvis.Core\Jarvis.Core.csproj" (target "_InitializeSourceControlInformationFromSourceControlManager" depends on it):
       Using "Microsoft.Build.Tasks.Git.LocateRepository" task from assembly "C:\Users\NoahR\OneDrive\Desktop\Jarvis\tools\dotnet\sdk\8.0.400\Sdks\Microsoft.Build.Tasks.Git\build\..\tools\core\Microsoft.Build.Tasks.Git.dll".
       Task "Microsoft.Build.Tasks.Git.LocateRepository"
       Done executing task "Microsoft.Build.Tasks.Git.LocateRepository".
     1>Done building target "InitializeSourceControlInformationFromSourceControlManager" in project "Jarvis.Core.csproj".
     1>Target "_SourceLinkHasSingleProvider" in file "C:\Users\NoahR\OneDrive\Desktop\Jarvis\tools\dotnet\sdk\8.0.400\Sdks\Microsoft.SourceLink.Common\build\InitializeSourceControlInformation.targets" from project "C:\Users\NoahR\OneDrive\Desktop\Jarvis\src\Jarvis.Core\Jarvis.Core.csproj" (target "_InitializeSourceControlInformationFromSourceControlManager" depends on it):
       Assembly loaded during TaskRun: Microsoft.SourceLink.Common, Version=8.0.9.11501, Culture=neutral, PublicKeyToken=31bf3856ad364e35 (location: C:\Users\NoahR\OneDrive\Desktop\Jarvis\tools\dotnet\sdk\8.0.400\Sdks\Microsoft.SourceLink.Common\tools\core\Microsoft.SourceLink.Common.dll, MVID: d5b96578-81ec-438f-8487-2f5405206516, AssemblyLoadContext: MSBuild plugin C:\Users\NoahR\OneDrive\Desktop\Jarvis\tools\dotnet\sdk\8.0.400\Sdks\Microsoft.SourceLink.Common\tools\core\Microsoft.SourceLink.Common.dll)
       Using "Microsoft.SourceLink.Common.SourceLinkHasSingleProvider" task from assembly "C:\Users\NoahR\OneDrive\Desktop\Jarvis\tools\dotnet\sdk\8.0.400\Sdks\Microsoft.SourceLink.Common\build\..\tools\core\Microsoft.SourceLink.Common.dll".
       Task "Microsoft.SourceLink.Common.SourceLinkHasSingleProvider"
       Done executing task "Microsoft.SourceLink.Common.SourceLinkHasSingleProvider".
     1>Done building target "_SourceLinkHasSingleProvider" in project "Jarvis.Core.csproj".
     1>Target "TranslateGitHubUrlsInSourceControlInformation" in file "C:\Users\NoahR\OneDrive\Desktop\Jarvis\tools\dotnet\sdk\8.0.400\Sdks\Microsoft.SourceLink.GitHub\build\Microsoft.SourceLink.GitHub.targets" from project "C:\Users\NoahR\OneDrive\Desktop\Jarvis\src\Jarvis.Core\Jarvis.Core.csproj" (target "_InitializeSourceControlInformationFromSourceControlManager" depends on it):
       Assembly loaded during TaskRun: Microsoft.SourceLink.GitHub, Version=8.0.9.11501, Culture=neutral, PublicKeyToken=31bf3856ad364e35 (location: C:\Users\NoahR\OneDrive\Desktop\Jarvis\tools\dotnet\sdk\8.0.400\Sdks\Microsoft.SourceLink.GitHub\tools\core\Microsoft.SourceLink.GitHub.dll, MVID: 1fbac130-3a2a-4cf4-9c60-b0ae73333681, AssemblyLoadContext: MSBuild plugin C:\Users\NoahR\OneDrive\Desktop\Jarvis\tools\dotnet\sdk\8.0.400\Sdks\Microsoft.SourceLink.GitHub\tools\core\Microsoft.SourceLink.GitHub.dll)
       Using "Microsoft.SourceLink.GitHub.TranslateRepositoryUrls" task from assembly "C:\Users\NoahR\OneDrive\Desktop\Jarvis\tools\dotnet\sdk\8.0.400\Sdks\Microsoft.SourceLink.GitHub\build\..\tools\core\Microsoft.SourceLink.GitHub.dll".
       Task "Microsoft.SourceLink.GitHub.TranslateRepositoryUrls"
       Done executing task "Microsoft.SourceLink.GitHub.TranslateRepositoryUrls".
     1>Done building target "TranslateGitHubUrlsInSourceControlInformation" in project "Jarvis.Core.csproj".
     1>Target "TranslateGitLabUrlsInSourceControlInformation" in file "C:\Users\NoahR\OneDrive\Desktop\Jarvis\tools\dotnet\sdk\8.0.400\Sdks\Microsoft.SourceLink.GitLab\build\Microsoft.SourceLink.GitLab.targets" from project "C:\Users\NoahR\OneDrive\Desktop\Jarvis\src\Jarvis.Core\Jarvis.Core.csproj" (target "_InitializeSourceControlInformationFromSourceControlManager" depends on it):
       Assembly loaded during TaskRun: Microsoft.SourceLink.GitLab, Version=8.0.9.11501, Culture=neutral, PublicKeyToken=31bf3856ad364e35 (location: C:\Users\NoahR\OneDrive\Desktop\Jarvis\tools\dotnet\sdk\8.0.400\Sdks\Microsoft.SourceLink.GitLab\tools\core\Microsoft.SourceLink.GitLab.dll, MVID: 6b003cb9-36ef-4a5a-83ae-cc8fa7fbcb67, AssemblyLoadContext: MSBuild plugin C:\Users\NoahR\OneDrive\Desktop\Jarvis\tools\dotnet\sdk\8.0.400\Sdks\Microsoft.SourceLink.GitLab\tools\core\Microsoft.SourceLink.GitLab.dll)
       Using "Microsoft.SourceLink.GitLab.TranslateRepositoryUrls" task from assembly "C:\Users\NoahR\OneDrive\Desktop\Jarvis\tools\dotnet\sdk\8.0.400\Sdks\Microsoft.SourceLink.GitLab\build\..\tools\core\Microsoft.SourceLink.GitLab.dll".
       Task "Microsoft.SourceLink.GitLab.TranslateRepositoryUrls"
       Done executing task "Microsoft.SourceLink.GitLab.TranslateRepositoryUrls".
     1>Done building target "TranslateGitLabUrlsInSourceControlInformation" in project "Jarvis.Core.csproj".
     1>Target "TranslateAzureReposGitUrlsInSourceControlInformation" in file "C:\Users\NoahR\OneDrive\Desktop\Jarvis\tools\dotnet\sdk\8.0.400\Sdks\Microsoft.SourceLink.AzureRepos.Git\build\Microsoft.SourceLink.AzureRepos.Git.targets" from project "C:\Users\NoahR\OneDrive\Desktop\Jarvis\src\Jarvis.Core\Jarvis.Core.csproj" (target "_InitializeSourceControlInformationFromSourceControlManager" depends on it):
       Assembly loaded during TaskRun: Microsoft.SourceLink.AzureRepos.Git, Version=8.0.9.11501, Culture=neutral, PublicKeyToken=31bf3856ad364e35 (location: C:\Users\NoahR\OneDrive\Desktop\Jarvis\tools\dotnet\sdk\8.0.400\Sdks\Microsoft.SourceLink.AzureRepos.Git\tools\core\Microsoft.SourceLink.AzureRepos.Git.dll, MVID: 3a082d27-0e6b-4d51-92ea-8eaf3fc3120f, AssemblyLoadContext: MSBuild plugin C:\Users\NoahR\OneDrive\Desktop\Jarvis\tools\dotnet\sdk\8.0.400\Sdks\Microsoft.SourceLink.AzureRepos.Git\tools\core\Microsoft.SourceLink.AzureRepos.Git.dll)
       Using "Microsoft.SourceLink.AzureRepos.Git.TranslateRepositoryUrls" task from assembly "C:\Users\NoahR\OneDrive\Desktop\Jarvis\tools\dotnet\sdk\8.0.400\Sdks\Microsoft.SourceLink.AzureRepos.Git\build\..\tools\core\Microsoft.SourceLink.AzureRepos.Git.dll".
       Task "Microsoft.SourceLink.AzureRepos.Git.TranslateRepositoryUrls"
       Done executing task "Microsoft.SourceLink.AzureRepos.Git.TranslateRepositoryUrls".
     1>Done building target "TranslateAzureReposGitUrlsInSourceControlInformation" in project "Jarvis.Core.csproj".
     1>Target "TranslateBitbucketGitUrlsInSourceControlInformation" in file "C:\Users\NoahR\OneDrive\Desktop\Jarvis\tools\dotnet\sdk\8.0.400\Sdks\Microsoft.SourceLink.Bitbucket.Git\build\Microsoft.SourceLink.Bitbucket.Git.targets" from project "C:\Users\NoahR\OneDrive\Desktop\Jarvis\src\Jarvis.Core\Jarvis.Core.csproj" (target "_InitializeSourceControlInformationFromSourceControlManager" depends on it):
       Assembly loaded during TaskRun: Microsoft.SourceLink.Bitbucket.Git, Version=8.0.9.11501, Culture=neutral, PublicKeyToken=31bf3856ad364e35 (location: C:\Users\NoahR\OneDrive\Desktop\Jarvis\tools\dotnet\sdk\8.0.400\Sdks\Microsoft.SourceLink.Bitbucket.Git\tools\core\Microsoft.SourceLink.Bitbucket.Git.dll, MVID: 3994e8b0-7ae9-409e-bc2b-53baef289161, AssemblyLoadContext: MSBuild plugin C:\Users\NoahR\OneDrive\Desktop\Jarvis\tools\dotnet\sdk\8.0.400\Sdks\Microsoft.SourceLink.Bitbucket.Git\tools\core\Microsoft.SourceLink.Bitbucket.Git.dll)
       Using "Microsoft.SourceLink.Bitbucket.Git.TranslateRepositoryUrls" task from assembly "C:\Users\NoahR\OneDrive\Desktop\Jarvis\tools\dotnet\sdk\8.0.400\Sdks\Microsoft.SourceLink.Bitbucket.Git\build\..\tools\core\Microsoft.SourceLink.Bitbucket.Git.dll".
       Task "Microsoft.SourceLink.Bitbucket.Git.TranslateRepositoryUrls"
       Done executing task "Microsoft.SourceLink.Bitbucket.Git.TranslateRepositoryUrls".
     1>Done building target "TranslateBitbucketGitUrlsInSourceControlInformation" in project "Jarvis.Core.csproj".
     1>Target "SourceControlManagerPublishTranslatedUrls" in file "C:\Users\NoahR\OneDrive\Desktop\Jarvis\tools\dotnet\sdk\8.0.400\Sdks\Microsoft.SourceLink.Common\build\InitializeSourceControlInformation.targets" from project "C:\Users\NoahR\OneDrive\Desktop\Jarvis\src\Jarvis.Core\Jarvis.Core.csproj" (target "_InitializeSourceControlInformationFromSourceControlManager" depends on it):
     1>Done building target "SourceControlManagerPublishTranslatedUrls" in project "Jarvis.Core.csproj".
     1>Target "_InitializeSourceControlInformationFromSourceControlManager" in file "C:\Users\NoahR\OneDrive\Desktop\Jarvis\tools\dotnet\sdk\8.0.400\Sdks\Microsoft.SourceLink.Common\build\InitializeSourceControlInformation.targets" from project "C:\Users\NoahR\OneDrive\Desktop\Jarvis\src\Jarvis.Core\Jarvis.Core.csproj" (target "InitializeSourceControlInformation" depends on it):
     1>Done building target "_InitializeSourceControlInformationFromSourceControlManager" in project "Jarvis.Core.csproj".
     1>Target "InitializeSourceControlInformation" in file "C:\Users\NoahR\OneDrive\Desktop\Jarvis\tools\dotnet\sdk\8.0.400\Microsoft.Common.CurrentVersion.targets" from project "C:\Users\NoahR\OneDrive\Desktop\Jarvis\src\Jarvis.Core\Jarvis.Core.csproj" (target "AddSourceRevisionToInformationalVersion" depends on it):
     1>Done building target "InitializeSourceControlInformation" in project "Jarvis.Core.csproj".
     1>Target "AddSourceRevisionToInformationalVersion" in file "C:\Users\NoahR\OneDrive\Desktop\Jarvis\tools\dotnet\sdk\8.0.400\Sdks\Microsoft.NET.Sdk\targets\Microsoft.NET.GenerateAssemblyInfo.targets" from project "C:\Users\NoahR\OneDrive\Desktop\Jarvis\src\Jarvis.Core\Jarvis.Core.csproj" (target "GetAssemblyAttributes" depends on it):
     1>Done building target "AddSourceRevisionToInformationalVersion" in project "Jarvis.Core.csproj".
       Target "_GetUserSecretsAssemblyAttribute" skipped, due to false condition; ( '$(UserSecretsId)' != '' AND '$(GenerateUserSecretsAttribute)' != 'false' AND '$(GeneratedUserSecretsAttributeFile)' == '' ) was evaluated as ( '' != '' AND '' != 'false' AND '' == '' ).
     1>Target "GetAssemblyAttributes" in file "C:\Users\NoahR\OneDrive\Desktop\Jarvis\tools\dotnet\sdk\8.0.400\Sdks\Microsoft.NET.Sdk\targets\Microsoft.NET.GenerateAssemblyInfo.targets" from project "C:\Users\NoahR\OneDrive\Desktop\Jarvis\src\Jarvis.Core\Jarvis.Core.csproj" (target "CreateGeneratedAssemblyInfoInputsCacheFile" depends on it):
     1>Done building target "GetAssemblyAttributes" in project "Jarvis.Core.csproj".
     1>Target "CreateGeneratedAssemblyInfoInputsCacheFile" in file "C:\Users\NoahR\OneDrive\Desktop\Jarvis\tools\dotnet\sdk\8.0.400\Sdks\Microsoft.NET.Sdk\targets\Microsoft.NET.GenerateAssemblyInfo.targets" from project "C:\Users\NoahR\OneDrive\Desktop\Jarvis\src\Jarvis.Core\Jarvis.Core.csproj" (target "CoreGenerateAssemblyInfo" depends on it):
       Using "Hash" task from assembly "Microsoft.Build.Tasks.Core, Version=15.1.0.0, Culture=neutral, PublicKeyToken=b03f5f7f11d50a3a".
       Task "Hash"
       Done executing task "Hash".
       Task "WriteLinesToFile"
         Skipping write to file "obj\Release\net8.0\Jarvis.Core.AssemblyInfoInputs.cache" because content would not change.
       Done executing task "WriteLinesToFile".
     1>Done building target "CreateGeneratedAssemblyInfoInputsCacheFile" in project "Jarvis.Core.csproj".
     1>Target "CoreGenerateAssemblyInfo" in file "C:\Users\NoahR\OneDrive\Desktop\Jarvis\tools\dotnet\sdk\8.0.400\Sdks\Microsoft.NET.Sdk\targets\Microsoft.NET.GenerateAssemblyInfo.targets" from project "C:\Users\NoahR\OneDrive\Desktop\Jarvis\src\Jarvis.Core\Jarvis.Core.csproj" (target "GenerateAssemblyInfo" depends on it):
       Skipping target "CoreGenerateAssemblyInfo" because all output files are up-to-date with respect to the input files.
       Input files: obj\Release\net8.0\Jarvis.Core.AssemblyInfoInputs.cache
       Output files: obj\Release\net8.0\Jarvis.Core.AssemblyInfo.cs
     1>Done building target "CoreGenerateAssemblyInfo" in project "Jarvis.Core.csproj".
     1>Target "GenerateAssemblyInfo" in file "C:\Users\NoahR\OneDrive\Desktop\Jarvis\tools\dotnet\sdk\8.0.400\Sdks\Microsoft.NET.Sdk\targets\Microsoft.NET.GenerateAssemblyInfo.targets" from project "C:\Users\NoahR\OneDrive\Desktop\Jarvis\src\Jarvis.Core\Jarvis.Core.csproj" (target "BeforeCompile" depends on it):
     1>Done building target "GenerateAssemblyInfo" in project "Jarvis.Core.csproj".
     1>Target "BeforeCompile" in file "C:\Users\NoahR\OneDrive\Desktop\Jarvis\tools\dotnet\sdk\8.0.400\Microsoft.Common.CurrentVersion.targets" from project "C:\Users\NoahR\OneDrive\Desktop\Jarvis\src\Jarvis.Core\Jarvis.Core.csproj" (target "Compile" depends on it):
     1>Done building target "BeforeCompile" in project "Jarvis.Core.csproj".
       Target "_TimeStampBeforeCompile" skipped, due to false condition; ('$(RunPostBuildEvent)'=='OnOutputUpdated' or ('$(RegisterForComInterop)'=='true' and '$(OutputType)'=='library')) was evaluated as (''=='OnOutputUpdated' or (''=='true' and 'Library'=='library')).
       Target "ResolveAssemblyReferences" skipped. Previously built successfully.
     1>Target "_GenerateCompileDependencyCache" in file "C:\Users\NoahR\OneDrive\Desktop\Jarvis\tools\dotnet\sdk\8.0.400\Microsoft.Common.CurrentVersion.targets" from project "C:\Users\NoahR\OneDrive\Desktop\Jarvis\src\Jarvis.Core\Jarvis.Core.csproj" (target "Compile" depends on it):
       Task "Hash"
       Done executing task "Hash".
       Task "WriteLinesToFile"
         Skipping write to file "obj\Release\net8.0\Jarvis.Core.csproj.CoreCompileInputs.cache" because content would not change.
       Done executing task "WriteLinesToFile".
     1>Done building target "_GenerateCompileDependencyCache" in project "Jarvis.Core.csproj".
       Target "_ComputeNonExistentFileProperty" skipped, due to false condition; (('$(BuildingInsideVisualStudio)' == 'true') and ('$(BuildingOutOfProcess)' != 'true') and (('$(BuildingProject)' == 'false') or ('$(UseHostCompilerIfAvailable)' == 'true'))) was evaluated as (('' == 'true') and ('' != 'true') and (('true' == 'false') or ('true' == 'true'))).
       Target "ResolveCodeAnalysisRuleSet" skipped, due to false condition; ('$(CodeAnalysisRuleSet)' != '') was evaluated as ('' != '').
       Target "ShimReferencePathsWhenCommonTargetsDoesNotUnderstandReferenceAssemblies" skipped, due to false condition; ('@(ReferencePathWithRefAssemblies)' == '') was evaluated as ('C:\Users\NoahR\OneDrive\Desktop\Jarvis\tools\dotnet\packs\Microsoft.NETCore.App.Ref\8.0.8\ref\net8.0\Microsoft.CSharp.dll;C:\Users\NoahR\OneDrive\Desktop\Jarvis\tools\dotnet\packs\Microsoft.NETCore.App.Ref\8.0.8\ref\net8.0\Microsoft.VisualBasic.Core.dll;C:\Users\NoahR\OneDrive\Desktop\Jarvis\tools\dotnet\packs\Microsoft.NETCore.App.Ref\8.0.8\ref\net8.0\Microsoft.VisualBasic.dll;...' == '').
     1>Target "_BeforeVBCSCoreCompile" in file "C:\Users\NoahR\OneDrive\Desktop\Jarvis\tools\dotnet\sdk\8.0.400\Roslyn\Microsoft.Managed.Core.targets" from project "C:\Users\NoahR\OneDrive\Desktop\Jarvis\src\Jarvis.Core\Jarvis.Core.csproj" (target "CoreCompile" depends on it):
     1>Done building target "_BeforeVBCSCoreCompile" in project "Jarvis.Core.csproj".
       Target "AdjustDefaultPlatformTargetForNetFrameworkExeWithNoNativeCopyLocalItems" skipped, due to false condition; ('$(_UsingDefaultPlatformTarget)' == 'true' and
                            '$(_UsingDefaultRuntimeIdentifier)' == 'true') was evaluated as ('true' == 'true' and
                            '' == 'true').
       Target "_DisableDiagnosticTracing" skipped, due to false condition; ('$(DisableDiagnosticTracing)' == 'true') was evaluated as ('' == 'true').
       Target "GenerateTargetPlatformDefineConstants" skipped, due to false condition; ( '$(DisableImplicitFrameworkDefines)' != 'true' and '$(TargetPlatformIdentifier)' != '' and '$(TargetFrameworkIdentifier)' == '.NETCoreApp' and $([MSBuild]::VersionGreaterThanOrEquals($(TargetFrameworkVersion), 5.0)) ) was evaluated as ( '' != 'true' and '' != '' and '.NETCoreApp' == '.NETCoreApp' and True ).
     1>Target "GenerateNETCompatibleDefineConstants" in file "C:\Users\NoahR\OneDrive\Desktop\Jarvis\tools\dotnet\sdk\8.0.400\Sdks\Microsoft.NET.Sdk\targets\Microsoft.NET.Sdk.BeforeCommon.targets" from project "C:\Users\NoahR\OneDrive\Desktop\Jarvis\src\Jarvis.Core\Jarvis.Core.csproj" (target "AddImplicitDefineConstants" depends on it):
     1>Done building target "GenerateNETCompatibleDefineConstants" in project "Jarvis.Core.csproj".
       Target "GeneratePlatformCompatibleDefineConstants" skipped, due to false condition; ( '$(DisableImplicitFrameworkDefines)' != 'true' and '$(TargetPlatformIdentifier)' != '' and '$(TargetFrameworkIdentifier)' == '.NETCoreApp' and $([MSBuild]::VersionGreaterThanOrEquals($(TargetFrameworkVersion), 5.0)) ) was evaluated as ( '' != 'true' and '' != '' and '.NETCoreApp' == '.NETCoreApp' and True ).
       Target "_DisableDiagnosticTracing" skipped, due to false condition; ('$(DisableDiagnosticTracing)' == 'true') was evaluated as ('' == 'true').
     1>Target "AddImplicitDefineConstants" in file "C:\Users\NoahR\OneDrive\Desktop\Jarvis\tools\dotnet\sdk\8.0.400\Sdks\Microsoft.NET.Sdk\targets\Microsoft.NET.Sdk.BeforeCommon.targets" from project "C:\Users\NoahR\OneDrive\Desktop\Jarvis\src\Jarvis.Core\Jarvis.Core.csproj" (target "CoreCompile" depends on it):
     1>Done building target "AddImplicitDefineConstants" in project "Jarvis.Core.csproj".
       Target "ShimReferencePathsWhenCommonTargetsDoesNotUnderstandReferenceAssemblies" skipped, due to false condition; ('@(ReferencePathWithRefAssemblies)' == '') was evaluated as ('C:\Users\NoahR\OneDrive\Desktop\Jarvis\tools\dotnet\packs\Microsoft.NETCore.App.Ref\8.0.8\ref\net8.0\Microsoft.CSharp.dll;C:\Users\NoahR\OneDrive\Desktop\Jarvis\tools\dotnet\packs\Microsoft.NETCore.App.Ref\8.0.8\ref\net8.0\Microsoft.VisualBasic.Core.dll;C:\Users\NoahR\OneDrive\Desktop\Jarvis\tools\dotnet\packs\Microsoft.NETCore.App.Ref\8.0.8\ref\net8.0\Microsoft.VisualBasic.dll;...' == '').
     1>Target "_ComputeSkipAnalyzers" in file "C:\Users\NoahR\OneDrive\Desktop\Jarvis\tools\dotnet\sdk\8.0.400\Roslyn\Microsoft.Managed.Core.targets" from project "C:\Users\NoahR\OneDrive\Desktop\Jarvis\src\Jarvis.Core\Jarvis.Core.csproj" (target "CoreCompile" depends on it):
       Task "ShowMessageForImplicitlySkipAnalyzers" skipped, due to false condition; ('$(_ImplicitlySkipAnalyzers)' == 'true') was evaluated as ('' == 'true').
     1>Done building target "_ComputeSkipAnalyzers" in project "Jarvis.Core.csproj".
       Target "_SetPathMapFromSourceRoots" skipped, due to false condition; ('$(DeterministicSourcePaths)' == 'true') was evaluated as ('' == 'true').
       Target "CreateCompilerGeneratedFilesOutputPath" skipped, due to false condition; ('$(EmitCompilerGeneratedFiles)' == 'true' and !('$(DesignTimeBuild)' == 'true' OR '$(BuildingProject)' != 'true')) was evaluated as ('false' == 'true' and !('' == 'true' OR 'true' != 'true')).
       Target "BeforeCompile" skipped. Previously built successfully.
       Target "InitializeSourceControlInformationFromSourceControlManager" skipped. Previously built successfully.
     1>Target "SetEmbeddedFilesFromSourceControlManagerUntrackedFiles" in file "C:\Users\NoahR\OneDrive\Desktop\Jarvis\tools\dotnet\sdk\8.0.400\Sdks\Microsoft.Build.Tasks.Git\build\Microsoft.Build.Tasks.Git.targets" from project "C:\Users\NoahR\OneDrive\Desktop\Jarvis\src\Jarvis.Core\Jarvis.Core.csproj" (target "_SetEmbeddedFilesFromSourceControlManagerUntrackedFiles" depends on it):
       Task "Microsoft.Build.Tasks.Git.GetUntrackedFiles" skipped, due to false condition; ('$(_GitRepositoryId)' != '') was evaluated as ('' != '').
     1>Done building target "SetEmbeddedFilesFromSourceControlManagerUntrackedFiles" in project "Jarvis.Core.csproj".
     1>Target "_SetEmbeddedFilesFromSourceControlManagerUntrackedFiles" in file "C:\Users\NoahR\OneDrive\Desktop\Jarvis\tools\dotnet\sdk\8.0.400\Sdks\Microsoft.SourceLink.Common\build\Microsoft.SourceLink.Common.targets" from project "C:\Users\NoahR\OneDrive\Desktop\Jarvis\src\Jarvis.Core\Jarvis.Core.csproj" (target "CoreCompile" depends on it):
     1>Done building target "_SetEmbeddedFilesFromSourceControlManagerUntrackedFiles" in project "Jarvis.Core.csproj".
       Target "InitializeSourceControlInformation" skipped. Previously built successfully.
     1>Target "_SetSourceLinkFilePath" in file "C:\Users\NoahR\OneDrive\Desktop\Jarvis\tools\dotnet\sdk\8.0.400\Sdks\Microsoft.SourceLink.Common\build\Microsoft.SourceLink.Common.targets" from project "C:\Users\NoahR\OneDrive\Desktop\Jarvis\src\Jarvis.Core\Jarvis.Core.csproj" (target "_GenerateSourceLinkFile" depends on it):
     1>Done building target "_SetSourceLinkFilePath" in project "Jarvis.Core.csproj".
       Target "InitializeSourceControlInformation" skipped. Previously built successfully.
     1>Target "_InitializeSourceRootMappedPathsFromSourceControl" in file "C:\Users\NoahR\OneDrive\Desktop\Jarvis\tools\dotnet\sdk\8.0.400\Roslyn\Microsoft.Managed.Core.targets" from project "C:\Users\NoahR\OneDrive\Desktop\Jarvis\src\Jarvis.Core\Jarvis.Core.csproj" (target "InitializeSourceRootMappedPaths" depends on it):
     1>Done building target "_InitializeSourceRootMappedPathsFromSourceControl" in project "Jarvis.Core.csproj".
     1>Target "InitializeSourceRootMappedPaths" in file "C:\Users\NoahR\OneDrive\Desktop\Jarvis\tools\dotnet\sdk\8.0.400\Roslyn\Microsoft.Managed.Core.targets" from project "C:\Users\NoahR\OneDrive\Desktop\Jarvis\src\Jarvis.Core\Jarvis.Core.csproj" (target "_InitializeSourceRootMappedPathsOpt" depends on it):
       Using "Microsoft.CodeAnalysis.BuildTasks.MapSourceRoots" task from assembly "C:\Users\NoahR\OneDrive\Desktop\Jarvis\tools\dotnet\sdk\8.0.400\Roslyn\Microsoft.Build.Tasks.CodeAnalysis.dll".
       Task "Microsoft.CodeAnalysis.BuildTasks.MapSourceRoots"
       Done executing task "Microsoft.CodeAnalysis.BuildTasks.MapSourceRoots".
     1>Done building target "InitializeSourceRootMappedPaths" in project "Jarvis.Core.csproj".
     1>Target "_InitializeSourceRootMappedPathsOpt" in file "C:\Users\NoahR\OneDrive\Desktop\Jarvis\tools\dotnet\sdk\8.0.400\Sdks\Microsoft.SourceLink.Common\build\Microsoft.SourceLink.Common.targets" from project "C:\Users\NoahR\OneDrive\Desktop\Jarvis\src\Jarvis.Core\Jarvis.Core.csproj" (target "_GenerateSourceLinkFile" depends on it):
     1>Done building target "_InitializeSourceRootMappedPathsOpt" in project "Jarvis.Core.csproj".
     1>Target "_InitializeGitHubSourceLinkUrl" in file "C:\Users\NoahR\OneDrive\Desktop\Jarvis\tools\dotnet\sdk\8.0.400\Sdks\Microsoft.SourceLink.GitHub\build\Microsoft.SourceLink.GitHub.targets" from project "C:\Users\NoahR\OneDrive\Desktop\Jarvis\src\Jarvis.Core\Jarvis.Core.csproj" (target "_GenerateSourceLinkFile" depends on it):
       Building target "_InitializeGitHubSourceLinkUrl" completely.
       No input files were specified.
       Using "Microsoft.SourceLink.GitHub.GetSourceLinkUrl" task from assembly "C:\Users\NoahR\OneDrive\Desktop\Jarvis\tools\dotnet\sdk\8.0.400\Sdks\Microsoft.SourceLink.GitHub\build\..\tools\core\Microsoft.SourceLink.GitHub.dll".
       Task "Microsoft.SourceLink.GitHub.GetSourceLinkUrl"
       Done executing task "Microsoft.SourceLink.GitHub.GetSourceLinkUrl".
     1>Done building target "_InitializeGitHubSourceLinkUrl" in project "Jarvis.Core.csproj".
     1>Target "_InitializeGitLabSourceLinkUrl" in file "C:\Users\NoahR\OneDrive\Desktop\Jarvis\tools\dotnet\sdk\8.0.400\Sdks\Microsoft.SourceLink.GitLab\build\Microsoft.SourceLink.GitLab.targets" from project "C:\Users\NoahR\OneDrive\Desktop\Jarvis\src\Jarvis.Core\Jarvis.Core.csproj" (target "_GenerateSourceLinkFile" depends on it):
       Building target "_InitializeGitLabSourceLinkUrl" completely.
       No input files were specified.
       Using "Microsoft.SourceLink.GitLab.GetSourceLinkUrl" task from assembly "C:\Users\NoahR\OneDrive\Desktop\Jarvis\tools\dotnet\sdk\8.0.400\Sdks\Microsoft.SourceLink.GitLab\build\..\tools\core\Microsoft.SourceLink.GitLab.dll".
       Task "Microsoft.SourceLink.GitLab.GetSourceLinkUrl"
       Done executing task "Microsoft.SourceLink.GitLab.GetSourceLinkUrl".
     1>Done building target "_InitializeGitLabSourceLinkUrl" in project "Jarvis.Core.csproj".
     1>Target "_InitializeAzureReposGitSourceLinkUrl" in file "C:\Users\NoahR\OneDrive\Desktop\Jarvis\tools\dotnet\sdk\8.0.400\Sdks\Microsoft.SourceLink.AzureRepos.Git\build\Microsoft.SourceLink.AzureRepos.Git.targets" from project "C:\Users\NoahR\OneDrive\Desktop\Jarvis\src\Jarvis.Core\Jarvis.Core.csproj" (target "_GenerateSourceLinkFile" depends on it):
       Building target "_InitializeAzureReposGitSourceLinkUrl" completely.
       No input files were specified.
       Using "Microsoft.SourceLink.AzureRepos.Git.GetSourceLinkUrl" task from assembly "C:\Users\NoahR\OneDrive\Desktop\Jarvis\tools\dotnet\sdk\8.0.400\Sdks\Microsoft.SourceLink.AzureRepos.Git\build\..\tools\core\Microsoft.SourceLink.AzureRepos.Git.dll".
       Task "Microsoft.SourceLink.AzureRepos.Git.GetSourceLinkUrl"
       Done executing task "Microsoft.SourceLink.AzureRepos.Git.GetSourceLinkUrl".
     1>Done building target "_InitializeAzureReposGitSourceLinkUrl" in project "Jarvis.Core.csproj".
     1>Target "_InitializeBitbucketGitSourceLinkUrl" in file "C:\Users\NoahR\OneDrive\Desktop\Jarvis\tools\dotnet\sdk\8.0.400\Sdks\Microsoft.SourceLink.Bitbucket.Git\build\Microsoft.SourceLink.Bitbucket.Git.targets" from project "C:\Users\NoahR\OneDrive\Desktop\Jarvis\src\Jarvis.Core\Jarvis.Core.csproj" (target "_GenerateSourceLinkFile" depends on it):
       Building target "_InitializeBitbucketGitSourceLinkUrl" completely.
       No input files were specified.
       Using "Microsoft.SourceLink.Bitbucket.Git.GetSourceLinkUrl" task from assembly "C:\Users\NoahR\OneDrive\Desktop\Jarvis\tools\dotnet\sdk\8.0.400\Sdks\Microsoft.SourceLink.Bitbucket.Git\build\..\tools\core\Microsoft.SourceLink.Bitbucket.Git.dll".
       Task "Microsoft.SourceLink.Bitbucket.Git.GetSourceLinkUrl"
       Done executing task "Microsoft.SourceLink.Bitbucket.Git.GetSourceLinkUrl".
     1>Done building target "_InitializeBitbucketGitSourceLinkUrl" in project "Jarvis.Core.csproj".
     1>Target "_GenerateSourceLinkFile" in file "C:\Users\NoahR\OneDrive\Desktop\Jarvis\tools\dotnet\sdk\8.0.400\Sdks\Microsoft.SourceLink.Common\build\Microsoft.SourceLink.Common.targets" from project "C:\Users\NoahR\OneDrive\Desktop\Jarvis\src\Jarvis.Core\Jarvis.Core.csproj" (target "GenerateSourceLinkFile" depends on it):
       Building target "_GenerateSourceLinkFile" completely.
       No input files were specified.
       Using "Microsoft.SourceLink.Common.GenerateSourceLinkFile" task from assembly "C:\Users\NoahR\OneDrive\Desktop\Jarvis\tools\dotnet\sdk\8.0.400\Sdks\Microsoft.SourceLink.Common\build\..\tools\core\Microsoft.SourceLink.Common.dll".
       Task "Microsoft.SourceLink.Common.GenerateSourceLinkFile"
         Source Link is empty, file 'obj\Release\net8.0\Jarvis.Core.sourcelink.json' does not exist.
       Done executing task "Microsoft.SourceLink.Common.GenerateSourceLinkFile".
     1>Done building target "_GenerateSourceLinkFile" in project "Jarvis.Core.csproj".
     1>Target "GenerateSourceLinkFile" in file "C:\Users\NoahR\OneDrive\Desktop\Jarvis\tools\dotnet\sdk\8.0.400\Sdks\Microsoft.SourceLink.Common\build\Microsoft.SourceLink.Common.targets" from project "C:\Users\NoahR\OneDrive\Desktop\Jarvis\src\Jarvis.Core\Jarvis.Core.csproj" (target "CoreCompile" depends on it):
     1>Done building target "GenerateSourceLinkFile" in project "Jarvis.Core.csproj".
     1>Target "AddGlobalAnalyzerConfigForPackage_MicrosoftCodeAnalysisNetAnalyzers" in file "C:\Users\NoahR\OneDrive\Desktop\Jarvis\tools\dotnet\sdk\8.0.400\Sdks\Microsoft.NET.Sdk\analyzers\build\Microsoft.CodeAnalysis.NetAnalyzers.targets" from project "C:\Users\NoahR\OneDrive\Desktop\Jarvis\src\Jarvis.Core\Jarvis.Core.csproj" (target "CoreCompile" depends on it):
     1>Done building target "AddGlobalAnalyzerConfigForPackage_MicrosoftCodeAnalysisNetAnalyzers" in project "Jarvis.Core.csproj".
       Target "AddGlobalAnalyzerConfigForPackage_MicrosoftCodeAnalysisNetAnalyzersDesign" skipped, due to false condition; ('$(SkipGlobalAnalyzerConfigForPackage)' != 'true' and ('$(AnalysisLevelDesign)' != '' or '$(AnalysisModeDesign)' != '')) was evaluated as ('' != 'true' and ('' != '' or '' != '')).
       Target "AddGlobalAnalyzerConfigForPackage_MicrosoftCodeAnalysisNetAnalyzersDocumentation" skipped, due to false condition; ('$(SkipGlobalAnalyzerConfigForPackage)' != 'true' and ('$(AnalysisLevelDocumentation)' != '' or '$(AnalysisModeDocumentation)' != '')) was evaluated as ('' != 'true' and ('' != '' or '' != '')).
       Target "AddGlobalAnalyzerConfigForPackage_MicrosoftCodeAnalysisNetAnalyzersGlobalization" skipped, due to false condition; ('$(SkipGlobalAnalyzerConfigForPackage)' != 'true' and ('$(AnalysisLevelGlobalization)' != '' or '$(AnalysisModeGlobalization)' != '')) was evaluated as ('' != 'true' and ('' != '' or '' != '')).
       Target "AddGlobalAnalyzerConfigForPackage_MicrosoftCodeAnalysisNetAnalyzersInteroperability" skipped, due to false condition; ('$(SkipGlobalAnalyzerConfigForPackage)' != 'true' and ('$(AnalysisLevelInteroperability)' != '' or '$(AnalysisModeInteroperability)' != '')) was evaluated as ('' != 'true' and ('' != '' or '' != '')).
       Target "AddGlobalAnalyzerConfigForPackage_MicrosoftCodeAnalysisNetAnalyzersMaintainability" skipped, due to false condition; ('$(SkipGlobalAnalyzerConfigForPackage)' != 'true' and ('$(AnalysisLevelMaintainability)' != '' or '$(AnalysisModeMaintainability)' != '')) was evaluated as ('' != 'true' and ('' != '' or '' != '')).
       Target "AddGlobalAnalyzerConfigForPackage_MicrosoftCodeAnalysisNetAnalyzersNaming" skipped, due to false condition; ('$(SkipGlobalAnalyzerConfigForPackage)' != 'true' and ('$(AnalysisLevelNaming)' != '' or '$(AnalysisModeNaming)' != '')) was evaluated as ('' != 'true' and ('' != '' or '' != '')).
       Target "AddGlobalAnalyzerConfigForPackage_MicrosoftCodeAnalysisNetAnalyzersPerformance" skipped, due to false condition; ('$(SkipGlobalAnalyzerConfigForPackage)' != 'true' and ('$(AnalysisLevelPerformance)' != '' or '$(AnalysisModePerformance)' != '')) was evaluated as ('' != 'true' and ('' != '' or '' != '')).
       Target "AddGlobalAnalyzerConfigForPackage_MicrosoftCodeAnalysisNetAnalyzersReliability" skipped, due to false condition; ('$(SkipGlobalAnalyzerConfigForPackage)' != 'true' and ('$(AnalysisLevelReliability)' != '' or '$(AnalysisModeReliability)' != '')) was evaluated as ('' != 'true' and ('' != '' or '' != '')).
       Target "AddGlobalAnalyzerConfigForPackage_MicrosoftCodeAnalysisNetAnalyzersSecurity" skipped, due to false condition; ('$(SkipGlobalAnalyzerConfigForPackage)' != 'true' and ('$(AnalysisLevelSecurity)' != '' or '$(AnalysisModeSecurity)' != '')) was evaluated as ('' != 'true' and ('' != '' or '' != '')).
       Target "AddGlobalAnalyzerConfigForPackage_MicrosoftCodeAnalysisNetAnalyzersUsage" skipped, due to false condition; ('$(SkipGlobalAnalyzerConfigForPackage)' != 'true' and ('$(AnalysisLevelUsage)' != '' or '$(AnalysisModeUsage)' != '')) was evaluated as ('' != 'true' and ('' != '' or '' != '')).
       Target "_CodeAnalysisTreatWarningsAsErrors" skipped, due to false condition; ('$(DesignTimeBuild)' == 'true' OR '$(BuildingProject)' != 'true') was evaluated as ('' == 'true' OR 'true' != 'true').
     1>Target "_ReportUpgradeNetAnalyzersNuGetWarning" in file "C:\Users\NoahR\OneDrive\Desktop\Jarvis\tools\dotnet\sdk\8.0.400\Sdks\Microsoft.NET.Sdk\analyzers\build\Microsoft.CodeAnalysis.NetAnalyzers.targets" from project "C:\Users\NoahR\OneDrive\Desktop\Jarvis\src\Jarvis.Core\Jarvis.Core.csproj" (target "CoreCompile" depends on it):
       Task "Warning" skipped, due to false condition; ('$(_NETAnalyzersNuGetAssemblyVersion)' != '' AND
                                '$(_NETAnalyzersSDKAssemblyVersion)' != '' AND
                                 $(_NETAnalyzersNuGetAssemblyVersion) < $(_NETAnalyzersSDKAssemblyVersion)) was evaluated as ('' != '' AND
                                '8.0.0' != '' AND
                                  < 8.0.0).
     1>Done building target "_ReportUpgradeNetAnalyzersNuGetWarning" in project "Jarvis.Core.csproj".
     1>Target "CoreCompile" in file "C:\Users\NoahR\OneDrive\Desktop\Jarvis\tools\dotnet\sdk\8.0.400\Roslyn\Microsoft.CSharp.Core.targets" from project "C:\Users\NoahR\OneDrive\Desktop\Jarvis\src\Jarvis.Core\Jarvis.Core.csproj" (target "Compile" depends on it):
       Building target "CoreCompile" completely.
       Input file "AgentStateStore.cs" is newer than output file "obj\Release\net8.0\Jarvis.Core.pdb".
       Using "Csc" task from assembly "C:\Users\NoahR\OneDrive\Desktop\Jarvis\tools\dotnet\sdk\8.0.400\Roslyn\Microsoft.Build.Tasks.CodeAnalysis.dll".
       Task "Csc"
         C:\Users\NoahR\OneDrive\Desktop\Jarvis\tools\dotnet\dotnet.exe exec "C:\Users\NoahR\OneDrive\Desktop\Jarvis\tools\dotnet\sdk\8.0.400\Roslyn\bincore\csc.dll" /noconfig /unsafe- /checked- /nowarn:1701,1702,1701,1702 /fullpaths /nostdlib+ /errorreport:prompt /warn:8 /define:TRACE;RELEASE;NET;NET8_0;NETCOREAPP;NET5_0_OR_GREATER;NET6_0_OR_GREATER;NET7_0_OR_GREATER;NET8_0_OR_GREATER;NETCOREAPP1_0_OR_GREATER;NETCOREAPP1_1_OR_GREATER;NETCOREAPP2_0_OR_GREATER;NETCOREAPP2_1_OR_GREATER;NETCOREAPP2_2_OR_GREATER;NETCOREAPP3_0_OR_GREATER;NETCOREAPP3_1_OR_GREATER /highentropyva+ /nullable:enable /reference:C:\Users\NoahR\OneDrive\Desktop\Jarvis\tools\dotnet\packs\Microsoft.NETCore.App.Ref\8.0.8\ref\net8.0\Microsoft.CSharp.dll /reference:C:\Users\NoahR\OneDrive\Desktop\Jarvis\tools\dotnet\packs\Microsoft.NETCore.App.Ref\8.0.8\ref\net8.0\Microsoft.VisualBasic.Core.dll /reference:C:\Users\NoahR\OneDrive\Desktop\Jarvis\tools\dotnet\packs\Microsoft.NETCore.App.Ref\8.0.8\ref\net8.0\Microsoft.VisualBasic.dll /reference:C:\Users\NoahR\OneDrive\Desktop\Jarvis\tools\dotnet\packs\Microsoft.NETCore.App.Ref\8.0.8\ref\net8.0\Microsoft.Win32.Primitives.dll /reference:C:\Users\NoahR\OneDrive\Desktop\Jarvis\tools\dotnet\packs\Microsoft.NETCore.App.Ref\8.0.8\ref\net8.0\Microsoft.Win32.Registry.dll /reference:C:\Users\NoahR\OneDrive\Desktop\Jarvis\tools\dotnet\packs\Microsoft.NETCore.App.Ref\8.0.8\ref\net8.0\mscorlib.dll /reference:C:\Users\NoahR\OneDrive\Desktop\Jarvis\tools\dotnet\packs\Microsoft.NETCore.App.Ref\8.0.8\ref\net8.0\netstandard.dll /reference:C:\Users\NoahR\OneDrive\Desktop\Jarvis\tools\dotnet\packs\Microsoft.NETCore.App.Ref\8.0.8\ref\net8.0\System.AppContext.dll /reference:C:\Users\NoahR\OneDrive\Desktop\Jarvis\tools\dotnet\packs\Microsoft.NETCore.App.Ref\8.0.8\ref\net8.0\System.Buffers.dll /reference:C:\Users\NoahR\OneDrive\Desktop\Jarvis\tools\dotnet\packs\Microsoft.NETCore.App.Ref\8.0.8\ref\net8.0\System.Collections.Concurrent.dll /reference:C:\Users\NoahR\OneDrive\Desktop\Jarvis\tools\dotnet\packs\Microsoft.NETCore.App.Ref\8.0.8\ref\net8.0\System.Collections.dll /reference:C:\Users\NoahR\OneDrive\Desktop\Jarvis\tools\dotnet\packs\Microsoft.NETCore.App.Ref\8.0.8\ref\net8.0\System.Collections.Immutable.dll /reference:C:\Users\NoahR\OneDrive\Desktop\Jarvis\tools\dotnet\packs\Microsoft.NETCore.App.Ref\8.0.8\ref\net8.0\System.Collections.NonGeneric.dll /reference:C:\Users\NoahR\OneDrive\Desktop\Jarvis\tools\dotnet\packs\Microsoft.NETCore.App.Ref\8.0.8\ref\net8.0\System.Collections.Specialized.dll /reference:C:\Users\NoahR\OneDrive\Desktop\Jarvis\tools\dotnet\packs\Microsoft.NETCore.App.Ref\8.0.8\ref\net8.0\System.ComponentModel.Annotations.dll /reference:C:\Users\NoahR\OneDrive\Desktop\Jarvis\tools\dotnet\packs\Microsoft.NETCore.App.Ref\8.0.8\ref\net8.0\System.ComponentModel.DataAnnotations.dll /reference:C:\Users\NoahR\OneDrive\Desktop\Jarvis\tools\dotnet\packs\Microsoft.NETCore.App.Ref\8.0.8\ref\net8.0\System.ComponentModel.dll /reference:C:\Users\NoahR\OneDrive\Desktop\Jarvis\tools\dotnet\packs\Microsoft.NETCore.App.Ref\8.0.8\ref\net8.0\System.ComponentModel.EventBasedAsync.dll /reference:C:\Users\NoahR\OneDrive\Desktop\Jarvis\tools\dotnet\packs\Microsoft.NETCore.App.Ref\8.0.8\ref\net8.0\System.ComponentModel.Primitives.dll /reference:C:\Users\NoahR\OneDrive\Desktop\Jarvis\tools\dotnet\packs\Microsoft.NETCore.App.Ref\8.0.8\ref\net8.0\System.ComponentModel.TypeConverter.dll /reference:C:\Users\NoahR\OneDrive\Desktop\Jarvis\tools\dotnet\packs\Microsoft.NETCore.App.Ref\8.0.8\ref\net8.0\System.Configuration.dll /reference:C:\Users\NoahR\OneDrive\Desktop\Jarvis\tools\dotnet\packs\Microsoft.NETCore.App.Ref\8.0.8\ref\net8.0\System.Console.dll /reference:C:\Users\NoahR\OneDrive\Desktop\Jarvis\tools\dotnet\packs\Microsoft.NETCore.App.Ref\8.0.8\ref\net8.0\System.Core.dll /reference:C:\Users\NoahR\OneDrive\Desktop\Jarvis\tools\dotnet\packs\Microsoft.NETCore.App.Ref\8.0.8\ref\net8.0\System.Data.Common.dll /reference:C:\Users\NoahR\OneDrive\Desktop\Jarvis\tools\dotnet\packs\Microsoft.NETCore.App.Ref\8.0.8\ref\net8.0\System.Data.DataSetExtensions.dll /reference:C:\Users\NoahR\OneDrive\Desktop\Jarvis\tools\dotnet\packs\Microsoft.NETCore.App.Ref\8.0.8\ref\net8.0\System.Data.dll /reference:C:\Users\NoahR\OneDrive\Desktop\Jarvis\tools\dotnet\packs\Microsoft.NETCore.App.Ref\8.0.8\ref\net8.0\System.Diagnostics.Contracts.dll /reference:C:\Users\NoahR\OneDrive\Desktop\Jarvis\tools\dotnet\packs\Microsoft.NETCore.App.Ref\8.0.8\ref\net8.0\System.Diagnostics.Debug.dll /reference:C:\Users\NoahR\OneDrive\Desktop\Jarvis\tools\dotnet\packs\Microsoft.NETCore.App.Ref\8.0.8\ref\net8.0\System.Diagnostics.DiagnosticSource.dll /reference:C:\Users\NoahR\OneDrive\Desktop\Jarvis\tools\dotnet\packs\Microsoft.NETCore.App.Ref\8.0.8\ref\net8.0\System.Diagnostics.FileVersionInfo.dll /reference:C:\Users\NoahR\OneDrive\Desktop\Jarvis\tools\dotnet\packs\Microsoft.NETCore.App.Ref\8.0.8\ref\net8.0\System.Diagnostics.Process.dll /reference:C:\Users\NoahR\OneDrive\Desktop\Jarvis\tools\dotnet\packs\Microsoft.NETCore.App.Ref\8.0.8\ref\net8.0\System.Diagnostics.StackTrace.dll /reference:C:\Users\NoahR\OneDrive\Desktop\Jarvis\tools\dotnet\packs\Microsoft.NETCore.App.Ref\8.0.8\ref\net8.0\System.Diagnostics.TextWriterTraceListener.dll /reference:C:\Users\NoahR\OneDrive\Desktop\Jarvis\tools\dotnet\packs\Microsoft.NETCore.App.Ref\8.0.8\ref\net8.0\System.Diagnostics.Tools.dll /reference:C:\Users\NoahR\OneDrive\Desktop\Jarvis\tools\dotnet\packs\Microsoft.NETCore.App.Ref\8.0.8\ref\net8.0\System.Diagnostics.TraceSource.dll /reference:C:\Users\NoahR\OneDrive\Desktop\Jarvis\tools\dotnet\packs\Microsoft.NETCore.App.Ref\8.0.8\ref\net8.0\System.Diagnostics.Tracing.dll /reference:C:\Users\NoahR\OneDrive\Desktop\Jarvis\tools\dotnet\packs\Microsoft.NETCore.App.Ref\8.0.8\ref\net8.0\System.dll /reference:C:\Users\NoahR\OneDrive\Desktop\Jarvis\tools\dotnet\packs\Microsoft.NETCore.App.Ref\8.0.8\ref\net8.0\System.Drawing.dll /reference:C:\Users\NoahR\OneDrive\Desktop\Jarvis\tools\dotnet\packs\Microsoft.NETCore.App.Ref\8.0.8\ref\net8.0\System.Drawing.Primitives.dll /reference:C:\Users\NoahR\OneDrive\Desktop\Jarvis\tools\dotnet\packs\Microsoft.NETCore.App.Ref\8.0.8\ref\net8.0\System.Dynamic.Runtime.dll /reference:C:\Users\NoahR\OneDrive\Desktop\Jarvis\tools\dotnet\packs\Microsoft.NETCore.App.Ref\8.0.8\ref\net8.0\System.Formats.Asn1.dll /reference:C:\Users\NoahR\OneDrive\Desktop\Jarvis\tools\dotnet\packs\Microsoft.NETCore.App.Ref\8.0.8\ref\net8.0\System.Formats.Tar.dll /reference:C:\Users\NoahR\OneDrive\Desktop\Jarvis\tools\dotnet\packs\Microsoft.NETCore.App.Ref\8.0.8\ref\net8.0\System.Globalization.Calendars.dll /reference:C:\Users\NoahR\OneDrive\Desktop\Jarvis\tools\dotnet\packs\Microsoft.NETCore.App.Ref\8.0.8\ref\net8.0\System.Globalization.dll /reference:C:\Users\NoahR\OneDrive\Desktop\Jarvis\tools\dotnet\packs\Microsoft.NETCore.App.Ref\8.0.8\ref\net8.0\System.Globalization.Extensions.dll /reference:C:\Users\NoahR\OneDrive\Desktop\Jarvis\tools\dotnet\packs\Microsoft.NETCore.App.Ref\8.0.8\ref\net8.0\System.IO.Compression.Brotli.dll /reference:C:\Users\NoahR\OneDrive\Desktop\Jarvis\tools\dotnet\packs\Microsoft.NETCore.App.Ref\8.0.8\ref\net8.0\System.IO.Compression.dll /reference:C:\Users\NoahR\OneDrive\Desktop\Jarvis\tools\dotnet\packs\Microsoft.NETCore.App.Ref\8.0.8\ref\net8.0\System.IO.Compression.FileSystem.dll /reference:C:\Users\NoahR\OneDrive\Desktop\Jarvis\tools\dotnet\packs\Microsoft.NETCore.App.Ref\8.0.8\ref\net8.0\System.IO.Compression.ZipFile.dll /reference:C:\Users\NoahR\OneDrive\Desktop\Jarvis\tools\dotnet\packs\Microsoft.NETCore.App.Ref\8.0.8\ref\net8.0\System.IO.dll /reference:C:\Users\NoahR\OneDrive\Desktop\Jarvis\tools\dotnet\packs\Microsoft.NETCore.App.Ref\8.0.8\ref\net8.0\System.IO.FileSystem.AccessControl.dll /reference:C:\Users\NoahR\OneDrive\Desktop\Jarvis\tools\dotnet\packs\Microsoft.NETCore.App.Ref\8.0.8\ref\net8.0\System.IO.FileSystem.dll /reference:C:\Users\NoahR\OneDrive\Desktop\Jarvis\tools\dotnet\packs\Microsoft.NETCore.App.Ref\8.0.8\ref\net8.0\System.IO.FileSystem.DriveInfo.dll /reference:C:\Users\NoahR\OneDrive\Desktop\Jarvis\tools\dotnet\packs\Microsoft.NETCore.App.Ref\8.0.8\ref\net8.0\System.IO.FileSystem.Primitives.dll /reference:C:\Users\NoahR\OneDrive\Desktop\Jarvis\tools\dotnet\packs\Microsoft.NETCore.App.Ref\8.0.8\ref\net8.0\System.IO.FileSystem.Watcher.dll /reference:C:\Users\NoahR\OneDrive\Desktop\Jarvis\tools\dotnet\packs\Microsoft.NETCore.App.Ref\8.0.8\ref\net8.0\System.IO.IsolatedStorage.dll /reference:C:\Users\NoahR\OneDrive\Desktop\Jarvis\tools\dotnet\packs\Microsoft.NETCore.App.Ref\8.0.8\ref\net8.0\System.IO.MemoryMappedFiles.dll /reference:C:\Users\NoahR\OneDrive\Desktop\Jarvis\tools\dotnet\packs\Microsoft.NETCore.App.Ref\8.0.8\ref\net8.0\System.IO.Pipes.AccessControl.dll /reference:C:\Users\NoahR\OneDrive\Desktop\Jarvis\tools\dotnet\packs\Microsoft.NETCore.App.Ref\8.0.8\ref\net8.0\System.IO.Pipes.dll /reference:C:\Users\NoahR\OneDrive\Desktop\Jarvis\tools\dotnet\packs\Microsoft.NETCore.App.Ref\8.0.8\ref\net8.0\System.IO.UnmanagedMemoryStream.dll /reference:C:\Users\NoahR\OneDrive\Desktop\Jarvis\tools\dotnet\packs\Microsoft.NETCore.App.Ref\8.0.8\ref\net8.0\System.Linq.dll /reference:C:\Users\NoahR\OneDrive\Desktop\Jarvis\tools\dotnet\packs\Microsoft.NETCore.App.Ref\8.0.8\ref\net8.0\System.Linq.Expressions.dll /reference:C:\Users\NoahR\OneDrive\Desktop\Jarvis\tools\dotnet\packs\Microsoft.NETCore.App.Ref\8.0.8\ref\net8.0\System.Linq.Parallel.dll /reference:C:\Users\NoahR\OneDrive\Desktop\Jarvis\tools\dotnet\packs\Microsoft.NETCore.App.Ref\8.0.8\ref\net8.0\System.Linq.Queryable.dll /reference:C:\Users\NoahR\OneDrive\Desktop\Jarvis\tools\dotnet\packs\Microsoft.NETCore.App.Ref\8.0.8\ref\net8.0\System.Memory.dll /reference:C:\Users\NoahR\OneDrive\Desktop\Jarvis\tools\dotnet\packs\Microsoft.NETCore.App.Ref\8.0.8\ref\net8.0\System.Net.dll /reference:C:\Users\NoahR\OneDrive\Desktop\Jarvis\tools\dotnet\packs\Microsoft.NETCore.App.Ref\8.0.8\ref\net8.0\System.Net.Http.dll /reference:C:\Users\NoahR\OneDrive\Desktop\Jarvis\tools\dotnet\packs\Microsoft.NETCore.App.Ref\8.0.8\ref\net8.0\System.Net.Http.Json.dll /reference:C:\Users\NoahR\OneDrive\Desktop\Jarvis\tools\dotnet\packs\Microsoft.NETCore.App.Ref\8.0.8\ref\net8.0\System.Net.HttpListener.dll /reference:C:\Users\NoahR\OneDrive\Desktop\Jarvis\tools\dotnet\packs\Microsoft.NETCore.App.Ref\8.0.8\ref\net8.0\System.Net.Mail.dll /reference:C:\Users\NoahR\OneDrive\Desktop\Jarvis\tools\dotnet\packs\Microsoft.NETCore.App.Ref\8.0.8\ref\net8.0\System.Net.NameResolution.dll /reference:C:\Users\NoahR\OneDrive\Desktop\Jarvis\tools\dotnet\packs\Microsoft.NETCore.App.Ref\8.0.8\ref\net8.0\System.Net.NetworkInformation.dll /reference:C:\Users\NoahR\OneDrive\Desktop\Jarvis\tools\dotnet\packs\Microsoft.NETCore.App.Ref\8.0.8\ref\net8.0\System.Net.Ping.dll /reference:C:\Users\NoahR\OneDrive\Desktop\Jarvis\tools\dotnet\packs\Microsoft.NETCore.App.Ref\8.0.8\ref\net8.0\System.Net.Primitives.dll /reference:C:\Users\NoahR\OneDrive\Desktop\Jarvis\tools\dotnet\packs\Microsoft.NETCore.App.Ref\8.0.8\ref\net8.0\System.Net.Quic.dll /reference:C:\Users\NoahR\OneDrive\Desktop\Jarvis\tools\dotnet\packs\Microsoft.NETCore.App.Ref\8.0.8\ref\net8.0\System.Net.Requests.dll /reference:C:\Users\NoahR\OneDrive\Desktop\Jarvis\tools\dotnet\packs\Microsoft.NETCore.App.Ref\8.0.8\ref\net8.0\System.Net.Security.dll /reference:C:\Users\NoahR\OneDrive\Desktop\Jarvis\tools\dotnet\packs\Microsoft.NETCore.App.Ref\8.0.8\ref\net8.0\System.Net.ServicePoint.dll /reference:C:\Users\NoahR\OneDrive\Desktop\Jarvis\tools\dotnet\packs\Microsoft.NETCore.App.Ref\8.0.8\ref\net8.0\System.Net.Sockets.dll /reference:C:\Users\NoahR\OneDrive\Desktop\Jarvis\tools\dotnet\packs\Microsoft.NETCore.App.Ref\8.0.8\ref\net8.0\System.Net.WebClient.dll /reference:C:\Users\NoahR\OneDrive\Desktop\Jarvis\tools\dotnet\packs\Microsoft.NETCore.App.Ref\8.0.8\ref\net8.0\System.Net.WebHeaderCollection.dll /reference:C:\Users\NoahR\OneDrive\Desktop\Jarvis\tools\dotnet\packs\Microsoft.NETCore.App.Ref\8.0.8\ref\net8.0\System.Net.WebProxy.dll /reference:C:\Users\NoahR\OneDrive\Desktop\Jarvis\tools\dotnet\packs\Microsoft.NETCore.App.Ref\8.0.8\ref\net8.0\System.Net.WebSockets.Client.dll /reference:C:\Users\NoahR\OneDrive\Desktop\Jarvis\tools\dotnet\packs\Microsoft.NETCore.App.Ref\8.0.8\ref\net8.0\System.Net.WebSockets.dll /reference:C:\Users\NoahR\OneDrive\Desktop\Jarvis\tools\dotnet\packs\Microsoft.NETCore.App.Ref\8.0.8\ref\net8.0\System.Numerics.dll /reference:C:\Users\NoahR\OneDrive\Desktop\Jarvis\tools\dotnet\packs\Microsoft.NETCore.App.Ref\8.0.8\ref\net8.0\System.Numerics.Vectors.dll /reference:C:\Users\NoahR\OneDrive\Desktop\Jarvis\tools\dotnet\packs\Microsoft.NETCore.App.Ref\8.0.8\ref\net8.0\System.ObjectModel.dll /reference:C:\Users\NoahR\OneDrive\Desktop\Jarvis\tools\dotnet\packs\Microsoft.NETCore.App.Ref\8.0.8\ref\net8.0\System.Reflection.DispatchProxy.dll /reference:C:\Users\NoahR\OneDrive\Desktop\Jarvis\tools\dotnet\packs\Microsoft.NETCore.App.Ref\8.0.8\ref\net8.0\System.Reflection.dll /reference:C:\Users\NoahR\OneDrive\Desktop\Jarvis\tools\dotnet\packs\Microsoft.NETCore.App.Ref\8.0.8\ref\net8.0\System.Reflection.Emit.dll /reference:C:\Users\NoahR\OneDrive\Desktop\Jarvis\tools\dotnet\packs\Microsoft.NETCore.App.Ref\8.0.8\ref\net8.0\System.Reflection.Emit.ILGeneration.dll /reference:C:\Users\NoahR\OneDrive\Desktop\Jarvis\tools\dotnet\packs\Microsoft.NETCore.App.Ref\8.0.8\ref\net8.0\System.Reflection.Emit.Lightweight.dll /reference:C:\Users\NoahR\OneDrive\Desktop\Jarvis\tools\dotnet\packs\Microsoft.NETCore.App.Ref\8.0.8\ref\net8.0\System.Reflection.Extensions.dll /reference:C:\Users\NoahR\OneDrive\Desktop\Jarvis\tools\dotnet\packs\Microsoft.NETCore.App.Ref\8.0.8\ref\net8.0\System.Reflection.Metadata.dll /reference:C:\Users\NoahR\OneDrive\Desktop\Jarvis\tools\dotnet\packs\Microsoft.NETCore.App.Ref\8.0.8\ref\net8.0\System.Reflection.Primitives.dll /reference:C:\Users\NoahR\OneDrive\Desktop\Jarvis\tools\dotnet\packs\Microsoft.NETCore.App.Ref\8.0.8\ref\net8.0\System.Reflection.TypeExtensions.dll /reference:C:\Users\NoahR\OneDrive\Desktop\Jarvis\tools\dotnet\packs\Microsoft.NETCore.App.Ref\8.0.8\ref\net8.0\System.Resources.Reader.dll /reference:C:\Users\NoahR\OneDrive\Desktop\Jarvis\tools\dotnet\packs\Microsoft.NETCore.App.Ref\8.0.8\ref\net8.0\System.Resources.ResourceManager.dll /reference:C:\Users\NoahR\OneDrive\Desktop\Jarvis\tools\dotnet\packs\Microsoft.NETCore.App.Ref\8.0.8\ref\net8.0\System.Resources.Writer.dll /reference:C:\Users\NoahR\OneDrive\Desktop\Jarvis\tools\dotnet\packs\Microsoft.NETCore.App.Ref\8.0.8\ref\net8.0\System.Runtime.CompilerServices.Unsafe.dll /reference:C:\Users\NoahR\OneDrive\Desktop\Jarvis\tools\dotnet\packs\Microsoft.NETCore.App.Ref\8.0.8\ref\net8.0\System.Runtime.CompilerServices.VisualC.dll /reference:C:\Users\NoahR\OneDrive\Desktop\Jarvis\tools\dotnet\packs\Microsoft.NETCore.App.Ref\8.0.8\ref\net8.0\System.Runtime.dll /reference:C:\Users\NoahR\OneDrive\Desktop\Jarvis\tools\dotnet\packs\Microsoft.NETCore.App.Ref\8.0.8\ref\net8.0\System.Runtime.Extensions.dll /reference:C:\Users\NoahR\OneDrive\Desktop\Jarvis\tools\dotnet\packs\Microsoft.NETCore.App.Ref\8.0.8\ref\net8.0\System.Runtime.Handles.dll /reference:C:\Users\NoahR\OneDrive\Desktop\Jarvis\tools\dotnet\packs\Microsoft.NETCore.App.Ref\8.0.8\ref\net8.0\System.Runtime.InteropServices.dll /reference:C:\Users\NoahR\OneDrive\Desktop\Jarvis\tools\dotnet\packs\Microsoft.NETCore.App.Ref\8.0.8\ref\net8.0\System.Runtime.InteropServices.JavaScript.dll /reference:C:\Users\NoahR\OneDrive\Desktop\Jarvis\tools\dotnet\packs\Microsoft.NETCore.App.Ref\8.0.8\ref\net8.0\System.Runtime.InteropServices.RuntimeInformation.dll /reference:C:\Users\NoahR\OneDrive\Desktop\Jarvis\tools\dotnet\packs\Microsoft.NETCore.App.Ref\8.0.8\ref\net8.0\System.Runtime.Intrinsics.dll /reference:C:\Users\NoahR\OneDrive\Desktop\Jarvis\tools\dotnet\packs\Microsoft.NETCore.App.Ref\8.0.8\ref\net8.0\System.Runtime.Loader.dll /reference:C:\Users\NoahR\OneDrive\Desktop\Jarvis\tools\dotnet\packs\Microsoft.NETCore.App.Ref\8.0.8\ref\net8.0\System.Runtime.Numerics.dll /reference:C:\Users\NoahR\OneDrive\Desktop\Jarvis\tools\dotnet\packs\Microsoft.NETCore.App.Ref\8.0.8\ref\net8.0\System.Runtime.Serialization.dll /reference:C:\Users\NoahR\OneDrive\Desktop\Jarvis\tools\dotnet\packs\Microsoft.NETCore.App.Ref\8.0.8\ref\net8.0\System.Runtime.Serialization.Formatters.dll /reference:C:\Users\NoahR\OneDrive\Desktop\Jarvis\tools\dotnet\packs\Microsoft.NETCore.App.Ref\8.0.8\ref\net8.0\System.Runtime.Serialization.Json.dll /reference:C:\Users\NoahR\OneDrive\Desktop\Jarvis\tools\dotnet\packs\Microsoft.NETCore.App.Ref\8.0.8\ref\net8.0\System.Runtime.Serialization.Primitives.dll /reference:C:\Users\NoahR\OneDrive\Desktop\Jarvis\tools\dotnet\packs\Microsoft.NETCore.App.Ref\8.0.8\ref\net8.0\System.Runtime.Serialization.Xml.dll /reference:C:\Users\NoahR\OneDrive\Desktop\Jarvis\tools\dotnet\packs\Microsoft.NETCore.App.Ref\8.0.8\ref\net8.0\System.Security.AccessControl.dll /reference:C:\Users\NoahR\OneDrive\Desktop\Jarvis\tools\dotnet\packs\Microsoft.NETCore.App.Ref\8.0.8\ref\net8.0\System.Security.Claims.dll /reference:C:\Users\NoahR\OneDrive\Desktop\Jarvis\tools\dotnet\packs\Microsoft.NETCore.App.Ref\8.0.8\ref\net8.0\System.Security.Cryptography.Algorithms.dll /reference:C:\Users\NoahR\OneDrive\Desktop\Jarvis\tools\dotnet\packs\Microsoft.NETCore.App.Ref\8.0.8\ref\net8.0\System.Security.Cryptography.Cng.dll /reference:C:\Users\NoahR\OneDrive\Desktop\Jarvis\tools\dotnet\packs\Microsoft.NETCore.App.Ref\8.0.8\ref\net8.0\System.Security.Cryptography.Csp.dll /reference:C:\Users\NoahR\OneDrive\Desktop\Jarvis\tools\dotnet\packs\Microsoft.NETCore.App.Ref\8.0.8\ref\net8.0\System.Security.Cryptography.dll /reference:C:\Users\NoahR\OneDrive\Desktop\Jarvis\tools\dotnet\packs\Microsoft.NETCore.App.Ref\8.0.8\ref\net8.0\System.Security.Cryptography.Encoding.dll /reference:C:\Users\NoahR\OneDrive\Desktop\Jarvis\tools\dotnet\packs\Microsoft.NETCore.App.Ref\8.0.8\ref\net8.0\System.Security.Cryptography.OpenSsl.dll /reference:C:\Users\NoahR\OneDrive\Desktop\Jarvis\tools\dotnet\packs\Microsoft.NETCore.App.Ref\8.0.8\ref\net8.0\System.Security.Cryptography.Primitives.dll /reference:C:\Users\NoahR\OneDrive\Desktop\Jarvis\tools\dotnet\packs\Microsoft.NETCore.App.Ref\8.0.8\ref\net8.0\System.Security.Cryptography.X509Certificates.dll /reference:C:\Users\NoahR\OneDrive\Desktop\Jarvis\tools\dotnet\packs\Microsoft.NETCore.App.Ref\8.0.8\ref\net8.0\System.Security.dll /reference:C:\Users\NoahR\OneDrive\Desktop\Jarvis\tools\dotnet\packs\Microsoft.NETCore.App.Ref\8.0.8\ref\net8.0\System.Security.Principal.dll /reference:C:\Users\NoahR\OneDrive\Desktop\Jarvis\tools\dotnet\packs\Microsoft.NETCore.App.Ref\8.0.8\ref\net8.0\System.Security.Principal.Windows.dll /reference:C:\Users\NoahR\OneDrive\Desktop\Jarvis\tools\dotnet\packs\Microsoft.NETCore.App.Ref\8.0.8\ref\net8.0\System.Security.SecureString.dll /reference:C:\Users\NoahR\OneDrive\Desktop\Jarvis\tools\dotnet\packs\Microsoft.NETCore.App.Ref\8.0.8\ref\net8.0\System.ServiceModel.Web.dll /reference:C:\Users\NoahR\OneDrive\Desktop\Jarvis\tools\dotnet\packs\Microsoft.NETCore.App.Ref\8.0.8\ref\net8.0\System.ServiceProcess.dll /reference:C:\Users\NoahR\OneDrive\Desktop\Jarvis\tools\dotnet\packs\Microsoft.NETCore.App.Ref\8.0.8\ref\net8.0\System.Text.Encoding.CodePages.dll /reference:C:\Users\NoahR\OneDrive\Desktop\Jarvis\tools\dotnet\packs\Microsoft.NETCore.App.Ref\8.0.8\ref\net8.0\System.Text.Encoding.dll /reference:C:\Users\NoahR\OneDrive\Desktop\Jarvis\tools\dotnet\packs\Microsoft.NETCore.App.Ref\8.0.8\ref\net8.0\System.Text.Encoding.Extensions.dll /reference:C:\Users\NoahR\OneDrive\Desktop\Jarvis\tools\dotnet\packs\Microsoft.NETCore.App.Ref\8.0.8\ref\net8.0\System.Text.Encodings.Web.dll /reference:C:\Users\NoahR\OneDrive\Desktop\Jarvis\tools\dotnet\packs\Microsoft.NETCore.App.Ref\8.0.8\ref\net8.0\System.Text.Json.dll /reference:C:\Users\NoahR\OneDrive\Desktop\Jarvis\tools\dotnet\packs\Microsoft.NETCore.App.Ref\8.0.8\ref\net8.0\System.Text.RegularExpressions.dll /reference:C:\Users\NoahR\OneDrive\Desktop\Jarvis\tools\dotnet\packs\Microsoft.NETCore.App.Ref\8.0.8\ref\net8.0\System.Threading.Channels.dll /reference:C:\Users\NoahR\OneDrive\Desktop\Jarvis\tools\dotnet\packs\Microsoft.NETCore.App.Ref\8.0.8\ref\net8.0\System.Threading.dll /reference:C:\Users\NoahR\OneDrive\Desktop\Jarvis\tools\dotnet\packs\Microsoft.NETCore.App.Ref\8.0.8\ref\net8.0\System.Threading.Overlapped.dll /reference:C:\Users\NoahR\OneDrive\Desktop\Jarvis\tools\dotnet\packs\Microsoft.NETCore.App.Ref\8.0.8\ref\net8.0\System.Threading.Tasks.Dataflow.dll /reference:C:\Users\NoahR\OneDrive\Desktop\Jarvis\tools\dotnet\packs\Microsoft.NETCore.App.Ref\8.0.8\ref\net8.0\System.Threading.Tasks.dll /reference:C:\Users\NoahR\OneDrive\Desktop\Jarvis\tools\dotnet\packs\Microsoft.NETCore.App.Ref\8.0.8\ref\net8.0\System.Threading.Tasks.Extensions.dll /reference:C:\Users\NoahR\OneDrive\Desktop\Jarvis\tools\dotnet\packs\Microsoft.NETCore.App.Ref\8.0.8\ref\net8.0\System.Threading.Tasks.Parallel.dll /reference:C:\Users\NoahR\OneDrive\Desktop\Jarvis\tools\dotnet\packs\Microsoft.NETCore.App.Ref\8.0.8\ref\net8.0\System.Threading.Thread.dll /reference:C:\Users\NoahR\OneDrive\Desktop\Jarvis\tools\dotnet\packs\Microsoft.NETCore.App.Ref\8.0.8\ref\net8.0\System.Threading.ThreadPool.dll /reference:C:\Users\NoahR\OneDrive\Desktop\Jarvis\tools\dotnet\packs\Microsoft.NETCore.App.Ref\8.0.8\ref\net8.0\System.Threading.Timer.dll /reference:C:\Users\NoahR\OneDrive\Desktop\Jarvis\tools\dotnet\packs\Microsoft.NETCore.App.Ref\8.0.8\ref\net8.0\System.Transactions.dll /reference:C:\Users\NoahR\OneDrive\Desktop\Jarvis\tools\dotnet\packs\Microsoft.NETCore.App.Ref\8.0.8\ref\net8.0\System.Transactions.Local.dll /reference:C:\Users\NoahR\OneDrive\Desktop\Jarvis\tools\dotnet\packs\Microsoft.NETCore.App.Ref\8.0.8\ref\net8.0\System.ValueTuple.dll /reference:C:\Users\NoahR\OneDrive\Desktop\Jarvis\tools\dotnet\packs\Microsoft.NETCore.App.Ref\8.0.8\ref\net8.0\System.Web.dll /reference:C:\Users\NoahR\OneDrive\Desktop\Jarvis\tools\dotnet\packs\Microsoft.NETCore.App.Ref\8.0.8\ref\net8.0\System.Web.HttpUtility.dll /reference:C:\Users\NoahR\OneDrive\Desktop\Jarvis\tools\dotnet\packs\Microsoft.NETCore.App.Ref\8.0.8\ref\net8.0\System.Windows.dll /reference:C:\Users\NoahR\OneDrive\Desktop\Jarvis\tools\dotnet\packs\Microsoft.NETCore.App.Ref\8.0.8\ref\net8.0\System.Xml.dll /reference:C:\Users\NoahR\OneDrive\Desktop\Jarvis\tools\dotnet\packs\Microsoft.NETCore.App.Ref\8.0.8\ref\net8.0\System.Xml.Linq.dll /reference:C:\Users\NoahR\OneDrive\Desktop\Jarvis\tools\dotnet\packs\Microsoft.NETCore.App.Ref\8.0.8\ref\net8.0\System.Xml.ReaderWriter.dll /reference:C:\Users\NoahR\OneDrive\Desktop\Jarvis\tools\dotnet\packs\Microsoft.NETCore.App.Ref\8.0.8\ref\net8.0\System.Xml.Serialization.dll /reference:C:\Users\NoahR\OneDrive\Desktop\Jarvis\tools\dotnet\packs\Microsoft.NETCore.App.Ref\8.0.8\ref\net8.0\System.Xml.XDocument.dll /reference:C:\Users\NoahR\OneDrive\Desktop\Jarvis\tools\dotnet\packs\Microsoft.NETCore.App.Ref\8.0.8\ref\net8.0\System.Xml.XmlDocument.dll /reference:C:\Users\NoahR\OneDrive\Desktop\Jarvis\tools\dotnet\packs\Microsoft.NETCore.App.Ref\8.0.8\ref\net8.0\System.Xml.XmlSerializer.dll /reference:C:\Users\NoahR\OneDrive\Desktop\Jarvis\tools\dotnet\packs\Microsoft.NETCore.App.Ref\8.0.8\ref\net8.0\System.Xml.XPath.dll /reference:C:\Users\NoahR\OneDrive\Desktop\Jarvis\tools\dotnet\packs\Microsoft.NETCore.App.Ref\8.0.8\ref\net8.0\System.Xml.XPath.XDocument.dll /reference:C:\Users\NoahR\OneDrive\Desktop\Jarvis\tools\dotnet\packs\Microsoft.NETCore.App.Ref\8.0.8\ref\net8.0\WindowsBase.dll /debug- /debug:portable /filealign:512 /optimize+ /out:obj\Release\net8.0\Jarvis.Core.dll /refout:obj\Release\net8.0\refint\Jarvis.Core.dll /target:library /warnaserror- /utf8output /deterministic+ /langversion:12.0 /analyzerconfig:obj\Release\net8.0\Jarvis.Core.GeneratedMSBuildEditorConfig.editorconfig /analyzerconfig:C:\Users\NoahR\OneDrive\Desktop\Jarvis\tools\dotnet\sdk\8.0.400\Sdks\Microsoft.NET.Sdk\analyzers\build\config\analysislevel_8_default.globalconfig /analyzer:C:\Users\NoahR\OneDrive\Desktop\Jarvis\tools\dotnet\sdk\8.0.400\Sdks\Microsoft.NET.Sdk\targets\..\analyzers\Microsoft.CodeAnalysis.CSharp.NetAnalyzers.dll /analyzer:C:\Users\NoahR\OneDrive\Desktop\Jarvis\tools\dotnet\sdk\8.0.400\Sdks\Microsoft.NET.Sdk\targets\..\analyzers\Microsoft.CodeAnalysis.NetAnalyzers.dll /analyzer:C:\Users\NoahR\OneDrive\Desktop\Jarvis\tools\dotnet\packs\Microsoft.NETCore.App.Ref\8.0.8\analyzers/dotnet/cs/Microsoft.Interop.ComInterfaceGenerator.dll /analyzer:C:\Users\NoahR\OneDrive\Desktop\Jarvis\tools\dotnet\packs\Microsoft.NETCore.App.Ref\8.0.8\analyzers/dotnet/cs/Microsoft.Interop.JavaScript.JSImportGenerator.dll /analyzer:C:\Users\NoahR\OneDrive\Desktop\Jarvis\tools\dotnet\packs\Microsoft.NETCore.App.Ref\8.0.8\analyzers/dotnet/cs/Microsoft.Interop.LibraryImportGenerator.dll /analyzer:C:\Users\NoahR\OneDrive\Desktop\Jarvis\tools\dotnet\packs\Microsoft.NETCore.App.Ref\8.0.8\analyzers/dotnet/cs/Microsoft.Interop.SourceGeneration.dll /analyzer:C:\Users\NoahR\OneDrive\Desktop\Jarvis\tools\dotnet\packs\Microsoft.NETCore.App.Ref\8.0.8\analyzers/dotnet/cs/System.Text.Json.SourceGeneration.dll /analyzer:C:\Users\NoahR\OneDrive\Desktop\Jarvis\tools\dotnet\packs\Microsoft.NETCore.App.Ref\8.0.8\analyzers/dotnet/cs/System.Text.RegularExpressions.Generator.dll ActionSafety.cs AgentContracts.cs AgentStateStore.cs ApiKeyResolution.cs AssistantPersonaConfiguration.cs AssistantPlanner.cs AssistantPlanner.Formatting.cs AssistantPlanner.Intents.cs AssistantPlanner.ModelCalls.cs AssistantPlanner.ToolCalling.cs AssistantTurn.cs ConversationState.cs DesktopAutomation.cs JarvisAssistant.cs JarvisCommandCatalog.cs JarvisOptions.cs JsonLineTranscriptStore.cs JsonMemoryStore.cs LocalNetworkMonitoring.cs MemoryAutomation.cs MemoryModels.cs MemoryPolicies.cs MemorySemanticSearch.cs ModelGateway.cs Tools.cs UiControlTools.cs UiSafetyExtensions.cs UserStateProvider.cs VisualContext.cs WeatherService.cs WebResearchService.cs Win32UiAutomation.cs obj\Release\net8.0\Jarvis.Core.GlobalUsings.g.cs "obj\Release\net8.0\.NETCoreApp,Version=v8.0.AssemblyAttributes.cs" obj\Release\net8.0\Jarvis.Core.AssemblyInfo.cs /warnaserror+:NU1605,SYSLIB0011
         CompilerServer: tool - using command line tool by design 'C:\Users\NoahR\OneDrive\Desktop\Jarvis\tools\dotnet\dotnet.exe' - Jarvis.Core (net8.0)
         Microsoft (R) Visual C# Compiler version 4.11.0-3.24365.8 (9e9c7c1d)
         Copyright (C) Microsoft Corporation. All rights reserved.
         
       Done executing task "Csc".
       Task "CallTarget" skipped, due to false condition; ('$(TargetsTriggeredByCompilation)' != '') was evaluated as ('' != '').
     1>Done building target "CoreCompile" in project "Jarvis.Core.csproj".
       Target "_TouchLastBuildWithSkipAnalyzers" skipped, due to false condition; ('$(_SkipAnalyzers)' == 'true') was evaluated as ('' == 'true').
       Target "_TimeStampAfterCompile" skipped, due to false condition; ('$(RunPostBuildEvent)'=='OnOutputUpdated' or ('$(RegisterForComInterop)'=='true' and '$(OutputType)'=='library')) was evaluated as (''=='OnOutputUpdated' or (''=='true' and 'Library'=='library')).
     1>Target "AfterCompile" in file "C:\Users\NoahR\OneDrive\Desktop\Jarvis\tools\dotnet\sdk\8.0.400\Microsoft.Common.CurrentVersion.targets" from project "C:\Users\NoahR\OneDrive\Desktop\Jarvis\src\Jarvis.Core\Jarvis.Core.csproj" (target "Compile" depends on it):
     1>Done building target "AfterCompile" in project "Jarvis.Core.csproj".
       Target "_CreateAppHost" skipped, due to false condition; ('$(ComputeNETCoreBuildOutputFiles)' == 'true' and
                            '$(AppHostSourcePath)' != '' and
                            Exists('@(IntermediateAssembly)') and
                            Exists('$(AppHostSourcePath)')) was evaluated as ('true' == 'true' and
                            '' != '' and
                            Exists('obj\Release\net8.0\Jarvis.Core.dll') and
                            Exists('')).
       Target "_CreateComHost" skipped, due to false condition; ('$(ComputeNETCoreBuildOutputFiles)' == 'true' and
                            '$(ComHostIntermediatePath)' != '' and
                            Exists('@(IntermediateAssembly)') and
                            Exists('$(ComHostSourcePath)')) was evaluated as ('true' == 'true' and
                            '' != '' and
                            Exists('obj\Release\net8.0\Jarvis.Core.dll') and
                            Exists('')).
       Target "_GetIjwHostPaths" skipped, due to false condition; ('$(UseIJWHost)' == 'true') was evaluated as ('' == 'true').
     1>Target "Compile" in file "C:\Users\NoahR\OneDrive\Desktop\Jarvis\tools\dotnet\sdk\8.0.400\Microsoft.Common.CurrentVersion.targets" from project "C:\Users\NoahR\OneDrive\Desktop\Jarvis\src\Jarvis.Core\Jarvis.Core.csproj" (target "CoreBuild" depends on it):
     1>Done building target "Compile" in project "Jarvis.Core.csproj".
       Target "ExportWindowsMDFile" skipped, due to false condition; ('$(ExportWinMDFile)' == 'true') was evaluated as ('' == 'true').
       Target "UnmanagedUnregistration" skipped, due to false condition; ((('$(_AssemblyTimestampBeforeCompile)' != '$(_AssemblyTimestampAfterCompile)' or '$(RegisterForComInterop)' != 'true' or '$(OutputType)' != 'library') or
                           ('$(_AssemblyTimestampBeforeCompile)' == '')) and
                          Exists('@(_UnmanagedRegistrationCache)')) was evaluated as ((('' != '' or '' != 'true' or 'Library' != 'library') or
                           ('' == '')) and
                          Exists('obj\Jarvis.Core.csproj.UnmanagedRegistration.cache')).
       Target "GenerateSerializationAssemblies" skipped, due to false condition; ('$(_SGenGenerateSerializationAssembliesConfig)' == 'On' or ('@(WebReferenceUrl)'!='' and '$(_SGenGenerateSerializationAssembliesConfig)' == 'Auto')) was evaluated as ('Auto' == 'On' or (''!='' and 'Auto' == 'Auto')).
     1>Target "_GenerateSatelliteAssemblyInputs" in file "C:\Users\NoahR\OneDrive\Desktop\Jarvis\tools\dotnet\sdk\8.0.400\Microsoft.Common.CurrentVersion.targets" from project "C:\Users\NoahR\OneDrive\Desktop\Jarvis\src\Jarvis.Core\Jarvis.Core.csproj" (target "CreateSatelliteAssemblies" depends on it):
       Task "Warning" skipped, due to false condition; ('@(ManifestResourceWithCulture)'!='' and '%(ManifestResourceWithCulture.EmittedForCompatibilityOnly)'=='') was evaluated as (''!='' and ''=='').
       Task "Warning" skipped, due to false condition; ('@(ManifestNonResxWithCultureOnDisk)'!='' and '%(ManifestNonResxWithCultureOnDisk.EmittedForCompatibilityOnly)'=='') was evaluated as (''!='' and ''=='').
     1>Done building target "_GenerateSatelliteAssemblyInputs" in project "Jarvis.Core.csproj".
       Target "ComputeIntermediateSatelliteAssemblies" skipped, due to false condition; (@(EmbeddedResource->'%(WithCulture)') != '') was evaluated as ( != '').
       Target "GenerateSatelliteAssemblies" skipped, due to false condition; ('@(_SatelliteAssemblyResourceInputs)' != '' and '$(GenerateSatelliteAssembliesForCore)' != 'true') was evaluated as ('' != '' and 'true' != 'true').
       Target "CoreGenerateSatelliteAssemblies" skipped, due to false condition; ('@(_SatelliteAssemblyResourceInputs)' != ''  and '$(GenerateSatelliteAssembliesForCore)' == 'true' ) was evaluated as ('' != ''  and 'true' == 'true' ).
     1>Target "CreateSatelliteAssemblies" in file "C:\Users\NoahR\OneDrive\Desktop\Jarvis\tools\dotnet\sdk\8.0.400\Microsoft.Common.CurrentVersion.targets" from project "C:\Users\NoahR\OneDrive\Desktop\Jarvis\src\Jarvis.Core\Jarvis.Core.csproj" (target "CoreBuild" depends on it):
     1>Done building target "CreateSatelliteAssemblies" in project "Jarvis.Core.csproj".
       Target "GenerateManifests" skipped, due to false condition; ('$(GenerateClickOnceManifests)'=='true' or '@(NativeReference)'!='' or '@(ResolvedIsolatedComModules)'!='' or '$(GenerateAppxManifest)' == 'true') was evaluated as (''=='true' or ''!='' or ''!='' or '' == 'true').
     1>Target "GetTargetPathWithTargetPlatformMoniker" in file "C:\Users\NoahR\OneDrive\Desktop\Jarvis\tools\dotnet\sdk\8.0.400\Microsoft.Common.CurrentVersion.targets" from project "C:\Users\NoahR\OneDrive\Desktop\Jarvis\src\Jarvis.Core\Jarvis.Core.csproj" (target "GetTargetPath" depends on it):
     1>Done building target "GetTargetPathWithTargetPlatformMoniker" in project "Jarvis.Core.csproj".
     1>Target "GetTargetPath" in file "C:\Users\NoahR\OneDrive\Desktop\Jarvis\tools\dotnet\sdk\8.0.400\Microsoft.Common.CurrentVersion.targets" from project "C:\Users\NoahR\OneDrive\Desktop\Jarvis\src\Jarvis.Core\Jarvis.Core.csproj" (target "CoreBuild" depends on it):
     1>Done building target "GetTargetPath" in project "Jarvis.Core.csproj".
       Target "ComputeIntermediateSatelliteAssemblies" skipped, due to false condition; (@(EmbeddedResource->'%(WithCulture)') != '') was evaluated as ( != '').
       Target "_CopyFilesMarkedCopyLocal" skipped, due to false condition; ('@(ReferenceCopyLocalPaths)' != '') was evaluated as ('' != '').
       Target "AssignTargetPaths" skipped. Previously built successfully.
       Target "AssignProjectConfiguration" skipped, due to false condition; ('$(CurrentSolutionConfigurationContents)' != '' or '@(ProjectReference)'!='') was evaluated as ('' != '' or ''!='').
       Target "_SplitProjectReferencesByFileExistence" skipped. Previously built successfully.
       Target "_GetProjectReferenceTargetFrameworkProperties" skipped. Previously built successfully.
     1>Target "_PopulateCommonStateForGetCopyToOutputDirectoryItems" in file "C:\Users\NoahR\OneDrive\Desktop\Jarvis\tools\dotnet\sdk\8.0.400\Microsoft.Common.CurrentVersion.targets" from project "C:\Users\NoahR\OneDrive\Desktop\Jarvis\src\Jarvis.Core\Jarvis.Core.csproj" (target "GetCopyToOutputDirectoryItems" depends on it):
     1>Done building target "_PopulateCommonStateForGetCopyToOutputDirectoryItems" in project "Jarvis.Core.csproj".
       Target "AddDepsJsonAndRuntimeConfigToCopyItemsForReferencingProjects" skipped, due to false condition; ('$(HasRuntimeOutput)' == 'true') was evaluated as ('' == 'true').
     1>Target "GetCopyToOutputDirectoryItems" in file "C:\Users\NoahR\OneDrive\Desktop\Jarvis\tools\dotnet\sdk\8.0.400\Microsoft.Common.CurrentVersion.targets" from project "C:\Users\NoahR\OneDrive\Desktop\Jarvis\src\Jarvis.Core\Jarvis.Core.csproj" (target "_CopySourceItemsToOutputDirectory" depends on it):
       Using "CallTarget" task from assembly "Microsoft.Build.Tasks.Core, Version=15.1.0.0, Culture=neutral, PublicKeyToken=b03f5f7f11d50a3a".
       Task "CallTarget"
       Target "_PopulateCommonStateForGetCopyToOutputDirectoryItems" skipped. Previously built successfully.
       Target "_AddOutputPathToGlobalPropertiesToRemove" skipped. Previously built successfully.
     1>Target "_GetCopyToOutputDirectoryItemsFromTransitiveProjectReferences" in file "C:\Users\NoahR\OneDrive\Desktop\Jarvis\tools\dotnet\sdk\8.0.400\Microsoft.Common.CurrentVersion.targets" from project "C:\Users\NoahR\OneDrive\Desktop\Jarvis\src\Jarvis.Core\Jarvis.Core.csproj" (target "GetCopyToOutputDirectoryItems" depends on it):
       Task "MSBuild" skipped, due to false condition; ('@(_MSBuildProjectReferenceExistent)' != '' and '$(_GetChildProjectCopyToOutputDirectoryItems)' == 'true' and '%(_MSBuildProjectReferenceExistent.Private)' != 'false' and '$(UseCommonOutputDirectory)' != 'true') was evaluated as ('' != '' and 'true' == 'true' and '' != 'false' and 'false' != 'true').
       Task "AssignTargetPath"
       Done executing task "AssignTargetPath".
     1>Done building target "_GetCopyToOutputDirectoryItemsFromTransitiveProjectReferences" in project "Jarvis.Core.csproj".
       Done executing task "CallTarget".
       Task "CallTarget"
       Target "AssignTargetPaths" skipped. Previously built successfully.
       Target "_PopulateCommonStateForGetCopyToOutputDirectoryItems" skipped. Previously built successfully.
       Target "AddDepsJsonAndRuntimeConfigToCopyItemsForReferencingProjects" skipped, due to false condition; ('$(HasRuntimeOutput)' == 'true') was evaluated as ('' == 'true').
     1>Target "_GetCopyToOutputDirectoryItemsFromThisProject" in file "C:\Users\NoahR\OneDrive\Desktop\Jarvis\tools\dotnet\sdk\8.0.400\Microsoft.Common.CurrentVersion.targets" from project "C:\Users\NoahR\OneDrive\Desktop\Jarvis\src\Jarvis.Core\Jarvis.Core.csproj" (target "GetCopyToOutputDirectoryItems" depends on it):
       Task "AssignTargetPath"
       Done executing task "AssignTargetPath".
     1>Done building target "_GetCopyToOutputDirectoryItemsFromThisProject" in project "Jarvis.Core.csproj".
       Done executing task "CallTarget".
     1>Done building target "GetCopyToOutputDirectoryItems" in project "Jarvis.Core.csproj".
       Target "_CopyOutOfDateSourceItemsToOutputDirectory" skipped, due to false condition; ( '@(_SourceItemsToCopyToOutputDirectory)' != '' ) was evaluated as ( '' != '' ).
       Target "_CopyOutOfDateSourceItemsToOutputDirectoryAlways" skipped, due to false condition; ( '@(_SourceItemsToCopyToOutputDirectoryAlways)' != '' ) was evaluated as ( '' != '' ).
     1>Target "_CopySourceItemsToOutputDirectory" in file "C:\Users\NoahR\OneDrive\Desktop\Jarvis\tools\dotnet\sdk\8.0.400\Microsoft.Common.CurrentVersion.targets" from project "C:\Users\NoahR\OneDrive\Desktop\Jarvis\src\Jarvis.Core\Jarvis.Core.csproj" (target "CopyFilesToOutputDirectory" depends on it):
     1>Done building target "_CopySourceItemsToOutputDirectory" in project "Jarvis.Core.csproj".
       Target "_CopyAppConfigFile" skipped, due to false condition; ( '@(AppConfigWithTargetPath)' != '' ) was evaluated as ( '' != '' ).
       Target "_CopyManifestFiles" skipped, due to false condition; ( '$(_DeploymentCopyApplicationManifest)'=='true' or '$(GenerateClickOnceManifests)'=='true' ) was evaluated as ( ''=='true' or ''=='true' ).
     1>Target "_CheckForCompileOutputs" in file "C:\Users\NoahR\OneDrive\Desktop\Jarvis\tools\dotnet\sdk\8.0.400\Microsoft.Common.CurrentVersion.targets" from project "C:\Users\NoahR\OneDrive\Desktop\Jarvis\src\Jarvis.Core\Jarvis.Core.csproj" (target "CopyFilesToOutputDirectory" depends on it):
     1>Done building target "_CheckForCompileOutputs" in project "Jarvis.Core.csproj".
       Target "_SGenCheckForOutputs" skipped, due to false condition; ('$(_SGenGenerateSerializationAssembliesConfig)' == 'On' or ('@(WebReferenceUrl)'!='' and '$(_SGenGenerateSerializationAssembliesConfig)' == 'Auto')) was evaluated as ('Auto' == 'On' or (''!='' and 'Auto' == 'Auto')).
       Target "_DefaultMicrosoftNETPlatformLibrary" skipped. Previously built successfully.
       Target "_HandlePackageFileConflicts" skipped. Previously built successfully.
       Target "ResolveAssemblyReferences" skipped. Previously built successfully.
     1>Target "_ComputeReferenceAssemblies" in file "C:\Users\NoahR\OneDrive\Desktop\Jarvis\tools\dotnet\sdk\8.0.400\Sdks\Microsoft.NET.Sdk\targets\Microsoft.NET.Sdk.targets" from project "C:\Users\NoahR\OneDrive\Desktop\Jarvis\src\Jarvis.Core\Jarvis.Core.csproj" (target "GenerateBuildDependencyFile" depends on it):
     1>Done building target "_ComputeReferenceAssemblies" in project "Jarvis.Core.csproj".
     1>Target "_ComputeUserRuntimeAssemblies" in file "C:\Users\NoahR\OneDrive\Desktop\Jarvis\tools\dotnet\sdk\8.0.400\Sdks\Microsoft.NET.Sdk\targets\Microsoft.NET.Sdk.targets" from project "C:\Users\NoahR\OneDrive\Desktop\Jarvis\src\Jarvis.Core\Jarvis.Core.csproj" (target "GenerateBuildDependencyFile" depends on it):
     1>Done building target "_ComputeUserRuntimeAssemblies" in project "Jarvis.Core.csproj".
       Target "ResolveRuntimePackAssets" skipped, due to false condition; ('@(RuntimePack)' != '') was evaluated as ('' != '').
       Target "_ComputePackageReferencePublish" skipped. Previously built successfully.
       Target "ComputeDependencyFileCompilerOptions" skipped, due to false condition; ('$(PreserveCompilationContext)' == 'true') was evaluated as ('' == 'true').
     1>Target "GenerateBuildDependencyFile" in file "C:\Users\NoahR\OneDrive\Desktop\Jarvis\tools\dotnet\sdk\8.0.400\Sdks\Microsoft.NET.Sdk\targets\Microsoft.NET.Sdk.targets" from project "C:\Users\NoahR\OneDrive\Desktop\Jarvis\src\Jarvis.Core\Jarvis.Core.csproj" (target "CopyFilesToOutputDirectory" depends on it):
       Skipping target "GenerateBuildDependencyFile" because all output files are up-to-date with respect to the input files.
       Input files: 
           C:\Users\NoahR\OneDrive\Desktop\Jarvis\src\Jarvis.Core\obj\project.assets.json
           C:\Users\NoahR\OneDrive\Desktop\Jarvis\src\Jarvis.Core\obj\Release\net8.0\Jarvis.Core.assets.cache
           C:\Users\NoahR\OneDrive\Desktop\Jarvis\src\Jarvis.Core\obj\Jarvis.Core.csproj.nuget.g.props
           C:\Users\NoahR\OneDrive\Desktop\Jarvis\tools\dotnet\sdk\8.0.400\Current\Microsoft.Common.targets\ImportAfter\Microsoft.TestPlatform.ImportAfter.targets
       Output files: C:\Users\NoahR\OneDrive\Desktop\Jarvis\src\Jarvis.Core\bin\Release\net8.0\Jarvis.Core.deps.json
     1>Done building target "GenerateBuildDependencyFile" in project "Jarvis.Core.csproj".
       Target "GenerateBuildRuntimeConfigurationFiles" skipped, due to false condition; ( '$(GenerateRuntimeConfigurationFiles)' == 'true') was evaluated as ( '' == 'true').
       Target "GenerateShimsAssets" skipped, due to false condition; ('$(PackAsTool)' == 'true' and $(PackAsToolShimRuntimeIdentifiers) != '' ) was evaluated as ('' == 'true' and  != '' ).
     1>Target "CopyFilesToOutputDirectory" in file "C:\Users\NoahR\OneDrive\Desktop\Jarvis\tools\dotnet\sdk\8.0.400\Microsoft.Common.CurrentVersion.targets" from project "C:\Users\NoahR\OneDrive\Desktop\Jarvis\src\Jarvis.Core\Jarvis.Core.csproj" (target "PrepareForRun" depends on it):
       Using "Copy" task from assembly "Microsoft.Build.Tasks.Core, Version=15.1.0.0, Culture=neutral, PublicKeyToken=b03f5f7f11d50a3a".
       Task "Copy"
         Copying file from "C:\Users\NoahR\OneDrive\Desktop\Jarvis\src\Jarvis.Core\obj\Release\net8.0\Jarvis.Core.dll" to "C:\Users\NoahR\OneDrive\Desktop\Jarvis\src\Jarvis.Core\bin\Release\net8.0\Jarvis.Core.dll".
       Done executing task "Copy".
       Using "CopyRefAssembly" task from assembly "C:\Users\NoahR\OneDrive\Desktop\Jarvis\tools\dotnet\sdk\8.0.400\Roslyn\Microsoft.Build.Tasks.CodeAnalysis.dll".
       Task "CopyRefAssembly"
         Source reference assembly "obj\Release\net8.0\refint\Jarvis.Core.dll" (timestamp "2026-04-17T03:38:28.1199886Z", MVID "fa61527e-8190-4edf-97d2-070779a3b66f") differs from destination "C:\Users\NoahR\OneDrive\Desktop\Jarvis\src\Jarvis.Core\obj\Release\net8.0\ref\Jarvis.Core.dll" (timestamp "2026-04-16T16:55:57.1955739Z", MVID "dc97fac5-ec69-442d-93ec-56a317dc81c1").
         Copying reference assembly from "obj\Release\net8.0\refint\Jarvis.Core.dll" to "C:\Users\NoahR\OneDrive\Desktop\Jarvis\src\Jarvis.Core\obj\Release\net8.0\ref\Jarvis.Core.dll".
       Done executing task "CopyRefAssembly".
       Task "Message"
         Jarvis.Core -> C:\Users\NoahR\OneDrive\Desktop\Jarvis\src\Jarvis.Core\bin\Release\net8.0\Jarvis.Core.dll
       Done executing task "Message".
       Task "Copy" skipped, due to false condition; ('@(AddModules)' != '') was evaluated as ('' != '').
       Task "Copy" skipped, due to false condition; ('$(_SGenDllCreated)'=='true') was evaluated as ('false'=='true').
       Task "Copy"
         Copying file from "C:\Users\NoahR\OneDrive\Desktop\Jarvis\src\Jarvis.Core\obj\Release\net8.0\Jarvis.Core.pdb" to "C:\Users\NoahR\OneDrive\Desktop\Jarvis\src\Jarvis.Core\bin\Release\net8.0\Jarvis.Core.pdb".
       Done executing task "Copy".
       Task "Copy" skipped, due to false condition; ('$(_DocumentationFileProduced)'=='true' and '$(CopyDocumentationFileToOutputDirectory)'=='true') was evaluated as ('false'=='true' and 'true'=='true').
       Task "Copy" skipped, due to false condition; ('@(IntermediateSatelliteAssembliesWithTargetPath)' != '') was evaluated as ('' != '').
       Task "Copy" skipped, due to false condition; ('@(ReferenceComWrappersToCopyLocal)' != '' or '@(ResolvedIsolatedComModules)' != '' or '@(_DeploymentLooseManifestFile)' != '' or '@(NativeReferenceFile)' != '' ) was evaluated as ('' != '' or '' != '' or '' != '' or '' != '' ).
       Task "Copy" skipped, due to false condition; ('$(SkipCopyWinMDArtifact)' != 'true' and '@(WinMDExpArtifacts)' != '') was evaluated as ('' != 'true' and '' != '').
       Task "Message" skipped, due to false condition; ('$(SkipCopyWinMDArtifact)' != 'true' and '$(_WindowsMetadataOutputPath)' != '') was evaluated as ('' != 'true' and '' != '').
     1>Done building target "CopyFilesToOutputDirectory" in project "Jarvis.Core.csproj".
       Target "_CopyReferenceOnlyAssembliesForBuild" skipped, due to false condition; ('$(PreserveCompilationReferences)' == 'true') was evaluated as ('' == 'true').
     1>Target "PrepareForRun" in file "C:\Users\NoahR\OneDrive\Desktop\Jarvis\tools\dotnet\sdk\8.0.400\Microsoft.Common.CurrentVersion.targets" from project "C:\Users\NoahR\OneDrive\Desktop\Jarvis\src\Jarvis.Core\Jarvis.Core.csproj" (target "CoreBuild" depends on it):
     1>Done building target "PrepareForRun" in project "Jarvis.Core.csproj".
       Target "UnmanagedRegistration" skipped, due to false condition; ('$(RegisterForComInterop)'=='true' and '$(OutputType)'=='library') was evaluated as (''=='true' and 'Library'=='library').
       Target "_CheckForCompileOutputs" skipped. Previously built successfully.
       Target "_SGenCheckForOutputs" skipped, due to false condition; ('$(_SGenGenerateSerializationAssembliesConfig)' == 'On' or ('@(WebReferenceUrl)'!='' and '$(_SGenGenerateSerializationAssembliesConfig)' == 'Auto')) was evaluated as ('Auto' == 'On' or (''!='' and 'Auto' == 'Auto')).
     1>Target "_CleanGetCurrentAndPriorFileWrites" in file "C:\Users\NoahR\OneDrive\Desktop\Jarvis\tools\dotnet\sdk\8.0.400\Microsoft.Common.CurrentVersion.targets" from project "C:\Users\NoahR\OneDrive\Desktop\Jarvis\src\Jarvis.Core\Jarvis.Core.csproj" (target "IncrementalClean" depends on it):
       Using "ReadLinesFromFile" task from assembly "Microsoft.Build.Tasks.Core, Version=15.1.0.0, Culture=neutral, PublicKeyToken=b03f5f7f11d50a3a".
       Task "ReadLinesFromFile"
       Done executing task "ReadLinesFromFile".
       Using "ConvertToAbsolutePath" task from assembly "Microsoft.Build.Tasks.Core, Version=15.1.0.0, Culture=neutral, PublicKeyToken=b03f5f7f11d50a3a".
       Task "ConvertToAbsolutePath"
       Done executing task "ConvertToAbsolutePath".
       Using "FindUnderPath" task from assembly "Microsoft.Build.Tasks.Core, Version=15.1.0.0, Culture=neutral, PublicKeyToken=b03f5f7f11d50a3a".
       Task "FindUnderPath"
         Comparison path is "C:\Users\NoahR\OneDrive\Desktop\Jarvis\src\Jarvis.Core".
       Done executing task "FindUnderPath".
       Task "FindUnderPath"
         Comparison path is "bin\Release\net8.0\".
       Done executing task "FindUnderPath".
       Task "FindUnderPath"
         Comparison path is "obj\Release\net8.0\".
       Done executing task "FindUnderPath".
       Using "RemoveDuplicates" task from assembly "Microsoft.Build.Tasks.Core, Version=15.1.0.0, Culture=neutral, PublicKeyToken=b03f5f7f11d50a3a".
       Task "RemoveDuplicates"
       Done executing task "RemoveDuplicates".
     1>Done building target "_CleanGetCurrentAndPriorFileWrites" in project "Jarvis.Core.csproj".
     1>Target "IncrementalClean" in file "C:\Users\NoahR\OneDrive\Desktop\Jarvis\tools\dotnet\sdk\8.0.400\Microsoft.Common.CurrentVersion.targets" from project "C:\Users\NoahR\OneDrive\Desktop\Jarvis\src\Jarvis.Core\Jarvis.Core.csproj" (target "CoreBuild" depends on it):
       Task "FindUnderPath"
         Comparison path is "bin\Release\net8.0\".
       Done executing task "FindUnderPath".
       Task "FindUnderPath"
         Comparison path is "obj\Release\net8.0\".
       Done executing task "FindUnderPath".
       Using "Delete" task from assembly "Microsoft.Build.Tasks.Core, Version=15.1.0.0, Culture=neutral, PublicKeyToken=b03f5f7f11d50a3a".
       Task "Delete"
       Done executing task "Delete".
       Task "RemoveDuplicates"
       Done executing task "RemoveDuplicates".
       Task "WriteLinesToFile" skipped, due to false condition; ('@(_CleanUnfilteredPriorFileWrites)'!='@(_CleanUniqueRemainingFileWritesAfterIncrementalClean)') was evaluated as ('C:\Users\NoahR\OneDrive\Desktop\Jarvis\src\Jarvis.Core\bin\Release\net8.0\Jarvis.Core.deps.json;C:\Users\NoahR\OneDrive\Desktop\Jarvis\src\Jarvis.Core\bin\Release\net8.0\Jarvis.Core.dll;C:\Users\NoahR\OneDrive\Desktop\Jarvis\src\Jarvis.Core\bin\Release\net8.0\Jarvis.Core.pdb;...'!='C:\Users\NoahR\OneDrive\Desktop\Jarvis\src\Jarvis.Core\bin\Release\net8.0\Jarvis.Core.deps.json;C:\Users\NoahR\OneDrive\Desktop\Jarvis\src\Jarvis.Core\bin\Release\net8.0\Jarvis.Core.dll;C:\Users\NoahR\OneDrive\Desktop\Jarvis\src\Jarvis.Core\bin\Release\net8.0\Jarvis.Core.pdb;...').
     1>Done building target "IncrementalClean" in project "Jarvis.Core.csproj".
       Target "PostBuildEvent" skipped, due to false condition; ('$(PostBuildEvent)' != '' and ('$(RunPostBuildEvent)' != 'OnOutputUpdated' or '$(_AssemblyTimestampBeforeCompile)' != '$(_AssemblyTimestampAfterCompile)')) was evaluated as ('' != '' and ('' != 'OnOutputUpdated' or '' != '')).
       Target "GenerateBuildDependencyFile" skipped. Previously built successfully.
       Target "GenerateBuildRuntimeConfigurationFiles" skipped, due to false condition; ( '$(GenerateRuntimeConfigurationFiles)' == 'true') was evaluated as ( '' == 'true').
     1>Target "CoreBuild" in file "C:\Users\NoahR\OneDrive\Desktop\Jarvis\tools\dotnet\sdk\8.0.400\Microsoft.Common.CurrentVersion.targets" from project "C:\Users\NoahR\OneDrive\Desktop\Jarvis\src\Jarvis.Core\Jarvis.Core.csproj" (target "Build" depends on it):
     1>Done building target "CoreBuild" in project "Jarvis.Core.csproj".
     1>Target "AfterBuild" in file "C:\Users\NoahR\OneDrive\Desktop\Jarvis\tools\dotnet\sdk\8.0.400\Microsoft.Common.CurrentVersion.targets" from project "C:\Users\NoahR\OneDrive\Desktop\Jarvis\src\Jarvis.Core\Jarvis.Core.csproj" (target "Build" depends on it):
     1>Done building target "AfterBuild" in project "Jarvis.Core.csproj".
       Target "_CheckBrowserWorkloadNeededButNotAvailable" skipped, due to false condition; ('$(RuntimeIdentifier)' == 'browser-wasm' and '$(_BrowserWorkloadDisabled)' != 'true' and '$(WasmNativeWorkloadAvailable)' != 'true') was evaluated as ('' == 'browser-wasm' and '' != 'true' and '' != 'true').
       Target "_ErrorWorkloadDisabledForTFMLessThan6" skipped, due to false condition; ('$(_BrowserWorkloadNotSupportedForTFM)' == 'true') was evaluated as ('' == 'true').
       Target "_ErrorDualWasmThreadPropsOn7" skipped, due to false condition; ('$(TargetsNet7)' == 'true' and '$(RuntimeIdentifier)' == 'browser-wasm' and
           '$(BrowserWorkloadDisabled)' != 'true' and '$(WasmEnableThreads)' == 'true' and '$(WasmEnablePerfTrace)' == 'true') was evaluated as ('' == 'true' and '' == 'browser-wasm' and
           '' != 'true' and '' == 'true' and '' == 'true').
       Target "_CheckForInvalidConfigurationAndPlatform" skipped. Previously built successfully.
       Target "_CheckForInvalidConfigurationAndPlatform" skipped. Previously built successfully.
     1>Target "Build" in file "C:\Users\NoahR\OneDrive\Desktop\Jarvis\tools\dotnet\sdk\8.0.400\Microsoft.Common.CurrentVersion.targets" from project "C:\Users\NoahR\OneDrive\Desktop\Jarvis\src\Jarvis.Core\Jarvis.Core.csproj" (entry point):
     1>Done building target "Build" in project "Jarvis.Core.csproj".
       Target "_PackAsBuildAfterTarget" skipped, due to false condition; ('$(GeneratePackageOnBuild)' == 'true' AND '$(IsInnerBuild)' != 'true') was evaluated as ('false' == 'true' AND '' != 'true').
     1>Target "_CheckContainersPackage" in file "C:\Users\NoahR\OneDrive\Desktop\Jarvis\tools\dotnet\sdk\8.0.400\Containers\build\Microsoft.NET.Build.Containers.targets" from project "C:\Users\NoahR\OneDrive\Desktop\Jarvis\src\Jarvis.Core\Jarvis.Core.csproj" (entry point):
       Task "Warning" skipped, due to false condition; ($(_ContainerPackageIsPresent)
               and (
                 ($(_SdkCanPublishWeb) and $(_IsWebProject)) or
                 ($(_SdkCanPublishWorker) and $(_IsWorkerProject)) or
                 ($(_SdkCanPublishConsole) and '$(EnableSdkContainerSupport)' == 'true')
               )) was evaluated as (false
               and (
                 (True and false) or
                 (True and false) or
                 (True and '' == 'true')
               )).
     1>Done building target "_CheckContainersPackage" in project "Jarvis.Core.csproj".
     1>Done Building Project "C:\Users\NoahR\OneDrive\Desktop\Jarvis\src\Jarvis.Core\Jarvis.Core.csproj" (default targets).

Build succeeded.
    0 Warning(s)
    0 Error(s)

Time Elapsed 00:00:03.11
